filename,age_pred,gender_pred
00001.png,45.9,Male
00004.png,26.1,Male
00007.png,7.5,Male
00011.png,51.6,Male
00012.png,29.9,Male
00017.png,37.2,Male
00022.png,34.7,Male
00024.png,48.5,Male
00025.png,30.0,Male
00027.png,48.7,Male
00032.png,46.7,Male
00035.png,28.8,Male
00037.png,35.9,Male
00044.png,52.2,Male
00046.png,38.8,Male
00053.png,15.2,Male
00055.png,18.6,Male
00060.png,46.2,Male
00064.png,20.2,Male
00069.png,42.0,Male
00070.png,6.7,Male
00071.png,7.9,Male
00074.png,42.9,Male
00075.png,46.5,Male
00078.png,48.4,Male
00082.png,52.4,Male
00084.png,70.0,Male
00085.png,16.5,Male
00088.png,73.6,Male
00089.png,15.5,Male
00094.png,30.1,Male
00100.png,34.9,Male
00107.png,42.7,Male
00110.png,22.0,Male
00113.png,32.3,Male
00125.png,61.4,Male
00128.png,20.7,Male
00131.png,27.1,Male
00134.png,19.3,Male
00142.png,65.8,Male
00143.png,47.6,Male
00147.png,41.9,Male
00150.png,44.8,Male
00156.png,32.7,Male
00157.png,43.2,Male
00158.png,25.6,Male
00159.png,15.5,Male
00160.png,42.2,Male
00162.png,27.1,Male
00167.png,43.9,Male
00178.png,8.3,Male
00183.png,52.9,Male
00186.png,23.7,Male
00190.png,65.3,Male
00191.png,2.1,Male
00193.png,19.5,Male
00195.png,31.8,Male
00197.png,40.4,Male
00205.png,39.1,Male
00206.png,69.4,Male
00207.png,46.5,Male
00208.png,25.5,Male
00220.png,11.2,Male
00221.png,29.7,Male
00226.png,2.3,Male
00235.png,31.3,Male
00250.png,33.1,Male
00255.png,43.6,Male
00256.png,58.6,Male
00259.png,69.7,Male
00261.png,47.6,Male
00268.png,24.9,Male
00273.png,33.0,Male
00276.png,58.0,Male
00279.png,32.4,Male
00282.png,32.1,Male
00285.png,3.2,Male
00286.png,8.5,Male
00287.png,21.4,Male
00292.png,23.1,Male
00294.png,53.2,Male
00295.png,39.1,Male
00303.png,40.7,Male
00317.png,57.6,Male
00320.png,28.2,Male
00324.png,57.0,Male
00326.png,55.3,Male
00330.png,22.5,Male
00336.png,43.7,Male
00347.png,37.7,Male
00350.png,21.7,Male
00352.png,59.6,Male
00358.png,39.4,Male
00363.png,30.8,Male
00364.png,5.3,Male
00365.png,34.2,Male
00366.png,5.1,Male
00369.png,14.8,Male
00371.png,45.0,Male
00373.png,34.7,Male
00375.png,12.8,Male
00378.png,49.0,Male
00393.png,23.2,Male
00395.png,59.7,Male
00396.png,49.9,Male
00400.png,22.9,Male
00402.png,2.6,Male
00403.png,25.8,Male
00404.png,38.9,Male
00407.png,21.6,Male
00410.png,8.7,Male
00411.png,6.9,Male
00415.png,42.8,Male
00419.png,44.0,Male
00421.png,22.4,Male
00422.png,35.2,Male
00425.png,41.8,Male
00428.png,33.3,Male
00433.png,37.8,Male
00435.png,64.7,Male
00436.png,24.8,Male
00437.png,35.8,Male
00440.png,10.9,Male
00441.png,31.8,Male
00446.png,26.0,Male
00448.png,43.5,Male
00452.png,45.2,Male
00453.png,66.9,Male
00455.png,43.7,Male
00459.png,43.9,Male
00463.png,5.2,Male
00464.png,53.1,Male
00471.png,13.3,Male
00478.png,33.4,Male
00481.png,29.1,Male
00484.png,52.8,Male
00485.png,26.6,Male
00487.png,37.1,Male
00495.png,17.8,Male
00497.png,4.9,Male
00500.png,54.4,Male
00503.png,50.5,Male
00504.png,44.1,Male
00525.png,70.6,Male
00529.png,65.5,Male
00535.png,27.2,Male
00538.png,57.3,Male
00540.png,24.1,Male
00544.png,25.1,Male
00547.png,3.4,Male
00549.png,48.8,Male
00560.png,7.4,Male
00561.png,60.2,Male
00562.png,54.0,Male
00565.png,36.0,Male
00567.png,62.6,Male
00568.png,54.3,Male
00572.png,23.3,Male
00578.png,22.5,Male
00579.png,30.5,Male
00583.png,5.6,Male
00591.png,34.9,Male
00599.png,39.8,Male
00603.png,46.6,Male
00609.png,46.0,Male
00610.png,6.1,Male
00611.png,12.1,Male
00614.png,26.5,Male
00617.png,6.4,Male
00621.png,39.0,Male
00632.png,55.2,Male
00633.png,54.7,Male
00643.png,30.0,Male
00647.png,9.5,Male
00648.png,49.0,Male
00649.png,32.9,Male
00651.png,22.2,Male
00657.png,38.4,Male
00659.png,34.3,Male
00662.png,45.7,Male
00665.png,2.9,Male
00667.png,59.1,Male
00673.png,67.1,Male
00675.png,50.6,Male
00676.png,57.3,Male
00679.png,43.8,Male
00680.png,60.3,Male
00683.png,57.8,Male
00686.png,25.9,Male
00688.png,19.2,Male
00692.png,46.4,Male
00693.png,60.3,Male
00697.png,4.8,Male
00698.png,38.1,Male
00702.png,51.6,Male
00705.png,36.9,Male
00716.png,53.2,Male
00726.png,13.8,Male
00730.png,24.8,Male
00731.png,54.3,Male
00734.png,23.6,Male
00735.png,9.3,Male
00736.png,23.3,Male
00739.png,18.0,Male
00743.png,30.0,Male
00746.png,12.9,Male
00749.png,51.6,Male
00753.png,10.2,Male
00758.png,38.6,Male
00760.png,46.1,Male
00761.png,28.4,Male
00766.png,63.7,Male
00769.png,56.4,Male
00772.png,46.2,Male
00773.png,17.7,Male
00778.png,5.8,Male
00780.png,60.7,Male
00783.png,23.1,Male
00789.png,66.9,Male
00792.png,6.7,Male
00796.png,62.8,Male
00800.png,36.6,Male
00802.png,44.1,Male
00803.png,24.1,Male
00818.png,16.4,Male
00820.png,25.5,Male
00822.png,22.2,Male
00824.png,24.5,Male
00827.png,6.7,Male
00832.png,50.8,Male
00833.png,39.0,Male
00834.png,3.9,Male
00835.png,15.8,Male
00836.png,33.7,Male
00841.png,19.8,Male
00845.png,46.5,Male
00851.png,9.0,Male
00853.png,39.3,Male
00854.png,40.7,Male
00859.png,51.9,Male
00860.png,58.7,Male
00861.png,6.4,Male
00863.png,1.6,Male
00864.png,4.7,Male
00866.png,16.5,Male
00867.png,59.4,Male
00868.png,25.6,Male
00873.png,48.1,Male
00881.png,2.4,Male
00887.png,12.5,Male
00888.png,33.2,Male
00895.png,11.8,Male
00897.png,33.4,Male
00902.png,49.8,Male
00905.png,50.9,Male
00906.png,69.0,Male
00911.png,51.9,Male
00914.png,33.5,Male
00915.png,11.6,Male
00918.png,29.7,Male
00923.png,17.9,Male
00928.png,41.7,Male
00932.png,17.4,Male
00935.png,42.0,Male
00937.png,58.9,Male
00942.png,37.7,Male
00946.png,58.0,Male
00947.png,3.1,Male
00949.png,29.8,Male
00951.png,38.9,Male
00955.png,31.5,Male
00959.png,4.2,Male
00960.png,59.5,Male
00963.png,40.0,Male
00971.png,15.5,Male
00973.png,37.4,Male
00974.png,5.3,Male
00975.png,35.2,Male
00993.png,27.7,Male
00996.png,59.5,Male
00999.png,17.5,Male
01006.png,5.6,Male
01007.png,35.3,Male
01013.png,3.0,Male
01020.png,13.2,Male
01025.png,60.7,Male
01030.png,23.0,Male
01031.png,47.1,Male
01032.png,7.9,Male
01035.png,67.5,Male
01037.png,26.9,Male
01038.png,58.7,Male
01041.png,57.2,Male
01042.png,56.5,Male
01044.png,26.7,Male
01045.png,27.1,Male
01050.png,46.1,Male
01052.png,30.8,Male
01055.png,53.8,Male
01056.png,31.5,Male
01059.png,42.3,Male
01061.png,39.6,Male
01063.png,2.5,Male
01064.png,45.0,Male
01071.png,18.8,Male
01075.png,23.5,Male
01084.png,58.1,Male
01090.png,40.1,Male
01092.png,38.3,Male
01096.png,48.5,Male
01098.png,44.9,Male
01103.png,49.8,Male
01104.png,55.7,Male
01105.png,37.4,Male
01109.png,56.9,Male
01110.png,23.9,Male
01111.png,53.6,Male
01112.png,3.0,Male
01118.png,18.0,Male
01119.png,3.4,Male
01130.png,45.8,Male
01136.png,61.6,Male
01145.png,41.1,Male
01146.png,32.5,Male
01153.png,9.4,Male
01157.png,39.9,Male
01160.png,7.9,Male
01161.png,69.4,Male
01162.png,10.8,Male
01166.png,17.3,Male
01167.png,30.2,Male
01170.png,25.2,Male
01173.png,14.0,Male
01183.png,30.6,Male
01191.png,33.0,Male
01195.png,35.3,Male
01197.png,14.0,Male
01198.png,28.8,Male
01200.png,36.1,Male
01204.png,38.8,Male
01209.png,27.4,Male
01213.png,22.3,Male
01214.png,4.5,Male
01215.png,55.0,Male
01217.png,35.9,Male
01219.png,39.3,Male
01220.png,26.8,Male
01221.png,25.8,Male
01227.png,28.7,Male
01231.png,44.2,Male
01235.png,75.4,Male
01238.png,55.0,Male
01244.png,41.3,Male
01246.png,60.6,Male
01255.png,25.7,Male
01256.png,49.5,Male
01257.png,36.4,Male
01258.png,5.2,Male
01262.png,34.5,Male
01263.png,41.7,Male
01264.png,14.5,Male
01267.png,54.7,Male
01268.png,12.9,Male
01274.png,62.4,Male
01275.png,20.3,Male
01276.png,45.1,Male
01287.png,49.0,Male
01290.png,53.4,Male
01291.png,23.1,Male
01292.png,27.4,Male
01294.png,17.4,Male
01296.png,34.7,Male
01299.png,63.1,Male
01301.png,24.4,Male
01303.png,53.1,Male
01305.png,32.6,Male
01307.png,50.0,Male
01317.png,29.2,Male
01329.png,8.0,Male
01330.png,55.6,Male
01331.png,50.0,Male
01337.png,3.2,Male
01339.png,16.4,Male
01340.png,66.5,Male
01346.png,20.0,Male
01348.png,38.5,Male
01349.png,29.7,Male
01352.png,22.4,Male
01353.png,60.5,Male
01362.png,45.4,Male
01364.png,26.2,Male
01367.png,29.1,Male
01368.png,5.7,Male
01374.png,61.2,Male
01382.png,33.9,Male
01383.png,56.8,Male
01385.png,32.7,Male
01386.png,9.0,Male
01388.png,41.4,Male
01390.png,22.8,Male
01394.png,53.9,Male
01398.png,21.5,Male
01399.png,60.8,Male
01401.png,58.0,Male
01403.png,22.8,Male
01407.png,15.8,Male
01411.png,62.4,Male
01412.png,42.8,Male
01413.png,29.0,Male
01424.png,29.9,Male
01428.png,14.1,Male
01430.png,33.4,Male
01435.png,7.8,Male
01438.png,60.5,Male
01444.png,36.4,Male
01447.png,55.5,Male
01448.png,49.7,Male
01449.png,51.2,Male
01452.png,36.8,Male
01453.png,3.2,Male
01461.png,7.0,Male
01467.png,45.0,Male
01468.png,31.2,Male
01469.png,3.6,Male
01480.png,28.7,Male
01482.png,41.6,Male
01487.png,21.8,Male
01488.png,29.8,Male
01493.png,23.9,Male
01498.png,46.0,Male
01500.png,10.7,Male
01504.png,14.5,Male
01511.png,9.0,Male
01512.png,74.2,Male
01518.png,28.6,Male
01520.png,26.4,Male
01522.png,37.2,Male
01526.png,27.4,Male
01533.png,16.8,Male
01535.png,6.5,Male
01539.png,62.9,Male
01545.png,49.6,Male
01548.png,32.1,Male
01549.png,46.9,Male
01553.png,38.1,Male
01554.png,63.9,Male
01558.png,34.8,Male
01567.png,30.3,Male
01570.png,31.0,Male
01572.png,42.2,Male
01577.png,60.5,Male
01581.png,62.7,Male
01582.png,44.0,Male
01584.png,29.4,Male
01587.png,54.7,Male
01588.png,45.9,Male
01594.png,10.9,Male
01597.png,57.2,Male
01599.png,52.8,Male
01600.png,20.6,Male
01602.png,47.2,Male
01607.png,22.1,Male
01610.png,65.0,Male
01615.png,38.0,Male
01617.png,65.6,Male
01619.png,21.8,Male
01620.png,30.3,Male
01627.png,9.6,Male
01628.png,29.2,Male
01629.png,60.2,Male
01631.png,51.2,Male
01632.png,34.5,Male
01635.png,56.3,Male
01647.png,34.7,Male
01648.png,3.2,Male
01651.png,51.0,Male
01653.png,16.9,Male
01658.png,47.2,Male
01660.png,32.0,Male
01666.png,35.7,Male
01667.png,33.7,Male
01668.png,32.9,Male
01669.png,53.3,Male
01671.png,30.5,Male
01673.png,60.4,Male
01675.png,44.6,Male
01682.png,23.4,Male
01690.png,30.9,Male
01694.png,55.6,Male
01699.png,53.3,Male
01703.png,20.5,Male
01709.png,26.6,Male
01710.png,45.9,Male
01715.png,47.1,Male
01719.png,30.8,Male
01720.png,38.3,Male
01727.png,47.5,Male
01730.png,36.1,Male
01731.png,58.6,Male
01739.png,40.3,Male
01742.png,48.7,Male
01743.png,39.9,Male
01757.png,56.5,Male
01762.png,9.7,Male
01769.png,34.5,Male
01775.png,24.0,Male
01776.png,29.0,Male
01777.png,7.3,Male
01783.png,48.1,Male
01785.png,37.7,Male
01787.png,15.7,Male
01788.png,51.6,Male
01790.png,7.7,Male
01792.png,41.1,Male
01800.png,35.1,Male
01803.png,54.4,Male
01804.png,63.4,Male
01807.png,46.8,Male
01818.png,17.3,Male
01821.png,2.3,Male
01823.png,10.1,Male
01824.png,20.4,Male
01825.png,8.3,Male
01827.png,11.4,Male
01828.png,22.6,Male
01832.png,9.4,Male
01833.png,52.4,Male
01836.png,30.7,Male
01845.png,45.9,Male
01846.png,34.5,Male
01850.png,42.4,Male
01851.png,46.8,Male
01854.png,28.8,Male
01855.png,25.1,Male
01856.png,7.9,Male
01857.png,59.9,Male
01859.png,64.9,Male
01861.png,49.0,Male
01862.png,54.4,Male
01865.png,59.9,Male
01877.png,47.9,Male
01880.png,80.3,Male
01881.png,2.9,Male
01882.png,6.5,Male
01883.png,53.9,Male
01885.png,21.1,Male
01901.png,6.9,Male
01906.png,33.1,Male
01908.png,40.7,Male
01909.png,29.3,Male
01921.png,67.0,Male
01925.png,60.8,Male
01927.png,54.3,Male
01930.png,58.2,Male
01932.png,26.5,Male
01934.png,4.5,Male
01943.png,23.3,Male
01944.png,32.9,Male
01947.png,73.5,Male
01951.png,55.8,Male
01952.png,23.9,Male
01953.png,50.2,Male
01954.png,44.2,Male
01956.png,37.2,Male
01957.png,64.5,Male
01958.png,38.6,Male
01965.png,33.0,Male
01967.png,36.6,Male
01971.png,61.9,Male
01974.png,55.1,Male
01990.png,35.5,Male
01996.png,27.3,Male
01999.png,44.8,Male
02009.png,52.4,Male
02011.png,44.6,Male
02014.png,37.1,Male
02018.png,8.5,Male
02021.png,19.1,Male
02026.png,67.7,Male
02027.png,52.4,Male
02033.png,33.4,Male
02035.png,37.6,Male
02038.png,47.3,Male
02040.png,24.8,Male
02043.png,46.1,Male
02048.png,42.8,Male
02049.png,1.7,Male
02050.png,37.5,Male
02052.png,30.7,Male
02058.png,31.7,Male
02061.png,34.9,Male
02067.png,27.1,Male
02068.png,53.2,Male
02077.png,12.2,Male
02080.png,52.1,Male
02082.png,2.0,Male
02087.png,37.1,Male
02090.png,44.4,Male
02091.png,2.1,Male
02097.png,54.8,Male
02101.png,42.5,Male
02102.png,46.8,Male
02104.png,35.5,Male
02112.png,51.1,Male
02116.png,42.2,Male
02118.png,40.3,Male
02122.png,19.4,Male
02123.png,32.7,Male
02125.png,32.3,Male
02128.png,5.9,Male
02132.png,36.9,Male
02133.png,30.7,Male
02134.png,46.2,Male
02135.png,7.7,Male
02136.png,42.2,Male
02142.png,8.3,Male
02146.png,27.9,Male
02147.png,36.1,Male
02148.png,22.9,Male
02151.png,18.2,Male
02153.png,45.1,Male
02154.png,12.0,Male
02155.png,28.9,Male
02170.png,34.8,Male
02174.png,57.0,Male
02179.png,42.2,Male
02180.png,61.6,Male
02185.png,7.1,Male
02186.png,55.0,Male
02187.png,33.8,Male
02191.png,56.0,Male
02192.png,47.4,Male
02194.png,28.5,Male
02204.png,21.8,Male
02207.png,73.9,Male
02209.png,7.6,Male
02213.png,35.9,Male
02214.png,47.6,Male
02215.png,33.1,Male
02216.png,30.5,Male
02222.png,1.7,Male
02223.png,27.7,Male
02226.png,52.0,Male
02227.png,24.9,Male
02230.png,26.0,Male
02238.png,64.6,Male
02239.png,50.2,Male
02242.png,67.3,Male
02243.png,39.8,Male
02244.png,19.8,Male
02246.png,41.9,Male
02247.png,54.3,Male
02248.png,45.3,Male
02251.png,52.5,Male
02252.png,61.4,Male
02253.png,35.1,Male
02256.png,16.3,Male
02260.png,23.1,Male
02263.png,60.8,Male
02265.png,38.3,Male
02272.png,57.4,Male
02277.png,53.4,Male
02279.png,38.5,Male
02280.png,54.4,Male
02284.png,22.5,Male
02285.png,38.8,Male
02288.png,70.7,Male
02293.png,29.7,Male
02296.png,18.5,Male
02298.png,45.0,Male
02299.png,37.3,Male
02301.png,49.9,Male
02313.png,44.7,Male
02314.png,27.6,Male
02316.png,70.0,Male
02321.png,14.7,Male
02329.png,57.1,Male
02337.png,80.8,Male
02346.png,8.5,Male
02348.png,8.1,Male
02355.png,43.5,Male
02357.png,52.5,Male
02366.png,34.1,Male
02367.png,35.6,Male
02368.png,23.8,Male
02369.png,11.5,Male
02371.png,16.7,Male
02376.png,7.5,Male
02380.png,46.0,Male
02381.png,27.9,Male
02382.png,78.5,Male
02389.png,35.7,Male
02396.png,38.3,Male
02408.png,53.9,Male
02410.png,12.1,Male
02425.png,26.3,Male
02427.png,20.0,Male
02433.png,29.0,Male
02438.png,14.0,Male
02440.png,29.2,Male
02441.png,33.3,Male
02446.png,5.9,Male
02453.png,33.5,Male
02456.png,27.9,Male
02459.png,35.2,Male
02464.png,47.6,Male
02469.png,9.3,Male
02470.png,7.9,Male
02472.png,3.0,Male
02473.png,44.5,Male
02482.png,51.9,Male
02486.png,19.7,Male
02487.png,6.1,Male
02490.png,51.6,Male
02492.png,24.3,Male
02498.png,35.1,Male
02500.png,25.0,Male
02503.png,13.4,Male
02506.png,21.7,Male
02518.png,38.8,Male
02519.png,22.4,Male
02521.png,6.5,Male
02523.png,32.6,Male
02526.png,36.4,Male
02533.png,33.5,Male
02540.png,10.0,Male
02542.png,57.0,Male
02550.png,32.2,Male
02552.png,35.8,Male
02553.png,25.7,Male
02556.png,47.1,Male
02559.png,17.5,Male
02560.png,46.8,Male
02561.png,68.6,Male
02563.png,35.3,Male
02565.png,4.4,Male
02572.png,16.7,Male
02575.png,24.9,Male
02579.png,30.7,Male
02583.png,30.1,Male
02587.png,57.6,Male
02588.png,24.1,Male
02591.png,57.2,Male
02592.png,23.6,Male
02593.png,51.8,Male
02594.png,30.4,Male
02596.png,55.4,Male
02599.png,36.6,Male
02602.png,24.4,Male
02605.png,51.5,Male
02608.png,66.3,Male
02609.png,31.7,Male
02610.png,24.3,Male
02611.png,9.6,Male
02612.png,27.0,Male
02615.png,61.2,Male
02618.png,19.0,Male
02625.png,45.7,Male
02628.png,24.8,Male
02631.png,55.8,Male
02635.png,65.2,Male
02641.png,34.0,Male
02651.png,38.9,Male
02660.png,59.5,Male
02665.png,65.3,Male
02671.png,37.7,Male
02673.png,30.6,Male
02674.png,34.9,Male
02678.png,30.4,Male
02686.png,29.1,Male
02688.png,55.5,Male
02691.png,63.8,Male
02702.png,24.5,Male
02708.png,43.4,Male
02711.png,26.5,Male
02714.png,44.5,Male
02715.png,16.3,Male
02716.png,54.5,Male
02717.png,36.7,Male
02719.png,32.6,Male
02722.png,31.9,Male
02727.png,12.2,Male
02729.png,28.5,Male
02733.png,60.1,Male
02744.png,66.8,Male
02751.png,31.3,Male
02757.png,39.6,Male
02758.png,34.3,Male
02762.png,60.4,Male
02767.png,56.7,Male
02772.png,26.5,Male
02779.png,38.4,Male
02780.png,68.0,Male
02785.png,17.7,Male
02787.png,34.3,Male
02788.png,40.3,Male
02790.png,50.1,Male
02798.png,21.0,Male
02799.png,48.3,Male
02810.png,33.5,Male
02813.png,53.4,Male
02815.png,54.4,Male
02816.png,68.9,Male
02817.png,58.0,Male
02826.png,38.7,Male
02830.png,33.6,Male
02832.png,52.6,Male
02837.png,72.7,Male
02838.png,72.9,Male
02841.png,3.7,Male
02843.png,7.6,Male
02844.png,20.9,Male
02850.png,10.7,Male
02853.png,15.0,Male
02857.png,28.6,Male
02859.png,5.9,Male
02864.png,28.9,Male
02867.png,24.3,Male
02871.png,49.5,Male
02872.png,38.5,Male
02874.png,52.0,Male
02875.png,46.2,Male
02877.png,39.2,Male
02879.png,49.3,Male
02888.png,39.7,Male
02890.png,49.4,Male
02898.png,46.2,Male
02900.png,58.1,Male
02913.png,65.5,Male
02914.png,6.9,Male
02916.png,60.2,Male
02919.png,53.0,Male
02933.png,27.5,Male
02935.png,45.0,Male
02937.png,23.3,Male
02942.png,45.1,Male
02945.png,20.3,Male
02946.png,73.4,Male
02948.png,27.5,Male
02954.png,35.2,Male
02955.png,27.2,Male
02956.png,32.9,Male
02960.png,42.6,Male
02962.png,26.6,Male
02966.png,19.2,Male
02970.png,58.2,Male
02974.png,48.4,Male
02976.png,23.9,Male
02977.png,70.9,Male
02979.png,28.6,Male
02981.png,36.9,Male
02992.png,2.7,Male
02993.png,39.9,Male
02995.png,29.3,Male
03003.png,31.0,Male
03007.png,31.0,Male
03008.png,63.5,Male
03009.png,27.7,Male
03010.png,4.3,Male
03015.png,43.2,Male
03018.png,30.0,Male
03019.png,14.9,Male
03021.png,46.0,Male
03022.png,18.0,Male
03027.png,29.5,Male
03030.png,7.2,Male
03032.png,34.1,Male
03033.png,62.9,Male
03037.png,64.6,Male
03039.png,50.0,Male
03040.png,47.7,Male
03046.png,25.2,Male
03049.png,52.7,Male
03054.png,4.9,Male
03063.png,49.2,Male
03066.png,22.5,Male
03067.png,39.4,Male
03068.png,34.7,Male
03069.png,53.8,Male
03071.png,41.8,Male
03072.png,32.1,Male
03080.png,26.4,Male
03081.png,47.3,Male
03082.png,50.4,Male
03084.png,34.5,Male
03091.png,18.3,Male
03097.png,79.5,Male
03101.png,7.9,Male
03103.png,25.0,Male
03104.png,37.0,Male
03105.png,30.3,Male
03106.png,3.6,Male
03109.png,32.9,Male
03113.png,6.8,Male
03118.png,37.1,Male
03121.png,67.7,Male
03123.png,36.7,Male
03124.png,40.3,Male
03129.png,3.1,Male
03133.png,77.6,Male
03136.png,47.6,Male
03141.png,2.2,Male
03143.png,55.4,Male
03145.png,20.3,Male
03148.png,52.4,Male
03149.png,33.8,Male
03153.png,2.9,Male
03154.png,39.9,Male
03159.png,65.4,Male
03160.png,18.6,Male
03163.png,5.1,Male
03164.png,7.4,Male
03172.png,30.0,Male
03175.png,29.5,Male
03177.png,34.7,Male
03181.png,20.4,Male
03199.png,12.0,Male
03201.png,47.3,Male
03208.png,40.4,Male
03211.png,25.0,Male
03219.png,33.4,Male
03222.png,16.2,Male
03231.png,39.2,Male
03232.png,55.5,Male
03235.png,30.2,Male
03236.png,49.3,Male
03238.png,18.1,Male
03239.png,8.8,Male
03242.png,29.6,Male
03247.png,22.8,Male
03248.png,6.5,Male
03249.png,61.1,Male
03250.png,32.8,Male
03251.png,18.1,Male
03262.png,5.9,Male
03265.png,57.4,Male
03266.png,16.8,Male
03268.png,18.8,Male
03270.png,34.6,Male
03278.png,55.2,Male
03280.png,40.4,Male
03296.png,38.1,Male
03312.png,42.2,Male
03313.png,50.7,Male
03314.png,2.6,Male
03315.png,63.6,Male
03317.png,48.5,Male
03318.png,31.8,Male
03324.png,18.8,Male
03325.png,44.4,Male
03328.png,44.7,Male
03329.png,64.4,Male
03331.png,38.5,Male
03332.png,43.0,Male
03336.png,56.4,Male
03337.png,38.5,Male
03340.png,53.1,Male
03346.png,51.2,Male
03358.png,9.6,Male
03360.png,41.5,Male
03361.png,30.9,Male
03363.png,9.8,Male
03364.png,70.1,Male
03365.png,73.1,Male
03367.png,42.6,Male
03373.png,46.6,Male
03378.png,34.1,Male
03379.png,42.8,Male
03385.png,47.8,Male
03387.png,26.0,Male
03390.png,18.4,Male
03396.png,10.3,Male
03400.png,31.3,Male
03402.png,2.8,Male
03404.png,49.1,Male
03406.png,53.8,Male
03407.png,61.5,Male
03416.png,13.6,Male
03418.png,50.3,Male
03427.png,55.6,Male
03433.png,9.3,Male
03436.png,58.1,Male
03437.png,47.4,Male
03440.png,31.8,Male
03441.png,60.1,Male
03442.png,28.9,Male
03445.png,20.0,Male
03448.png,47.4,Male
03453.png,50.3,Male
03454.png,9.0,Male
03455.png,43.5,Male
03457.png,45.5,Male
03463.png,27.1,Male
03466.png,5.7,Male
03469.png,34.8,Male
03478.png,40.2,Male
03480.png,18.9,Male
03482.png,44.9,Male
03492.png,52.5,Male
03493.png,31.3,Male
03495.png,26.0,Male
03501.png,3.2,Male
03506.png,33.7,Male
03510.png,71.2,Male
03511.png,1.9,Male
03514.png,44.0,Male
03515.png,41.0,Male
03517.png,49.1,Male
03525.png,34.7,Male
03527.png,30.1,Male
03534.png,26.9,Male
03535.png,26.2,Male
03544.png,44.0,Male
03545.png,28.0,Male
03547.png,44.4,Male
03552.png,24.4,Male
03561.png,47.0,Male
03574.png,26.2,Male
03577.png,54.9,Male
03578.png,49.8,Male
03580.png,21.4,Male
03581.png,53.0,Male
03584.png,3.5,Male
03589.png,43.0,Male
03595.png,29.8,Male
03597.png,49.7,Male
03603.png,7.4,Male
03611.png,11.8,Male
03614.png,33.3,Male
03617.png,33.8,Male
03620.png,30.6,Male
03624.png,34.6,Male
03626.png,26.1,Male
03627.png,27.5,Male
03631.png,32.7,Male
03637.png,53.0,Male
03640.png,37.2,Male
03646.png,31.7,Male
03651.png,35.3,Male
03653.png,41.3,Male
03655.png,70.9,Male
03662.png,36.5,Male
03664.png,2.2,Male
03665.png,5.3,Male
03666.png,25.0,Male
03667.png,75.5,Male
03668.png,39.0,Male
03670.png,29.0,Male
03672.png,49.7,Male
03676.png,54.6,Male
03680.png,38.1,Male
03689.png,12.7,Male
03691.png,36.9,Male
03692.png,33.3,Male
03694.png,26.1,Male
03697.png,16.4,Male
03700.png,29.0,Male
03703.png,1.8,Male
03706.png,38.7,Male
03711.png,9.6,Male
03718.png,39.2,Male
03719.png,22.1,Male
03728.png,58.9,Male
03732.png,48.1,Male
03735.png,48.0,Male
03742.png,20.1,Male
03744.png,55.5,Male
03746.png,74.9,Male
03761.png,2.1,Male
03769.png,35.9,Male
03771.png,57.0,Male
03776.png,19.1,Male
03777.png,54.5,Male
03779.png,60.2,Male
03783.png,51.9,Male
03784.png,28.4,Male
03786.png,26.3,Male
03788.png,47.3,Male
03794.png,46.2,Male
03796.png,20.1,Male
03800.png,45.5,Male
03804.png,19.4,Male
03806.png,54.4,Male
03809.png,29.6,Male
03816.png,8.9,Male
03819.png,62.9,Male
03821.png,37.4,Male
03823.png,38.0,Male
03825.png,54.0,Male
03826.png,54.9,Male
03830.png,27.9,Male
03835.png,10.1,Male
03836.png,19.1,Male
03838.png,52.3,Male
03840.png,33.8,Male
03841.png,16.1,Male
03844.png,16.1,Male
03847.png,25.1,Male
03848.png,27.2,Male
03853.png,25.9,Male
03860.png,2.8,Male
03861.png,58.3,Male
03862.png,55.9,Male
03864.png,21.6,Male
03866.png,30.3,Male
03869.png,13.2,Male
03873.png,68.9,Male
03875.png,20.4,Male
03878.png,26.6,Male
03882.png,32.1,Male
03883.png,14.0,Male
03888.png,47.9,Male
03890.png,54.7,Male
03895.png,31.0,Male
03898.png,71.2,Male
03901.png,48.6,Male
03904.png,24.2,Male
03905.png,56.5,Male
03906.png,47.3,Male
03918.png,38.2,Male
03924.png,49.9,Male
03926.png,12.2,Male
03928.png,21.3,Male
03929.png,56.0,Male
03930.png,48.5,Male
03934.png,50.1,Male
03935.png,34.7,Male
03943.png,28.7,Male
03945.png,43.0,Male
03956.png,48.7,Male
03957.png,26.0,Male
03959.png,1.3,Male
03966.png,4.4,Male
03969.png,23.2,Male
03976.png,35.6,Male
03977.png,28.0,Male
03980.png,16.4,Male
03984.png,9.0,Male
03988.png,25.1,Male
03995.png,46.1,Male
04000.png,37.0,Male
04002.png,64.0,Male
04005.png,14.6,Male
04010.png,2.0,Male
04015.png,44.7,Male
04018.png,42.2,Male
04024.png,37.7,Male
04039.png,4.6,Male
04044.png,46.0,Male
04047.png,59.8,Male
04048.png,25.8,Male
04050.png,18.4,Male
04051.png,34.4,Male
04056.png,3.2,Male
04060.png,42.8,Male
04062.png,72.0,Male
04067.png,4.5,Male
04068.png,54.8,Male
04073.png,60.2,Male
04074.png,35.7,Male
04076.png,40.2,Male
04080.png,17.2,Male
04081.png,45.9,Male
04082.png,43.6,Male
04083.png,39.2,Male
04085.png,26.1,Male
04086.png,49.5,Male
04087.png,30.6,Male
04088.png,30.2,Male
04089.png,13.9,Male
04093.png,24.7,Male
04099.png,28.7,Male
04103.png,9.6,Male
04105.png,33.1,Male
04112.png,42.3,Male
04115.png,21.7,Male
04117.png,3.1,Male
04119.png,23.4,Male
04120.png,25.4,Male
04121.png,38.7,Male
04122.png,14.7,Male
04125.png,47.1,Male
04127.png,27.9,Male
04131.png,34.0,Male
04137.png,46.9,Male
04138.png,10.5,Male
04141.png,39.3,Male
04142.png,31.7,Male
04145.png,32.1,Male
04147.png,44.9,Male
04152.png,43.2,Male
04155.png,38.5,Male
04159.png,43.6,Male
04160.png,85.9,Male
04165.png,56.7,Male
04167.png,40.6,Male
04170.png,45.1,Male
04183.png,49.0,Male
04187.png,35.5,Male
04190.png,12.2,Male
04193.png,4.6,Male
04198.png,32.5,Male
04202.png,31.4,Male
04205.png,70.1,Male
04206.png,22.0,Male
04207.png,47.6,Male
04209.png,24.2,Male
04212.png,21.1,Male
04221.png,79.5,Male
04222.png,17.8,Male
04224.png,30.2,Male
04229.png,52.1,Male
04230.png,37.9,Male
04234.png,68.0,Male
04236.png,65.2,Male
04239.png,29.4,Male
04242.png,4.8,Male
04244.png,9.3,Male
04250.png,28.4,Male
04251.png,49.9,Male
04257.png,62.3,Male
04260.png,31.3,Male
04261.png,20.6,Male
04263.png,48.4,Male
04268.png,19.3,Male
04269.png,2.5,Male
04272.png,30.7,Male
04273.png,7.8,Male
04277.png,59.9,Male
04278.png,35.2,Male
04282.png,36.3,Male
04284.png,3.3,Male
04285.png,49.6,Male
04287.png,17.9,Male
04288.png,30.7,Male
04290.png,39.1,Male
04298.png,66.5,Male
04302.png,46.8,Male
04304.png,28.3,Male
04306.png,69.7,Male
04312.png,23.6,Male
04328.png,24.5,Male
04334.png,31.6,Male
04337.png,13.9,Male
04339.png,71.9,Male
04347.png,15.8,Male
04351.png,62.3,Male
04356.png,2.8,Male
04359.png,75.6,Male
04360.png,37.3,Male
04370.png,26.7,Male
04373.png,22.7,Male
04376.png,37.8,Male
04379.png,32.2,Male
04385.png,27.5,Male
04389.png,33.0,Male
04392.png,38.1,Male
04394.png,6.4,Male
04395.png,2.2,Male
04398.png,30.5,Male
04400.png,20.2,Male
04405.png,11.6,Male
04406.png,25.3,Male
04414.png,19.2,Male
04424.png,23.2,Male
04426.png,9.3,Male
04427.png,37.1,Male
04428.png,25.7,Male
04433.png,60.1,Male
04434.png,43.6,Male
04436.png,32.0,Male
04440.png,24.8,Male
04444.png,25.1,Male
04450.png,49.5,Male
04455.png,56.1,Male
04458.png,38.0,Male
04461.png,63.0,Male
04466.png,4.7,Male
04467.png,52.5,Male
04471.png,25.8,Male
04485.png,39.5,Male
04501.png,31.4,Male
04506.png,31.6,Male
04514.png,73.9,Male
04522.png,47.0,Male
04526.png,52.1,Male
04528.png,13.7,Male
04534.png,32.8,Male
04536.png,55.9,Male
04541.png,29.5,Male
04543.png,7.8,Male
04546.png,30.3,Male
04551.png,33.6,Male
04552.png,56.9,Male
04555.png,26.0,Male
04561.png,68.0,Male
04562.png,5.9,Male
04564.png,43.5,Male
04567.png,44.3,Male
04569.png,32.0,Male
04570.png,24.0,Male
04576.png,30.5,Male
04582.png,36.1,Male
04586.png,51.2,Male
04588.png,33.5,Male
04598.png,63.0,Male
04602.png,60.9,Male
04604.png,37.9,Male
04606.png,34.0,Male
04607.png,8.8,Male
04612.png,32.1,Male
04613.png,13.5,Male
04627.png,26.2,Male
04629.png,27.6,Male
04630.png,31.7,Male
04634.png,37.6,Male
04635.png,30.1,Male
04643.png,35.3,Male
04645.png,48.2,Male
04655.png,37.4,Male
04660.png,39.2,Male
04666.png,41.5,Male
04668.png,45.7,Male
04670.png,27.0,Male
04677.png,3.2,Male
04678.png,42.9,Male
04679.png,19.0,Male
04685.png,30.1,Male
04687.png,30.5,Male
04692.png,56.2,Male
04696.png,44.1,Male
04697.png,36.5,Male
04700.png,28.4,Male
04701.png,47.1,Male
04705.png,57.3,Male
04707.png,25.8,Male
04716.png,17.8,Male
04719.png,33.1,Male
04722.png,34.2,Male
04725.png,67.3,Male
04726.png,25.2,Male
04728.png,23.8,Male
04733.png,40.3,Male
04739.png,47.9,Male
04741.png,28.2,Male
04757.png,6.6,Male
04762.png,65.6,Male
04763.png,22.0,Male
04766.png,24.9,Male
04768.png,38.4,Male
04773.png,41.3,Male
04774.png,40.3,Male
04781.png,31.7,Male
04782.png,17.0,Male
04784.png,34.2,Male
04785.png,43.9,Male
04791.png,62.4,Male
04797.png,29.9,Male
04798.png,35.9,Male
04799.png,50.6,Male
04803.png,37.2,Male
04804.png,60.0,Male
04807.png,28.1,Male
04809.png,37.7,Male
04813.png,47.2,Male
04814.png,8.2,Male
04818.png,30.0,Male
04822.png,63.4,Male
04823.png,34.4,Male
04833.png,75.4,Male
04840.png,65.0,Male
04845.png,16.4,Male
04847.png,34.7,Male
04850.png,20.8,Male
04851.png,61.2,Male
04852.png,46.1,Male
04854.png,25.9,Male
04855.png,3.1,Male
04856.png,62.6,Male
04861.png,27.1,Male
04870.png,57.6,Male
04877.png,66.4,Male
04885.png,36.1,Male
04887.png,53.2,Male
04888.png,30.2,Male
04895.png,32.8,Male
04897.png,32.9,Male
04898.png,4.3,Male
04899.png,34.9,Male
04901.png,35.5,Male
04903.png,67.3,Male
04904.png,52.9,Male
04906.png,11.3,Male
04910.png,17.4,Male
04911.png,9.2,Male
04920.png,40.4,Male
04927.png,53.7,Male
04929.png,64.1,Male
04931.png,52.2,Male
04932.png,31.6,Male
04935.png,34.1,Male
04940.png,18.9,Male
04944.png,3.2,Male
04946.png,9.1,Male
04947.png,1.9,Male
04948.png,18.5,Male
04951.png,27.6,Male
04952.png,54.5,Male
04959.png,41.5,Male
04963.png,52.5,Male
04965.png,3.8,Male
04967.png,34.4,Male
04968.png,30.4,Male
04975.png,23.0,Male
04984.png,38.6,Male
04987.png,19.8,Male
05004.png,41.1,Male
05006.png,21.4,Male
05014.png,30.7,Male
05017.png,68.1,Male
05018.png,3.8,Male
05020.png,30.1,Male
05022.png,23.4,Male
05027.png,6.9,Male
05028.png,35.7,Male
05037.png,42.9,Male
05038.png,36.8,Male
05039.png,9.5,Male
05046.png,53.1,Male
05047.png,47.2,Male
05056.png,33.3,Male
05060.png,8.5,Male
05061.png,36.7,Male
05068.png,24.9,Male
05073.png,27.4,Male
05075.png,64.0,Male
05076.png,23.5,Male
05082.png,62.3,Male
05083.png,39.2,Male
05087.png,24.6,Male
05089.png,4.4,Male
05100.png,35.5,Male
05101.png,19.2,Male
05103.png,11.5,Male
05104.png,69.8,Male
05110.png,50.3,Male
05116.png,32.4,Male
05119.png,54.9,Male
05121.png,10.8,Male
05122.png,42.9,Male
05123.png,49.1,Male
05127.png,10.0,Male
05130.png,2.6,Male
05136.png,27.3,Male
05139.png,14.6,Male
05144.png,26.0,Male
05149.png,21.5,Male
05155.png,42.6,Male
05156.png,21.6,Male
05161.png,56.7,Male
05164.png,28.2,Male
05167.png,39.1,Male
05168.png,11.5,Male
05170.png,31.9,Male
05171.png,61.6,Male
05175.png,67.4,Male
05179.png,41.1,Male
05183.png,14.3,Male
05189.png,28.4,Male
05191.png,14.2,Male
05209.png,3.3,Male
05210.png,28.7,Male
05211.png,40.5,Male
05215.png,36.3,Male
05218.png,1.8,Male
05220.png,38.8,Male
05221.png,32.5,Male
05222.png,59.9,Male
05224.png,33.3,Male
05225.png,38.0,Male
05226.png,32.6,Male
05229.png,52.6,Male
05230.png,38.4,Male
05232.png,61.8,Male
05234.png,6.9,Male
05235.png,48.4,Male
05236.png,42.9,Male
05244.png,30.9,Male
05250.png,52.8,Male
05253.png,30.8,Male
05256.png,32.3,Male
05259.png,47.3,Male
05269.png,2.7,Male
05273.png,49.7,Male
05276.png,31.1,Male
05279.png,26.7,Male
05284.png,36.8,Male
05286.png,79.3,Male
05287.png,49.9,Male
05293.png,8.2,Male
05297.png,30.7,Male
05299.png,8.2,Male
05300.png,39.7,Male
05301.png,76.1,Male
05302.png,15.7,Male
05311.png,57.6,Male
05314.png,54.8,Male
05316.png,7.5,Male
05318.png,23.1,Male
05322.png,47.6,Male
05325.png,43.9,Male
05326.png,51.7,Male
05328.png,26.9,Male
05334.png,15.0,Male
05339.png,34.5,Male
05344.png,33.1,Male
05346.png,16.5,Male
05356.png,7.0,Male
05357.png,30.6,Male
05359.png,49.1,Male
05367.png,44.8,Male
05370.png,56.7,Male
05375.png,32.1,Male
05376.png,65.0,Male
05377.png,74.4,Male
05378.png,27.4,Male
05379.png,44.6,Male
05380.png,42.9,Male
05383.png,30.8,Male
05385.png,48.8,Male
05387.png,12.4,Male
05390.png,24.6,Male
05392.png,21.1,Male
05393.png,33.3,Male
05397.png,30.3,Male
05399.png,2.3,Male
05407.png,35.1,Male
05430.png,4.1,Male
05432.png,32.0,Male
05434.png,20.6,Male
05443.png,45.7,Male
05451.png,23.7,Male
05453.png,46.8,Male
05456.png,28.9,Male
05460.png,2.8,Male
05466.png,32.9,Male
05471.png,50.2,Male
05475.png,26.5,Male
05477.png,26.7,Male
05478.png,42.2,Male
05482.png,3.1,Male
05485.png,35.2,Male
05486.png,34.5,Male
05488.png,23.0,Male
05490.png,19.5,Male
05491.png,53.5,Male
05492.png,55.4,Male
05496.png,43.3,Male
05499.png,48.8,Male
05500.png,11.5,Male
05501.png,37.1,Male
05502.png,31.2,Male
05504.png,35.8,Male
05508.png,17.2,Male
05510.png,26.1,Male
05513.png,65.7,Male
05518.png,13.3,Male
05525.png,28.2,Male
05528.png,21.7,Male
05529.png,58.2,Male
05530.png,5.4,Male
05535.png,37.4,Male
05536.png,45.1,Male
05539.png,43.0,Male
05540.png,7.4,Male
05542.png,45.8,Male
05543.png,8.0,Male
05544.png,24.1,Male
05546.png,41.4,Male
05551.png,60.6,Male
05556.png,46.9,Male
05559.png,23.9,Male
05564.png,36.7,Male
05565.png,35.1,Male
05571.png,5.6,Male
05572.png,24.5,Male
05573.png,26.6,Male
05574.png,14.8,Male
05577.png,32.8,Male
05578.png,44.2,Male
05579.png,11.4,Male
05581.png,55.9,Male
05582.png,71.6,Male
05586.png,19.5,Male
05587.png,27.9,Male
05593.png,32.0,Male
05596.png,32.1,Male
05597.png,23.5,Male
05598.png,2.1,Male
05602.png,33.9,Male
05604.png,49.3,Male
05610.png,46.8,Male
05611.png,24.8,Male
05616.png,28.8,Male
05619.png,58.6,Male
05624.png,34.5,Male
05635.png,44.2,Male
05636.png,69.1,Male
05646.png,37.0,Male
05651.png,19.4,Male
05653.png,36.5,Male
05655.png,26.3,Male
05670.png,11.4,Male
05672.png,28.9,Male
05677.png,59.6,Male
05681.png,16.6,Male
05682.png,15.4,Male
05683.png,32.5,Male
05693.png,62.3,Male
05694.png,27.7,Male
05695.png,57.6,Male
05697.png,38.7,Male
05699.png,25.9,Male
05706.png,27.2,Male
05715.png,47.2,Male
05716.png,27.7,Male
05717.png,36.9,Male
05720.png,33.9,Male
05723.png,7.7,Male
05726.png,25.8,Male
05730.png,59.0,Male
05733.png,42.7,Male
05735.png,7.8,Male
05737.png,22.3,Male
05739.png,24.2,Male
05741.png,56.3,Male
05742.png,20.1,Male
05744.png,44.9,Male
05746.png,50.6,Male
05747.png,51.4,Male
05750.png,36.4,Male
05751.png,33.2,Male
05754.png,58.2,Male
05756.png,46.4,Male
05759.png,25.3,Male
05768.png,27.7,Male
05769.png,54.8,Male
05771.png,55.1,Male
05772.png,23.6,Male
05776.png,34.7,Male
05778.png,37.8,Male
05783.png,22.7,Male
05786.png,4.3,Male
05788.png,22.2,Male
05789.png,5.5,Male
05796.png,9.9,Male
05798.png,21.0,Male
05799.png,38.5,Male
05805.png,4.5,Male
05806.png,14.4,Male
05811.png,7.6,Male
05817.png,24.3,Male
05821.png,15.7,Male
05827.png,32.4,Male
05828.png,9.2,Male
05831.png,6.0,Male
05833.png,63.3,Male
05834.png,8.2,Male
05836.png,45.6,Male
05845.png,28.2,Male
05847.png,35.2,Male
05848.png,34.7,Male
05850.png,47.4,Male
05856.png,54.6,Male
05860.png,9.9,Male
05861.png,50.2,Male
05862.png,3.0,Male
05863.png,14.6,Male
05866.png,36.5,Male
05869.png,33.4,Male
05881.png,26.5,Male
05882.png,7.7,Male
05885.png,32.7,Male
05888.png,20.9,Male
05896.png,21.8,Male
05898.png,43.4,Male
05902.png,33.2,Male
05910.png,31.2,Male
05913.png,30.4,Male
05918.png,52.6,Male
05920.png,2.7,Male
05921.png,35.9,Male
05925.png,47.3,Male
05927.png,33.2,Male
05928.png,54.2,Male
05929.png,64.2,Male
05930.png,45.8,Male
05932.png,42.5,Male
05936.png,48.2,Male
05938.png,50.8,Male
05943.png,48.6,Male
05946.png,18.0,Male
05951.png,21.1,Male
05952.png,7.5,Male
05956.png,33.6,Male
05958.png,68.9,Male
05960.png,25.5,Male
05961.png,23.2,Male
05962.png,47.7,Male
05965.png,38.1,Male
05971.png,28.3,Male
05974.png,38.5,Male
05975.png,70.9,Male
05977.png,50.5,Male
05978.png,4.0,Male
05980.png,8.8,Male
05987.png,22.7,Male
05989.png,1.7,Male
05990.png,21.0,Male
05992.png,43.9,Male
05995.png,59.9,Male
05997.png,15.7,Male
06000.png,28.9,Male
06002.png,25.6,Male
06003.png,29.1,Male
06005.png,56.3,Male
06006.png,47.3,Male
06014.png,7.5,Male
06019.png,45.7,Male
06021.png,15.8,Male
06025.png,18.5,Male
06026.png,53.7,Male
06028.png,28.6,Male
06029.png,1.9,Male
06039.png,25.0,Male
06045.png,12.2,Male
06047.png,24.0,Male
06051.png,36.2,Male
06054.png,36.1,Male
06057.png,46.5,Male
06058.png,62.4,Male
06076.png,44.9,Male
06079.png,39.2,Male
06081.png,26.7,Male
06083.png,56.8,Male
06084.png,60.1,Male
06085.png,45.9,Male
06086.png,1.3,Male
06089.png,41.4,Male
06094.png,4.6,Male
06102.png,38.0,Male
06103.png,35.9,Male
06113.png,45.3,Male
06116.png,54.7,Male
06117.png,17.6,Male
06119.png,44.8,Male
06125.png,10.7,Male
06131.png,64.3,Male
06133.png,1.1,Male
06137.png,30.2,Male
06140.png,47.7,Male
06145.png,22.9,Male
06146.png,13.9,Male
06151.png,37.2,Male
06154.png,32.7,Male
06155.png,42.9,Male
06157.png,59.4,Male
06158.png,36.6,Male
06159.png,17.1,Male
06164.png,50.8,Male
06166.png,33.0,Male
06169.png,63.0,Male
06170.png,30.1,Male
06175.png,67.4,Male
06179.png,40.1,Male
06181.png,30.6,Male
06187.png,49.2,Male
06192.png,59.5,Male
06198.png,44.6,Male
06202.png,22.5,Male
06208.png,41.0,Male
06217.png,71.4,Male
06224.png,31.8,Male
06230.png,7.3,Male
06233.png,60.3,Male
06239.png,43.0,Male
06251.png,46.2,Male
06253.png,18.7,Male
06255.png,54.9,Male
06256.png,23.3,Male
06257.png,37.4,Male
06258.png,55.3,Male
06259.png,31.2,Male
06260.png,47.0,Male
06263.png,3.9,Male
06265.png,69.6,Male
06269.png,41.0,Male
06280.png,45.5,Male
06281.png,17.9,Male
06285.png,51.2,Male
06286.png,40.5,Male
06288.png,47.9,Male
06291.png,35.4,Male
06293.png,58.8,Male
06295.png,37.2,Male
06297.png,65.4,Male
06299.png,34.9,Male
06303.png,34.3,Male
06310.png,70.3,Male
06320.png,60.8,Male
06322.png,3.9,Male
06329.png,11.5,Male
06334.png,49.9,Male
06336.png,5.0,Male
06345.png,29.0,Male
06346.png,35.5,Male
06358.png,35.3,Male
06362.png,57.2,Male
06366.png,28.4,Male
06368.png,27.2,Male
06371.png,58.5,Male
06376.png,39.2,Male
06377.png,45.0,Male
06378.png,26.9,Male
06380.png,32.0,Male
06385.png,42.7,Male
06400.png,6.8,Male
06403.png,47.3,Male
06411.png,25.6,Male
06413.png,31.8,Male
06416.png,42.3,Male
06422.png,11.8,Male
06426.png,5.6,Male
06428.png,34.7,Male
06432.png,43.6,Male
06433.png,37.3,Male
06436.png,35.6,Male
06440.png,41.0,Male
06442.png,65.7,Male
06445.png,41.4,Male
06446.png,57.5,Male
06450.png,53.3,Male
06451.png,13.4,Male
06460.png,46.9,Male
06461.png,29.5,Male
06463.png,3.7,Male
06470.png,20.0,Male
06471.png,3.3,Male
06484.png,60.5,Male
06485.png,49.2,Male
06487.png,12.9,Male
06490.png,73.5,Male
06493.png,27.8,Male
06494.png,7.9,Male
06498.png,61.4,Male
06505.png,5.7,Male
06507.png,4.1,Male
06509.png,18.2,Male
06510.png,38.5,Male
06522.png,33.8,Male
06524.png,41.9,Male
06525.png,48.4,Male
06528.png,68.2,Male
06536.png,43.2,Male
06540.png,26.4,Male
06541.png,40.2,Male
06545.png,56.1,Male
06548.png,17.7,Male
06553.png,33.7,Male
06556.png,24.7,Male
06557.png,64.9,Male
06559.png,2.5,Male
06562.png,68.7,Male
06563.png,24.8,Male
06564.png,26.7,Male
06569.png,10.1,Male
06572.png,50.9,Male
06582.png,21.1,Male
06587.png,55.7,Male
06590.png,29.3,Male
06592.png,42.3,Male
06598.png,12.5,Male
06599.png,43.6,Male
06608.png,10.1,Male
06613.png,35.2,Male
06618.png,53.1,Male
06621.png,16.7,Male
06624.png,39.5,Male
06626.png,41.3,Male
06629.png,33.4,Male
06630.png,55.9,Male
06632.png,35.1,Male
06637.png,21.3,Male
06640.png,45.2,Male
06644.png,74.6,Male
06646.png,26.1,Male
06648.png,34.1,Male
06652.png,41.8,Male
06653.png,58.4,Male
06655.png,53.2,Male
06658.png,7.7,Male
06665.png,22.3,Male
06669.png,28.6,Male
06672.png,48.8,Male
06673.png,46.5,Male
06674.png,22.2,Male
06675.png,36.6,Male
06678.png,24.7,Male
06679.png,74.2,Male
06682.png,17.7,Male
06683.png,61.7,Male
06695.png,50.2,Male
06705.png,26.2,Male
06710.png,63.0,Male
06714.png,9.9,Male
06722.png,2.3,Male
06725.png,5.2,Male
06729.png,41.0,Male
06730.png,29.3,Male
06731.png,52.1,Male
06734.png,38.9,Male
06737.png,25.3,Male
06741.png,4.4,Male
06743.png,53.7,Male
06747.png,48.5,Male
06752.png,28.8,Male
06755.png,55.2,Male
06758.png,48.0,Male
06760.png,30.3,Male
06764.png,70.8,Male
06765.png,23.2,Male
06770.png,76.3,Male
06782.png,63.1,Male
06787.png,49.3,Male
06790.png,32.9,Male
06793.png,3.6,Male
06797.png,3.6,Male
06798.png,60.1,Male
06799.png,45.6,Male
06817.png,38.0,Male
06820.png,4.6,Male
06822.png,6.4,Male
06826.png,44.4,Male
06827.png,61.9,Male
06828.png,76.5,Male
06829.png,2.6,Male
06830.png,2.8,Male
06831.png,61.4,Male
06832.png,42.5,Male
06834.png,22.9,Male
06839.png,49.1,Male
06840.png,15.6,Male
06842.png,58.6,Male
06845.png,49.6,Male
06849.png,17.0,Male
06855.png,23.5,Male
06859.png,15.8,Male
06862.png,9.5,Male
06863.png,71.0,Male
06868.png,49.0,Male
06870.png,4.1,Male
06871.png,39.3,Male
06872.png,1.5,Male
06875.png,15.6,Male
06877.png,31.4,Male
06879.png,33.5,Male
06880.png,42.4,Male
06884.png,36.3,Male
06889.png,7.5,Male
06895.png,23.0,Male
06896.png,69.8,Male
06899.png,38.0,Male
06902.png,15.5,Male
06903.png,58.0,Male
06914.png,32.7,Male
06917.png,39.5,Male
06924.png,8.2,Male
06925.png,66.2,Male
06927.png,10.7,Male
06929.png,40.1,Male
06930.png,23.4,Male
06932.png,38.3,Male
06933.png,32.3,Male
06943.png,51.4,Male
06949.png,30.8,Male
06951.png,48.7,Male
06955.png,59.8,Male
06956.png,61.3,Male
06957.png,25.1,Male
06959.png,60.9,Male
06962.png,29.9,Male
06963.png,22.0,Male
06964.png,41.8,Male
06967.png,60.5,Male
06972.png,10.9,Male
06973.png,32.3,Male
06975.png,26.0,Male
06978.png,30.6,Male
06980.png,25.7,Male
06990.png,7.3,Male
06998.png,10.6,Male
06999.png,30.0,Male
07001.png,64.9,Male
07002.png,24.8,Male
07004.png,44.2,Male
07008.png,25.3,Male
07010.png,26.8,Male
07012.png,29.0,Male
07017.png,2.3,Male
07019.png,33.4,Male
07026.png,57.8,Male
07031.png,41.6,Male
07034.png,59.1,Male
07035.png,26.5,Male
07038.png,39.9,Male
07044.png,30.9,Male
07049.png,17.6,Male
07050.png,54.4,Male
07051.png,73.0,Male
07053.png,45.1,Male
07055.png,62.3,Male
07062.png,34.1,Male
07073.png,57.9,Male
07074.png,26.9,Male
07075.png,37.3,Male
07077.png,35.1,Male
07081.png,44.4,Male
07086.png,35.1,Male
07087.png,25.1,Male
07088.png,42.6,Male
07094.png,39.7,Male
07097.png,40.1,Male
07100.png,61.6,Male
07103.png,4.9,Male
07104.png,18.5,Male
07113.png,65.8,Male
07115.png,33.9,Male
07117.png,28.6,Male
07120.png,26.6,Male
07122.png,34.4,Male
07123.png,32.8,Male
07126.png,19.8,Male
07128.png,39.1,Male
07130.png,57.4,Male
07132.png,37.7,Male
07134.png,11.9,Male
07138.png,22.3,Male
07143.png,14.5,Male
07144.png,35.5,Male
07146.png,20.6,Male
07148.png,46.8,Male
07149.png,60.8,Male
07152.png,13.0,Male
07157.png,47.2,Male
07160.png,37.4,Male
07165.png,30.0,Male
07166.png,35.0,Male
07168.png,27.1,Male
07174.png,58.8,Male
07179.png,32.3,Male
07180.png,16.9,Male
07181.png,52.2,Male
07184.png,10.6,Male
07194.png,3.4,Male
07197.png,51.3,Male
07198.png,43.3,Male
07212.png,2.9,Male
07213.png,41.9,Male
07217.png,76.2,Male
07224.png,59.1,Male
07228.png,43.3,Male
07234.png,41.1,Male
07249.png,8.2,Male
07251.png,26.4,Male
07255.png,47.8,Male
07258.png,42.6,Male
07259.png,39.0,Male
07263.png,23.4,Male
07264.png,50.4,Male
07266.png,38.5,Male
07273.png,38.5,Male
07279.png,33.0,Male
07289.png,47.3,Male
07291.png,54.7,Male
07292.png,14.4,Male
07294.png,49.2,Male
07305.png,47.5,Male
07312.png,21.4,Male
07315.png,42.8,Male
07318.png,41.9,Male
07321.png,50.7,Male
07322.png,34.0,Male
07323.png,22.7,Male
07328.png,2.8,Male
07329.png,9.3,Male
07330.png,23.7,Male
07331.png,32.1,Male
07336.png,39.8,Male
07338.png,30.3,Male
07339.png,77.5,Male
07342.png,53.4,Male
07345.png,47.1,Male
07346.png,29.0,Male
07347.png,39.7,Male
07351.png,1.7,Male
07355.png,31.0,Male
07361.png,35.6,Male
07362.png,54.8,Male
07367.png,45.7,Male
07371.png,18.3,Male
07383.png,40.9,Male
07386.png,47.3,Male
07396.png,14.2,Male
07397.png,57.3,Male
07398.png,64.4,Male
07407.png,79.1,Male
07418.png,20.5,Male
07419.png,39.6,Male
07420.png,32.7,Male
07424.png,43.4,Male
07425.png,28.1,Male
07427.png,30.7,Male
07430.png,49.8,Male
07432.png,44.7,Male
07433.png,38.0,Male
07441.png,9.1,Male
07447.png,64.1,Male
07451.png,51.1,Male
07455.png,10.0,Male
07456.png,76.6,Male
07458.png,6.2,Male
07472.png,78.8,Male
07478.png,58.7,Male
07486.png,4.1,Male
07492.png,43.0,Male
07498.png,35.9,Male
07500.png,61.2,Male
07502.png,19.5,Male
07503.png,6.3,Male
07505.png,29.1,Male
07512.png,22.8,Male
07514.png,67.2,Male
07518.png,27.4,Male
07525.png,66.0,Male
07528.png,2.9,Male
07530.png,43.1,Male
07531.png,37.5,Male
07535.png,30.6,Male
07536.png,33.2,Male
07539.png,13.8,Male
07540.png,40.8,Male
07541.png,45.4,Male
07542.png,43.1,Male
07546.png,39.8,Male
07547.png,69.5,Male
07550.png,57.5,Male
07552.png,30.9,Male
07553.png,14.9,Male
07563.png,64.7,Male
07567.png,76.5,Male
07572.png,26.9,Male
07577.png,7.5,Male
07589.png,54.9,Male
07592.png,35.3,Male
07594.png,36.5,Male
07603.png,44.5,Male
07612.png,20.6,Male
07626.png,4.5,Male
07641.png,57.7,Male
07650.png,10.7,Male
07656.png,36.1,Male
07660.png,45.3,Male
07661.png,58.7,Male
07665.png,52.8,Male
07666.png,61.6,Male
07667.png,57.5,Male
07669.png,69.0,Male
07675.png,52.6,Male
07678.png,69.2,Male
07679.png,40.6,Male
07683.png,45.2,Male
07685.png,17.5,Male
07686.png,22.9,Male
07687.png,58.0,Male
07691.png,53.8,Male
07694.png,38.9,Male
07698.png,65.7,Male
07700.png,20.8,Male
07705.png,27.1,Male
07706.png,29.8,Male
07708.png,35.7,Male
07716.png,34.5,Male
07721.png,49.7,Male
07722.png,11.5,Male
07724.png,18.5,Male
07730.png,23.0,Male
07731.png,30.2,Male
07733.png,25.1,Male
07736.png,45.7,Male
07742.png,50.7,Male
07752.png,9.1,Male
07754.png,62.5,Male
07762.png,45.3,Male
07768.png,65.2,Male
07770.png,40.3,Male
07774.png,62.1,Male
07775.png,5.6,Male
07779.png,8.4,Male
07780.png,20.3,Male
07781.png,70.2,Male
07782.png,53.1,Male
07784.png,20.0,Male
07785.png,29.5,Male
07798.png,23.2,Male
07801.png,30.8,Male
07806.png,2.5,Male
07808.png,31.2,Male
07810.png,52.1,Male
07816.png,49.8,Male
07817.png,45.5,Male
07818.png,58.2,Male
07821.png,47.5,Male
07827.png,37.1,Male
07832.png,10.8,Male
07834.png,32.1,Male
07836.png,44.9,Male
07839.png,16.5,Male
07848.png,37.4,Male
07849.png,63.9,Male
07850.png,62.2,Male
07852.png,73.4,Male
07854.png,37.1,Male
07855.png,45.8,Male
07857.png,31.9,Male
07860.png,61.1,Male
07861.png,34.3,Male
07863.png,22.3,Male
07864.png,77.8,Male
07869.png,39.2,Male
07871.png,30.6,Male
07872.png,35.4,Male
07876.png,48.6,Male
07878.png,69.6,Male
07882.png,43.5,Male
07887.png,26.9,Male
07890.png,17.7,Male
07894.png,21.0,Male
07897.png,24.2,Male
07899.png,26.1,Male
07901.png,28.2,Male
07904.png,58.5,Male
07910.png,50.7,Male
07917.png,82.4,Male
07922.png,51.9,Male
07923.png,8.2,Male
07925.png,5.0,Male
07926.png,2.4,Male
07928.png,42.9,Male
07936.png,11.5,Male
07938.png,29.7,Male
07944.png,45.1,Male
07947.png,19.9,Male
07954.png,48.5,Male
07956.png,51.5,Male
07957.png,38.5,Male
07964.png,4.7,Male
07966.png,71.4,Male
07968.png,38.4,Male
07969.png,38.7,Male
07970.png,46.8,Male
07972.png,45.3,Male
07973.png,34.7,Male
07977.png,64.3,Male
07979.png,31.6,Male
07982.png,26.6,Male
07985.png,34.6,Male
07989.png,33.7,Male
07990.png,24.0,Male
07992.png,24.3,Male
07993.png,55.6,Male
07994.png,69.3,Male
08002.png,28.9,Male
08006.png,31.2,Male
08007.png,39.7,Male
08009.png,35.3,Male
08014.png,18.8,Male
08019.png,10.1,Male
08020.png,35.7,Male
08021.png,38.9,Male
08022.png,6.9,Male
08030.png,38.5,Male
08031.png,5.2,Male
08041.png,23.5,Male
08048.png,2.6,Male
08050.png,2.0,Male
08056.png,59.8,Male
08058.png,29.2,Male
08063.png,18.2,Male
08064.png,68.1,Male
08076.png,46.9,Male
08079.png,19.1,Male
08083.png,71.2,Male
08088.png,42.6,Male
08089.png,34.2,Male
08094.png,46.4,Male
08105.png,39.3,Male
08109.png,32.2,Male
08111.png,40.6,Male
08116.png,64.0,Male
08119.png,25.9,Male
08126.png,53.9,Male
08127.png,14.2,Male
08130.png,63.0,Male
08140.png,9.6,Male
08142.png,57.3,Male
08146.png,21.4,Male
08151.png,42.6,Male
08161.png,5.8,Male
08163.png,37.5,Male
08169.png,40.8,Male
08177.png,53.8,Male
08178.png,15.0,Male
08180.png,34.9,Male
08185.png,30.8,Male
08189.png,33.7,Male
08200.png,48.8,Male
08204.png,28.3,Male
08205.png,52.0,Male
08226.png,44.9,Male
08229.png,51.6,Male
08230.png,41.2,Male
08231.png,25.1,Male
08232.png,51.9,Male
08237.png,30.5,Male
08239.png,9.5,Male
08242.png,6.5,Male
08246.png,21.9,Male
08248.png,1.0,Male
08250.png,43.5,Male
08253.png,19.4,Male
08256.png,47.6,Male
08258.png,23.4,Male
08261.png,44.3,Male
08270.png,45.7,Male
08271.png,37.7,Male
08272.png,49.7,Male
08273.png,42.0,Male
08280.png,21.5,Male
08281.png,55.6,Male
08285.png,10.5,Male
08286.png,24.3,Male
08288.png,7.4,Male
08291.png,67.0,Male
08292.png,22.7,Male
08294.png,66.8,Male
08296.png,57.3,Male
08299.png,6.0,Male
08300.png,28.1,Male
08301.png,68.2,Male
08302.png,28.1,Male
08305.png,36.5,Male
08311.png,69.8,Male
08314.png,31.6,Male
08318.png,61.9,Male
08320.png,9.5,Male
08322.png,7.5,Male
08324.png,33.3,Male
08326.png,20.4,Male
08330.png,56.9,Male
08333.png,21.4,Male
08339.png,63.9,Male
08341.png,48.2,Male
08342.png,10.0,Male
08344.png,75.7,Male
08345.png,40.7,Male
08350.png,26.0,Male
08352.png,39.3,Male
08357.png,61.9,Male
08359.png,4.6,Male
08361.png,39.6,Male
08367.png,55.2,Male
08371.png,5.3,Male
08372.png,12.2,Male
08374.png,19.3,Male
08379.png,60.7,Male
08383.png,12.7,Male
08384.png,42.5,Male
08392.png,7.0,Male
08394.png,53.3,Male
08398.png,36.2,Male
08399.png,67.4,Male
08400.png,48.6,Male
08410.png,5.8,Male
08416.png,57.1,Male
08418.png,52.3,Male
08419.png,41.7,Male
08423.png,50.8,Male
08437.png,20.2,Male
08442.png,39.7,Male
08444.png,50.0,Male
08450.png,78.3,Male
08456.png,6.6,Male
08469.png,5.8,Male
08474.png,52.5,Male
08476.png,38.9,Male
08479.png,23.2,Male
08481.png,40.5,Male
08487.png,25.9,Male
08488.png,68.0,Male
08489.png,25.3,Male
08493.png,34.6,Male
08495.png,62.0,Male
08498.png,17.2,Male
08503.png,60.3,Male
08504.png,1.9,Male
08509.png,49.8,Male
08511.png,35.2,Male
08512.png,41.4,Male
08513.png,26.3,Male
08514.png,57.6,Male
08520.png,24.1,Male
08523.png,64.6,Male
08526.png,19.6,Male
08535.png,27.6,Male
08536.png,29.8,Male
08540.png,40.5,Male
08542.png,46.7,Male
08553.png,27.8,Male
08557.png,35.7,Male
08558.png,69.9,Male
08559.png,29.9,Male
08561.png,32.9,Male
08563.png,33.7,Male
08564.png,48.1,Male
08566.png,4.9,Male
08567.png,34.5,Male
08569.png,5.2,Male
08573.png,55.8,Male
08579.png,61.6,Male
08580.png,30.1,Male
08581.png,30.3,Male
08585.png,63.5,Male
08589.png,19.4,Male
08593.png,4.1,Male
08597.png,63.7,Male
08600.png,3.7,Male
08601.png,40.9,Male
08609.png,36.6,Male
08613.png,30.8,Male
08617.png,57.7,Male
08619.png,48.0,Male
08621.png,30.5,Male
08623.png,57.0,Male
08630.png,32.1,Male
08634.png,19.0,Male
08639.png,25.8,Male
08640.png,33.7,Male
08645.png,46.2,Male
08648.png,34.0,Male
08652.png,28.1,Male
08653.png,32.2,Male
08655.png,24.7,Male
08658.png,26.2,Male
08662.png,26.8,Male
08665.png,40.6,Male
08668.png,32.4,Male
08675.png,38.8,Male
08678.png,42.7,Male
08679.png,2.3,Male
08680.png,11.5,Male
08681.png,40.3,Male
08683.png,31.1,Male
08688.png,1.0,Male
08689.png,53.8,Male
08691.png,57.0,Male
08692.png,43.3,Male
08693.png,61.0,Male
08694.png,31.3,Male
08698.png,11.3,Male
08702.png,36.7,Male
08704.png,21.0,Male
08716.png,22.3,Male
08722.png,37.0,Male
08724.png,34.1,Male
08729.png,22.6,Male
08738.png,19.4,Male
08739.png,69.6,Male
08741.png,65.2,Male
08745.png,5.6,Male
08748.png,64.3,Male
08749.png,23.1,Male
08751.png,36.5,Male
08752.png,31.6,Male
08754.png,28.2,Male
08757.png,45.1,Male
08758.png,32.0,Male
08766.png,34.5,Male
08768.png,24.9,Male
08769.png,19.0,Male
08772.png,24.8,Male
08773.png,13.2,Male
08776.png,53.9,Male
08781.png,40.0,Male
08782.png,35.3,Male
08783.png,36.8,Male
08784.png,82.2,Male
08788.png,30.0,Male
08791.png,20.9,Male
08796.png,47.5,Male
08799.png,17.7,Male
08800.png,33.7,Male
08802.png,45.8,Male
08803.png,25.7,Male
08804.png,26.3,Male
08807.png,5.5,Male
08812.png,5.5,Male
08816.png,29.5,Male
08817.png,3.6,Male
08819.png,51.6,Male
08820.png,4.1,Male
08822.png,50.6,Male
08825.png,27.5,Male
08826.png,6.5,Male
08829.png,44.2,Male
08831.png,26.9,Male
08833.png,33.6,Male
08834.png,30.6,Male
08849.png,40.9,Male
08850.png,23.9,Male
08851.png,40.9,Male
08853.png,40.6,Male
08854.png,34.6,Male
08855.png,55.3,Male
08856.png,35.7,Male
08860.png,30.4,Male
08869.png,1.8,Male
08870.png,64.7,Male
08874.png,26.6,Male
08876.png,56.5,Male
08880.png,51.2,Male
08885.png,31.3,Male
08888.png,44.7,Male
08889.png,34.3,Male
08891.png,13.7,Male
08893.png,54.2,Male
08899.png,64.6,Male
08905.png,50.9,Male
08906.png,21.0,Male
08907.png,41.6,Male
08908.png,13.5,Male
08911.png,57.0,Male
08912.png,3.1,Male
08913.png,44.5,Male
08926.png,51.2,Male
08932.png,35.3,Male
08934.png,41.0,Male
08936.png,50.2,Male
08940.png,43.3,Male
08942.png,49.6,Male
08943.png,30.4,Male
08950.png,25.2,Male
08954.png,43.7,Male
08957.png,13.3,Male
08965.png,41.9,Male
08966.png,53.2,Male
08967.png,35.0,Male
08968.png,54.4,Male
08973.png,7.0,Male
08981.png,36.8,Male
08990.png,58.5,Male
08992.png,33.6,Male
08993.png,32.5,Male
08996.png,29.3,Male
08997.png,57.0,Male
09003.png,32.8,Male
09006.png,13.4,Male
09007.png,48.0,Male
09010.png,31.3,Male
09012.png,1.9,Male
09015.png,24.7,Male
09016.png,16.4,Male
09023.png,32.4,Male
09027.png,66.7,Male
09029.png,54.5,Male
09034.png,35.1,Male
09038.png,18.2,Male
09040.png,36.2,Male
09046.png,40.4,Male
09057.png,39.2,Male
09060.png,57.9,Male
09064.png,9.0,Male
09065.png,24.4,Male
09071.png,74.2,Male
09075.png,53.4,Male
09077.png,10.5,Male
09078.png,19.2,Male
09094.png,24.1,Male
09096.png,43.2,Male
09099.png,51.6,Male
09101.png,25.8,Male
09102.png,34.0,Male
09103.png,9.5,Male
09104.png,30.5,Male
09108.png,25.5,Male
09116.png,27.5,Male
09119.png,24.7,Male
09120.png,32.1,Male
09121.png,35.5,Male
09123.png,49.8,Male
09132.png,32.1,Male
09139.png,6.0,Male
09141.png,10.7,Male
09149.png,5.9,Male
09150.png,36.2,Male
09154.png,32.0,Male
09159.png,59.3,Male
09166.png,18.0,Male
09171.png,58.8,Male
09172.png,32.2,Male
09173.png,48.0,Male
09178.png,27.1,Male
09185.png,27.2,Male
09188.png,27.6,Male
09211.png,47.2,Male
09222.png,40.7,Male
09225.png,47.3,Male
09227.png,2.3,Male
09229.png,14.1,Male
09232.png,51.3,Male
09243.png,36.0,Male
09244.png,2.6,Male
09248.png,23.4,Male
09253.png,18.7,Male
09254.png,11.4,Male
09261.png,42.0,Male
09266.png,40.2,Male
09269.png,55.8,Male
09275.png,26.5,Male
09283.png,37.1,Male
09287.png,41.0,Male
09288.png,8.8,Male
09289.png,22.3,Male
09290.png,17.1,Male
09294.png,30.2,Male
09295.png,13.9,Male
09296.png,23.4,Male
09302.png,6.1,Male
09303.png,21.1,Male
09305.png,35.7,Male
09306.png,41.0,Male
09307.png,9.5,Male
09311.png,45.0,Male
09321.png,64.5,Male
09323.png,30.0,Male
09329.png,24.2,Male
09334.png,47.1,Male
09336.png,61.4,Male
09337.png,37.1,Male
09341.png,2.4,Male
09344.png,57.1,Male
09350.png,38.7,Male
09351.png,61.5,Male
09354.png,77.6,Male
09356.png,47.6,Male
09357.png,7.7,Male
09358.png,45.1,Male
09359.png,53.8,Male
09363.png,23.1,Male
09365.png,29.9,Male
09366.png,46.8,Male
09390.png,36.2,Male
09392.png,24.9,Male
09395.png,2.6,Male
09402.png,7.0,Male
09403.png,24.5,Male
09414.png,42.4,Male
09429.png,39.1,Male
09432.png,27.8,Male
09438.png,37.7,Male
09439.png,47.2,Male
09441.png,63.5,Male
09443.png,30.7,Male
09447.png,21.3,Male
09452.png,20.7,Male
09463.png,25.8,Male
09464.png,46.2,Male
09487.png,40.6,Male
09499.png,24.0,Male
09501.png,30.6,Male
09506.png,25.4,Male
09508.png,36.6,Male
09514.png,65.4,Male
09516.png,55.2,Male
09521.png,51.2,Male
09522.png,19.4,Male
09525.png,46.5,Male
09526.png,50.7,Male
09528.png,57.6,Male
09531.png,62.0,Male
09535.png,3.2,Male
09538.png,48.1,Male
09539.png,48.5,Male
09542.png,5.2,Male
09545.png,50.5,Male
09547.png,47.8,Male
09550.png,59.7,Male
09552.png,13.9,Male
09554.png,9.5,Male
09556.png,35.5,Male
09557.png,40.6,Male
09563.png,20.8,Male
09564.png,47.1,Male
09565.png,38.5,Male
09567.png,42.5,Male
09570.png,37.8,Male
09571.png,18.8,Male
09572.png,30.6,Male
09575.png,7.4,Male
09579.png,49.8,Male
09587.png,63.2,Male
09589.png,64.5,Male
09593.png,59.5,Male
09596.png,37.5,Male
09598.png,28.6,Male
09600.png,29.9,Male
09602.png,32.9,Male
09604.png,6.8,Male
09606.png,35.0,Male
09617.png,55.9,Male
09622.png,59.2,Male
09624.png,7.5,Male
09626.png,49.2,Male
09632.png,17.3,Male
09633.png,35.6,Male
09634.png,59.1,Male
09637.png,21.1,Male
09643.png,23.3,Male
09656.png,55.2,Male
09658.png,56.2,Male
09661.png,40.9,Male
09664.png,5.5,Male
09666.png,57.3,Male
09669.png,8.8,Male
09676.png,70.1,Male
09680.png,59.5,Male
09681.png,37.6,Male
09684.png,21.9,Male
09689.png,32.7,Male
09690.png,43.6,Male
09694.png,36.7,Male
09696.png,23.3,Male
09697.png,49.0,Male
09698.png,40.0,Male
09702.png,14.2,Male
09706.png,43.5,Male
09708.png,23.6,Male
09710.png,36.5,Male
09720.png,49.3,Male
09721.png,12.5,Male
09724.png,32.8,Male
09725.png,63.4,Male
09742.png,40.1,Male
09743.png,25.4,Male
09744.png,28.9,Male
09745.png,74.0,Male
09746.png,74.0,Male
09749.png,53.7,Male
09751.png,43.6,Male
09753.png,50.8,Male
09755.png,49.0,Male
09757.png,25.2,Male
09758.png,52.3,Male
09760.png,7.8,Male
09766.png,36.8,Male
09769.png,32.8,Male
09777.png,57.9,Male
09781.png,37.6,Male
09784.png,31.7,Male
09789.png,63.2,Male
09801.png,58.3,Male
09807.png,59.9,Male
09808.png,25.3,Male
09812.png,67.7,Male
09813.png,67.9,Male
09814.png,10.0,Male
09823.png,28.5,Male
09828.png,8.4,Male
09830.png,62.3,Male
09831.png,18.6,Male
09835.png,30.1,Male
09836.png,27.7,Male
09837.png,29.4,Male
09838.png,51.9,Male
09843.png,47.7,Male
09845.png,43.1,Male
09846.png,22.5,Male
09849.png,27.6,Male
09853.png,47.9,Male
09862.png,40.4,Male
09863.png,46.9,Male
09864.png,46.1,Male
09865.png,28.8,Male
09867.png,31.1,Male
09869.png,21.9,Male
09872.png,30.3,Male
09875.png,49.0,Male
09876.png,34.7,Male
09877.png,29.9,Male
09880.png,10.6,Male
09882.png,35.5,Male
09884.png,19.3,Male
09887.png,20.0,Male
09898.png,46.8,Male
09902.png,9.8,Male
09905.png,80.1,Male
09924.png,26.7,Male
09932.png,34.3,Male
09946.png,39.2,Male
09952.png,59.5,Male
09961.png,33.7,Male
09963.png,62.9,Male
09965.png,43.3,Male
09974.png,57.7,Male
09975.png,26.1,Male
09979.png,23.2,Male
09989.png,28.9,Male
09991.png,35.5,Male
09994.png,55.8,Male
09996.png,62.2,Male
09999.png,21.1,Male
10001.png,23.1,Male
10002.png,32.0,Male
10007.png,24.7,Male
10008.png,63.8,Male
10009.png,28.6,Male
10011.png,6.7,Male
10013.png,55.6,Male
10019.png,8.8,Male
10022.png,48.4,Male
10029.png,31.4,Male
10030.png,40.3,Male
10031.png,41.9,Male
10032.png,60.0,Male
10038.png,60.7,Male
10040.png,24.9,Male
10041.png,58.5,Male
10048.png,46.4,Male
10052.png,57.6,Male
10053.png,29.5,Male
10057.png,9.2,Male
10059.png,52.1,Male
10066.png,23.9,Male
10069.png,34.9,Male
10070.png,20.0,Male
10071.png,58.6,Male
10074.png,41.7,Male
10077.png,1.6,Male
10082.png,10.6,Male
10084.png,58.3,Male
10085.png,78.2,Male
10089.png,67.2,Male
10097.png,59.9,Male
10098.png,43.3,Male
10101.png,29.8,Male
10104.png,50.4,Male
10114.png,25.2,Male
10118.png,61.5,Male
10119.png,12.3,Male
10127.png,30.1,Male
10133.png,28.3,Male
10139.png,67.4,Male
10142.png,46.5,Male
10143.png,23.0,Male
10144.png,49.4,Male
10149.png,11.1,Male
10151.png,51.9,Male
10154.png,52.7,Male
10155.png,19.1,Male
10157.png,58.2,Male
10158.png,47.0,Male
10161.png,21.3,Male
10162.png,77.5,Male
10164.png,38.4,Male
10169.png,28.6,Male
10178.png,29.4,Male
10180.png,43.8,Male
10188.png,29.1,Male
10189.png,6.5,Male
10190.png,52.6,Male
10191.png,4.8,Male
10193.png,57.1,Male
10195.png,44.2,Male
10198.png,13.0,Male
10202.png,49.7,Male
10205.png,61.6,Male
10208.png,29.8,Male
10209.png,39.8,Male
10215.png,27.2,Male
10222.png,3.6,Male
10225.png,25.3,Male
10233.png,27.4,Male
10234.png,47.9,Male
10237.png,55.5,Male
10239.png,38.6,Male
10240.png,18.2,Male
10242.png,40.8,Male
10244.png,32.6,Male
10245.png,24.6,Male
10249.png,33.1,Male
10252.png,67.3,Male
10254.png,19.0,Male
10255.png,37.2,Male
10271.png,9.9,Male
10277.png,4.5,Male
10279.png,21.8,Male
10281.png,43.9,Male
10282.png,50.0,Male
10283.png,37.4,Male
10286.png,57.3,Male
10287.png,55.0,Male
10295.png,27.7,Male
10301.png,27.3,Male
10302.png,61.6,Male
10303.png,44.4,Male
10308.png,30.6,Male
10310.png,41.9,Male
10313.png,34.3,Male
10316.png,29.3,Male
10322.png,29.1,Male
10323.png,48.7,Male
10324.png,19.5,Male
10328.png,25.0,Male
10332.png,28.5,Male
10333.png,18.9,Male
10336.png,22.9,Male
10337.png,32.7,Male
10339.png,46.3,Male
10341.png,62.7,Male
10345.png,19.1,Male
10346.png,19.6,Male
10348.png,28.3,Male
10350.png,58.9,Male
10353.png,51.6,Male
10357.png,21.5,Male
10358.png,12.8,Male
10361.png,12.7,Male
10363.png,63.8,Male
10364.png,35.0,Male
10369.png,46.0,Male
10372.png,34.3,Male
10374.png,31.9,Male
10375.png,38.6,Male
10378.png,47.4,Male
10382.png,4.0,Male
10384.png,16.4,Male
10388.png,36.0,Male
10390.png,2.1,Male
10391.png,45.1,Male
10405.png,24.9,Male
10407.png,7.0,Male
10408.png,45.3,Male
10413.png,48.2,Male
10414.png,54.1,Male
10416.png,50.7,Male
10417.png,7.6,Male
10426.png,3.7,Male
10427.png,36.2,Male
10434.png,30.6,Male
10435.png,36.9,Male
10441.png,70.8,Male
10443.png,33.3,Male
10445.png,46.1,Male
10447.png,55.4,Male
10455.png,31.5,Male
10457.png,24.3,Male
10458.png,61.0,Male
10460.png,45.5,Male
10462.png,42.2,Male
10473.png,40.2,Male
10476.png,36.1,Male
10479.png,64.2,Male
10480.png,34.8,Male
10481.png,36.9,Male
10486.png,52.7,Male
10487.png,52.7,Male
10490.png,29.1,Male
10493.png,20.7,Male
10494.png,12.4,Male
10497.png,70.2,Male
10498.png,35.7,Male
10499.png,24.7,Male
10500.png,48.6,Male
10505.png,60.3,Male
10506.png,2.1,Male
10508.png,53.4,Male
10509.png,38.9,Male
10515.png,71.2,Male
10517.png,30.9,Male
10518.png,43.8,Male
10526.png,28.8,Male
10527.png,24.8,Male
10531.png,6.5,Male
10534.png,31.6,Male
10536.png,50.2,Male
10543.png,47.9,Male
10545.png,7.7,Male
10552.png,43.8,Male
10553.png,38.4,Male
10558.png,3.8,Male
10561.png,41.7,Male
10563.png,67.7,Male
10566.png,54.0,Male
10567.png,59.9,Male
10579.png,19.0,Male
10580.png,41.0,Male
10589.png,47.0,Male
10592.png,58.0,Male
10599.png,37.7,Male
10611.png,26.5,Male
10625.png,37.1,Male
10633.png,20.4,Male
10636.png,6.9,Male
10637.png,15.0,Male
10641.png,21.3,Male
10644.png,67.8,Male
10646.png,60.8,Male
10652.png,29.7,Male
10653.png,30.4,Male
10657.png,22.1,Male
10665.png,11.8,Male
10670.png,13.6,Male
10673.png,5.3,Male
10682.png,33.2,Male
10683.png,33.4,Male
10689.png,42.3,Male
10691.png,47.4,Male
10693.png,25.0,Male
10696.png,53.2,Male
10709.png,18.7,Male
10714.png,15.0,Male
10717.png,44.7,Male
10722.png,32.1,Male
10726.png,13.8,Male
10730.png,45.4,Male
10735.png,52.8,Male
10736.png,4.6,Male
10739.png,5.4,Male
10740.png,12.8,Male
10741.png,31.7,Male
10744.png,54.6,Male
10745.png,53.4,Male
10747.png,41.4,Male
10749.png,51.5,Male
10752.png,36.9,Male
10760.png,73.7,Male
10769.png,35.6,Male
10772.png,65.2,Male
10774.png,22.2,Male
10775.png,72.9,Male
10778.png,60.4,Male
10780.png,19.5,Male
10782.png,46.5,Male
10784.png,25.2,Male
10788.png,37.2,Male
10791.png,7.1,Male
10793.png,7.3,Male
10794.png,35.1,Male
10798.png,28.7,Male
10802.png,49.5,Male
10803.png,47.2,Male
10811.png,8.3,Male
10814.png,61.3,Male
10819.png,26.8,Male
10828.png,19.9,Male
10830.png,59.4,Male
10831.png,48.4,Male
10832.png,54.5,Male
10835.png,7.4,Male
10837.png,2.6,Male
10838.png,5.2,Male
10852.png,47.2,Male
10855.png,44.3,Male
10863.png,23.5,Male
10874.png,32.7,Male
10876.png,32.9,Male
10878.png,24.8,Male
10888.png,47.2,Male
10890.png,33.9,Male
10891.png,45.4,Male
10898.png,34.5,Male
10899.png,32.8,Male
10909.png,23.3,Male
10911.png,17.6,Male
10912.png,9.6,Male
10914.png,23.6,Male
10917.png,41.9,Male
10918.png,1.5,Male
10919.png,37.1,Male
10922.png,45.5,Male
10929.png,3.9,Male
10937.png,20.7,Male
10943.png,37.3,Male
10944.png,47.4,Male
10953.png,39.0,Male
10956.png,28.1,Male
10957.png,35.1,Male
10958.png,68.4,Male
10959.png,10.5,Male
10962.png,46.2,Male
10967.png,20.1,Male
10969.png,30.9,Male
10971.png,9.1,Male
10972.png,3.9,Male
10982.png,41.9,Male
10984.png,36.8,Male
10986.png,11.6,Male
10992.png,9.2,Male
10993.png,56.6,Male
10995.png,41.7,Male
10998.png,45.8,Male
11000.png,41.0,Male
11003.png,27.8,Male
11005.png,26.9,Male
11006.png,16.2,Male
11011.png,4.3,Male
11013.png,12.1,Male
11014.png,6.0,Male
11015.png,54.3,Male
11016.png,45.3,Male
11018.png,63.3,Male
11023.png,11.8,Male
11024.png,45.5,Male
11042.png,58.1,Male
11046.png,51.6,Male
11050.png,36.4,Male
11053.png,44.1,Male
11056.png,39.9,Male
11062.png,61.7,Male
11067.png,63.1,Male
11069.png,54.2,Male
11074.png,35.3,Male
11080.png,39.4,Male
11086.png,14.4,Male
11089.png,65.6,Male
11090.png,22.0,Male
11093.png,23.7,Male
11094.png,47.7,Male
11096.png,4.3,Male
11097.png,5.7,Male
11101.png,52.1,Male
11104.png,27.5,Male
11107.png,22.2,Male
11108.png,48.1,Male
11109.png,13.1,Male
11112.png,53.0,Male
11114.png,41.0,Male
11115.png,45.6,Male
11116.png,24.5,Male
11118.png,83.2,Male
11120.png,21.9,Male
11123.png,20.9,Male
11128.png,6.0,Male
11130.png,16.2,Male
11133.png,37.2,Male
11135.png,38.8,Male
11136.png,30.0,Male
11138.png,7.4,Male
11139.png,20.3,Male
11140.png,46.8,Male
11141.png,30.1,Male
11142.png,40.5,Male
11146.png,54.7,Male
11147.png,2.1,Male
11151.png,27.5,Male
11157.png,43.3,Male
11161.png,31.4,Male
11162.png,9.0,Male
11164.png,40.6,Male
11170.png,33.2,Male
11171.png,9.2,Male
11174.png,7.1,Male
11181.png,4.9,Male
11188.png,22.3,Male
11190.png,3.3,Male
11211.png,26.1,Male
11219.png,29.4,Male
11221.png,35.7,Male
11226.png,57.9,Male
11232.png,28.4,Male
11233.png,56.7,Male
11237.png,61.8,Male
11239.png,41.0,Male
11247.png,22.4,Male
11248.png,24.6,Male
11253.png,64.3,Male
11255.png,4.5,Male
11265.png,11.1,Male
11272.png,27.9,Male
11273.png,31.2,Male
11274.png,43.7,Male
11282.png,21.3,Male
11284.png,58.9,Male
11287.png,24.1,Male
11293.png,62.6,Male
11294.png,26.5,Male
11296.png,34.1,Male
11297.png,3.3,Male
11300.png,48.5,Male
11321.png,27.7,Male
11322.png,54.3,Male
11326.png,24.5,Male
11327.png,3.0,Male
11330.png,42.3,Male
11331.png,1.1,Male
11334.png,60.9,Male
11338.png,45.4,Male
11343.png,15.4,Male
11353.png,28.5,Male
11359.png,23.7,Male
11362.png,9.7,Male
11368.png,19.5,Male
11376.png,44.2,Male
11380.png,38.0,Male
11382.png,35.5,Male
11385.png,37.4,Male
11387.png,29.5,Male
11395.png,51.0,Male
11400.png,68.0,Male
11401.png,29.8,Male
11404.png,55.9,Male
11406.png,14.4,Male
11413.png,19.1,Male
11415.png,21.2,Male
11416.png,46.5,Male
11417.png,8.3,Male
11420.png,31.0,Male
11421.png,54.9,Male
11425.png,20.5,Male
11428.png,59.7,Male
11433.png,37.3,Male
11435.png,32.8,Male
11436.png,55.0,Male
11442.png,26.2,Male
11443.png,45.6,Male
11452.png,42.2,Male
11453.png,42.9,Male
11471.png,36.4,Male
11473.png,53.4,Male
11481.png,33.5,Male
11484.png,22.0,Male
11485.png,57.4,Male
11486.png,33.5,Male
11491.png,70.0,Male
11492.png,63.1,Male
11495.png,51.3,Male
11497.png,54.4,Male
11498.png,45.5,Male
11506.png,34.1,Male
11507.png,38.2,Male
11510.png,59.1,Male
11526.png,35.5,Male
11535.png,6.6,Male
11536.png,33.1,Male
11537.png,62.0,Male
11539.png,29.4,Male
11542.png,6.4,Male
11546.png,48.5,Male
11549.png,37.5,Male
11551.png,37.0,Male
11552.png,49.9,Male
11555.png,37.6,Male
11561.png,24.0,Male
11562.png,71.1,Male
11564.png,21.2,Male
11584.png,38.4,Male
11588.png,46.7,Male
11590.png,27.1,Male
11591.png,29.5,Male
11592.png,36.2,Male
11593.png,59.3,Male
11594.png,8.8,Male
11603.png,15.2,Male
11609.png,55.2,Male
11623.png,40.0,Male
11624.png,26.9,Male
11626.png,9.1,Male
11627.png,40.7,Male
11629.png,7.4,Male
11641.png,36.9,Male
11648.png,6.5,Male
11660.png,45.9,Male
11662.png,21.8,Male
11665.png,56.5,Male
11668.png,10.6,Male
11673.png,31.1,Male
11679.png,30.9,Male
11683.png,57.5,Male
11689.png,9.0,Male
11690.png,8.1,Male
11695.png,32.1,Male
11696.png,27.2,Male
11701.png,67.3,Male
11703.png,30.2,Male
11704.png,21.7,Male
11706.png,26.9,Male
11708.png,51.7,Male
11715.png,9.8,Male
11721.png,33.9,Male
11722.png,33.9,Male
11723.png,32.6,Male
11725.png,30.9,Male
11726.png,5.8,Male
11727.png,51.1,Male
11728.png,40.4,Male
11736.png,19.6,Male
11738.png,51.7,Male
11740.png,44.2,Male
11743.png,4.5,Male
11745.png,47.5,Male
11746.png,3.4,Male
11747.png,48.2,Male
11749.png,59.7,Male
11750.png,55.6,Male
11751.png,23.0,Male
11753.png,39.9,Male
11759.png,40.5,Male
11761.png,35.9,Male
11770.png,38.1,Male
11773.png,4.4,Male
11776.png,5.2,Male
11789.png,19.1,Male
11792.png,15.6,Male
11793.png,34.7,Male
11794.png,21.7,Male
11799.png,23.0,Male
11802.png,57.8,Male
11804.png,37.0,Male
11807.png,9.5,Male
11808.png,4.6,Male
11809.png,76.5,Male
11813.png,31.4,Male
11814.png,30.2,Male
11818.png,42.1,Male
11820.png,36.8,Male
11822.png,29.9,Male
11824.png,60.7,Male
11825.png,3.9,Male
11827.png,60.7,Male
11829.png,36.3,Male
11830.png,3.0,Male
11835.png,49.6,Male
11836.png,28.5,Male
11839.png,7.6,Male
11842.png,59.4,Male
11846.png,48.0,Male
11847.png,72.3,Male
11848.png,49.0,Male
11851.png,44.6,Male
11853.png,8.7,Male
11854.png,55.3,Male
11855.png,25.8,Male
11857.png,5.2,Male
11858.png,41.3,Male
11866.png,41.0,Male
11867.png,62.9,Male
11869.png,72.1,Male
11870.png,3.9,Male
11880.png,21.1,Male
11883.png,46.7,Male
11890.png,51.0,Male
11892.png,41.3,Male
11895.png,8.6,Male
11898.png,22.6,Male
11900.png,21.4,Male
11905.png,41.1,Male
11910.png,54.0,Male
11913.png,68.1,Male
11915.png,5.0,Male
11916.png,47.5,Male
11919.png,34.4,Male
11921.png,33.8,Male
11923.png,39.4,Male
11925.png,32.1,Male
11930.png,36.2,Male
11939.png,25.6,Male
11941.png,61.8,Male
11945.png,49.4,Male
11950.png,38.2,Male
11952.png,19.1,Male
11953.png,32.9,Male
11955.png,53.0,Male
11957.png,6.3,Male
11959.png,39.6,Male
11970.png,41.3,Male
11971.png,16.8,Male
11974.png,35.5,Male
11976.png,54.9,Male
11978.png,59.1,Male
11980.png,54.7,Male
11982.png,54.1,Male
11988.png,39.5,Male
11993.png,4.4,Male
11995.png,28.5,Male
12004.png,10.1,Male
12006.png,24.5,Male
12011.png,21.4,Male
12014.png,34.0,Male
12015.png,60.0,Male
12018.png,31.7,Male
12019.png,32.4,Male
12021.png,19.8,Male
12026.png,5.6,Male
12027.png,47.7,Male
12032.png,47.5,Male
12040.png,28.4,Male
12042.png,7.1,Male
12045.png,28.9,Male
12046.png,42.7,Male
12050.png,81.8,Male
12051.png,55.2,Male
12053.png,43.4,Male
12054.png,44.2,Male
12055.png,24.9,Male
12057.png,27.4,Male
12062.png,3.2,Male
12065.png,20.3,Male
12067.png,19.9,Male
12074.png,44.6,Male
12077.png,52.8,Male
12088.png,21.1,Male
12091.png,62.3,Male
12093.png,14.1,Male
12094.png,69.7,Male
12097.png,31.3,Male
12098.png,13.7,Male
12099.png,43.9,Male
12103.png,43.0,Male
12108.png,48.6,Male
12112.png,38.4,Male
12116.png,10.9,Male
12119.png,42.6,Male
12120.png,4.7,Male
12121.png,20.0,Male
12130.png,28.0,Male
12137.png,48.2,Male
12144.png,2.9,Male
12156.png,65.7,Male
12160.png,57.2,Male
12166.png,36.9,Male
12169.png,9.5,Male
12170.png,33.2,Male
12177.png,29.0,Male
12178.png,34.4,Male
12180.png,24.3,Male
12181.png,39.0,Male
12182.png,43.5,Male
12183.png,57.1,Male
12185.png,42.9,Male
12190.png,3.4,Male
12193.png,50.2,Male
12196.png,29.4,Male
12197.png,35.4,Male
12198.png,28.2,Male
12199.png,33.6,Male
12202.png,71.1,Male
12203.png,41.2,Male
12206.png,28.3,Male
12208.png,54.6,Male
12209.png,62.7,Male
12214.png,57.2,Male
12217.png,37.2,Male
12218.png,28.9,Male
12219.png,38.1,Male
12221.png,37.5,Male
12223.png,55.9,Male
12224.png,27.6,Male
12227.png,33.7,Male
12234.png,35.7,Male
12237.png,23.9,Male
12240.png,46.5,Male
12245.png,57.8,Male
12249.png,26.2,Male
12251.png,61.9,Male
12252.png,5.3,Male
12254.png,7.2,Male
12255.png,56.3,Male
12256.png,25.0,Male
12258.png,58.4,Male
12260.png,27.0,Male
12264.png,33.8,Male
12265.png,40.7,Male
12270.png,10.2,Male
12272.png,31.8,Male
12274.png,24.7,Male
12280.png,16.7,Male
12281.png,39.2,Male
12293.png,33.6,Male
12300.png,41.8,Male
12302.png,54.7,Male
12306.png,53.4,Male
12308.png,17.3,Male
12310.png,28.1,Male
12315.png,61.7,Male
12321.png,45.5,Male
12324.png,24.1,Male
12332.png,30.7,Male
12334.png,35.3,Male
12335.png,32.1,Male
12341.png,59.6,Male
12346.png,43.7,Male
12347.png,69.6,Male
12352.png,17.7,Male
12358.png,13.5,Male
12359.png,2.4,Male
12360.png,13.5,Male
12362.png,41.7,Male
12363.png,18.7,Male
12368.png,39.4,Male
12369.png,34.6,Male
12372.png,17.2,Male
12381.png,23.0,Male
12384.png,39.3,Male
12387.png,35.2,Male
12388.png,47.6,Male
12393.png,46.7,Male
12395.png,45.1,Male
12396.png,55.3,Male
12397.png,19.2,Male
12412.png,26.0,Male
12414.png,26.8,Male
12415.png,63.3,Male
12416.png,20.6,Male
12418.png,9.7,Male
12419.png,34.7,Male
12424.png,41.0,Male
12431.png,20.3,Male
12440.png,15.8,Male
12445.png,32.0,Male
12448.png,40.8,Male
12451.png,28.0,Male
12462.png,32.9,Male
12463.png,40.5,Male
12467.png,44.4,Male
12472.png,52.5,Male
12475.png,5.9,Male
12478.png,51.7,Male
12481.png,24.0,Male
12483.png,32.4,Male
12484.png,18.5,Male
12487.png,40.9,Male
12488.png,31.3,Male
12492.png,1.9,Male
12499.png,67.8,Male
12502.png,26.6,Male
12509.png,58.5,Male
12516.png,20.6,Male
12521.png,16.2,Male
12522.png,1.7,Male
12524.png,13.8,Male
12527.png,56.7,Male
12528.png,24.3,Male
12536.png,58.7,Male
12537.png,44.8,Male
12539.png,76.7,Male
12541.png,1.3,Male
12554.png,45.7,Male
12559.png,26.1,Male
12560.png,12.0,Male
12561.png,13.4,Male
12564.png,33.6,Male
12568.png,22.3,Male
12571.png,24.9,Male
12576.png,4.0,Male
12577.png,53.3,Male
12579.png,41.7,Male
12580.png,33.1,Male
12588.png,28.9,Male
12589.png,55.3,Male
12594.png,37.5,Male
12595.png,15.1,Male
12597.png,3.9,Male
12598.png,57.3,Male
12609.png,29.2,Male
12615.png,24.8,Male
12616.png,46.2,Male
12622.png,71.6,Male
12624.png,60.8,Male
12626.png,43.3,Male
12630.png,27.4,Male
12631.png,76.9,Male
12633.png,11.5,Male
12635.png,42.1,Male
12648.png,3.5,Male
12652.png,15.8,Male
12653.png,3.9,Male
12656.png,32.7,Male
12657.png,44.5,Male
12659.png,70.8,Male
12661.png,45.8,Male
12664.png,72.0,Male
12672.png,26.5,Male
12675.png,65.3,Male
12676.png,12.7,Male
12678.png,41.8,Male
12685.png,10.5,Male
12689.png,24.9,Male
12693.png,35.5,Male
12695.png,34.2,Male
12696.png,40.7,Male
12697.png,22.4,Male
12699.png,27.0,Male
12700.png,46.6,Male
12704.png,34.7,Male
12705.png,29.4,Male
12709.png,61.3,Male
12711.png,42.7,Male
12712.png,14.6,Male
12722.png,49.1,Male
12723.png,42.9,Male
12725.png,28.1,Male
12726.png,4.6,Male
12729.png,28.7,Male
12730.png,39.9,Male
12733.png,45.4,Male
12735.png,13.7,Male
12736.png,48.1,Male
12739.png,23.5,Male
12744.png,21.3,Male
12748.png,60.5,Male
12752.png,54.2,Male
12755.png,33.6,Male
12759.png,29.2,Male
12761.png,12.6,Male
12763.png,32.8,Male
12766.png,54.1,Male
12767.png,31.0,Male
12770.png,49.0,Male
12771.png,49.9,Male
12772.png,65.2,Male
12776.png,30.7,Male
12780.png,30.4,Male
12793.png,21.2,Male
12795.png,29.1,Male
12799.png,63.6,Male
12800.png,47.7,Male
12803.png,45.4,Male
12805.png,33.5,Male
12806.png,5.7,Male
12807.png,65.1,Male
12809.png,37.1,Male
12817.png,48.5,Male
12820.png,22.9,Male
12833.png,36.5,Male
12838.png,62.9,Male
12843.png,25.8,Male
12844.png,13.0,Male
12845.png,21.9,Male
12853.png,50.0,Male
12856.png,41.8,Male
12863.png,9.8,Male
12871.png,25.3,Male
12873.png,65.6,Male
12878.png,48.0,Male
12879.png,29.4,Male
12880.png,24.9,Male
12881.png,23.0,Male
12883.png,42.4,Male
12887.png,27.5,Male
12889.png,36.7,Male
12898.png,15.5,Male
12899.png,8.5,Male
12903.png,27.7,Male
12905.png,2.1,Male
12908.png,61.0,Male
12913.png,42.7,Male
12917.png,44.3,Male
12920.png,27.3,Male
12923.png,55.1,Male
12924.png,45.6,Male
12928.png,13.7,Male
12930.png,58.5,Male
12931.png,10.4,Male
12932.png,35.9,Male
12934.png,43.0,Male
12942.png,36.7,Male
12943.png,52.9,Male
12947.png,67.1,Male
12948.png,66.8,Male
12950.png,40.0,Male
12954.png,64.6,Male
12955.png,36.8,Male
12960.png,27.1,Male
12963.png,32.5,Male
12970.png,60.4,Male
12972.png,19.9,Male
12977.png,56.7,Male
12978.png,35.9,Male
12982.png,55.6,Male
12984.png,35.4,Male
12987.png,4.8,Male
12989.png,56.8,Male
12994.png,64.9,Male
12995.png,56.7,Male
12999.png,41.9,Male
13004.png,6.2,Male
13005.png,53.0,Male
13006.png,47.3,Male
13014.png,18.9,Male
13019.png,52.6,Male
13022.png,48.9,Male
13033.png,20.7,Male
13036.png,30.1,Male
13037.png,30.2,Male
13051.png,28.6,Male
13055.png,74.1,Male
13065.png,47.3,Male
13068.png,43.6,Male
13069.png,29.1,Male
13070.png,27.1,Male
13071.png,51.7,Male
13075.png,29.6,Male
13076.png,54.5,Male
13077.png,29.3,Male
13082.png,50.4,Male
13090.png,21.8,Male
13093.png,59.2,Male
13095.png,61.6,Male
13096.png,16.5,Male
13100.png,2.8,Male
13102.png,62.4,Male
13103.png,70.0,Male
13104.png,29.1,Male
13106.png,42.4,Male
13108.png,25.0,Male
13109.png,31.2,Male
13113.png,48.2,Male
13114.png,55.7,Male
13115.png,43.6,Male
13118.png,14.8,Male
13119.png,28.7,Male
13122.png,55.6,Male
13123.png,16.8,Male
13124.png,69.0,Male
13125.png,39.4,Male
13126.png,40.2,Male
13129.png,6.2,Male
13130.png,28.3,Male
13133.png,10.3,Male
13134.png,51.7,Male
13137.png,24.8,Male
13141.png,29.4,Male
13143.png,56.4,Male
13154.png,54.4,Male
13155.png,39.0,Male
13156.png,37.6,Male
13159.png,38.5,Male
13164.png,61.3,Male
13166.png,36.2,Male
13167.png,35.5,Male
13168.png,20.8,Male
13170.png,27.9,Male
13173.png,53.1,Male
13174.png,3.2,Male
13176.png,41.0,Male
13178.png,4.6,Male
13182.png,46.1,Male
13193.png,26.8,Male
13195.png,15.7,Male
13205.png,31.1,Male
13206.png,27.5,Male
13207.png,25.3,Male
13213.png,63.5,Male
13217.png,26.8,Male
13224.png,5.0,Male
13225.png,55.5,Male
13226.png,78.8,Male
13229.png,44.6,Male
13235.png,24.7,Male
13237.png,58.5,Male
13238.png,10.4,Male
13242.png,33.2,Male
13246.png,34.1,Male
13248.png,34.8,Male
13254.png,44.6,Male
13255.png,35.3,Male
13256.png,40.5,Male
13263.png,62.5,Male
13267.png,22.4,Male
13272.png,6.1,Male
13274.png,34.4,Male
13275.png,58.3,Male
13276.png,26.4,Male
13277.png,25.3,Male
13278.png,24.6,Male
13282.png,61.6,Male
13291.png,60.3,Male
13292.png,38.6,Male
13294.png,34.4,Male
13295.png,49.0,Male
13303.png,47.7,Male
13305.png,54.6,Male
13307.png,42.9,Male
13308.png,5.4,Male
13311.png,51.6,Male
13315.png,53.3,Male
13318.png,53.0,Male
13320.png,48.0,Male
13324.png,57.2,Male
13325.png,27.5,Male
13332.png,56.3,Male
13334.png,48.4,Male
13336.png,39.6,Male
13344.png,24.0,Male
13346.png,77.7,Male
13352.png,49.3,Male
13356.png,12.7,Male
13357.png,28.8,Male
13362.png,60.6,Male
13372.png,12.1,Male
13376.png,20.6,Male
13377.png,18.6,Male
13392.png,26.8,Male
13396.png,56.0,Male
13398.png,21.2,Male
13399.png,48.2,Male
13402.png,27.8,Male
13405.png,40.3,Male
13409.png,58.0,Male
13410.png,39.9,Male
13411.png,29.6,Male
13413.png,4.9,Male
13418.png,46.4,Male
13422.png,24.1,Male
13423.png,39.0,Male
13424.png,45.0,Male
13425.png,13.0,Male
13428.png,42.3,Male
13431.png,29.4,Male
13432.png,61.3,Male
13434.png,40.6,Male
13437.png,25.3,Male
13441.png,9.5,Male
13443.png,36.4,Male
13446.png,37.3,Male
13447.png,58.7,Male
13449.png,33.9,Male
13453.png,39.9,Male
13456.png,35.0,Male
13459.png,7.9,Male
13462.png,52.6,Male
13466.png,20.1,Male
13473.png,50.7,Male
13474.png,2.3,Male
13476.png,64.9,Male
13485.png,20.1,Male
13486.png,26.6,Male
13487.png,26.4,Male
13489.png,61.0,Male
13491.png,31.5,Male
13493.png,47.0,Male
13494.png,33.6,Male
13497.png,27.4,Male
13501.png,2.7,Male
13506.png,16.5,Male
13508.png,26.6,Male
13513.png,8.3,Male
13525.png,33.6,Male
13526.png,29.1,Male
13527.png,24.9,Male
13529.png,61.7,Male
13531.png,21.3,Male
13537.png,29.1,Male
13538.png,75.3,Male
13555.png,30.7,Male
13566.png,29.8,Male
13573.png,32.1,Male
13574.png,6.0,Male
13575.png,37.2,Male
13577.png,36.2,Male
13579.png,45.4,Male
13580.png,50.3,Male
13582.png,34.3,Male
13586.png,51.1,Male
13587.png,46.7,Male
13588.png,35.4,Male
13593.png,2.9,Male
13604.png,33.2,Male
13606.png,36.6,Male
13607.png,60.1,Male
13610.png,37.1,Male
13614.png,2.5,Male
13616.png,57.8,Male
13619.png,3.1,Male
13621.png,57.4,Male
13622.png,34.1,Male
13624.png,44.3,Male
13626.png,54.6,Male
13629.png,18.4,Male
13639.png,28.4,Male
13643.png,23.7,Male
13644.png,31.7,Male
13645.png,29.5,Male
13650.png,37.3,Male
13664.png,28.8,Male
13672.png,47.5,Male
13673.png,66.7,Male
13674.png,19.0,Male
13680.png,6.2,Male
13681.png,40.5,Male
13683.png,25.7,Male
13686.png,36.3,Male
13691.png,73.8,Male
13695.png,30.9,Male
13697.png,51.9,Male
13701.png,54.9,Male
13702.png,41.1,Male
13703.png,12.1,Male
13708.png,48.4,Male
13709.png,49.7,Male
13710.png,42.7,Male
13711.png,45.9,Male
13717.png,49.3,Male
13719.png,57.9,Male
13726.png,49.6,Male
13730.png,34.6,Male
13737.png,39.9,Male
13741.png,8.9,Male
13742.png,32.9,Male
13749.png,44.5,Male
13751.png,49.8,Male
13757.png,19.2,Male
13762.png,44.1,Male
13767.png,51.0,Male
13768.png,46.3,Male
13771.png,18.5,Male
13780.png,29.1,Male
13785.png,4.4,Male
13787.png,7.1,Male
13791.png,26.8,Male
13792.png,6.4,Male
13793.png,49.5,Male
13801.png,38.7,Male
13810.png,45.3,Male
13816.png,23.4,Male
13819.png,6.3,Male
13824.png,4.9,Male
13829.png,4.9,Male
13833.png,41.5,Male
13845.png,36.1,Male
13846.png,58.0,Male
13848.png,28.0,Male
13849.png,6.1,Male
13853.png,42.0,Male
13863.png,42.9,Male
13865.png,36.5,Male
13871.png,38.4,Male
13875.png,45.8,Male
13876.png,31.3,Male
13878.png,74.9,Male
13879.png,16.9,Male
13884.png,69.7,Male
13886.png,46.2,Male
13891.png,37.6,Male
13894.png,21.7,Male
13895.png,24.1,Male
13896.png,35.4,Male
13899.png,1.1,Male
13902.png,25.4,Male
13909.png,30.5,Male
13910.png,45.5,Male
13911.png,32.0,Male
13917.png,34.9,Male
13921.png,46.7,Male
13922.png,52.8,Male
13924.png,22.3,Male
13926.png,45.7,Male
13928.png,52.8,Male
13931.png,40.9,Male
13933.png,32.2,Male
13935.png,9.9,Male
13936.png,53.5,Male
13937.png,44.5,Male
13938.png,31.2,Male
13941.png,57.6,Male
13947.png,27.3,Male
13948.png,33.9,Male
13949.png,56.8,Male
13950.png,52.8,Male
13951.png,8.1,Male
13954.png,35.3,Male
13955.png,31.4,Male
13958.png,36.2,Male
13960.png,9.5,Male
13965.png,59.5,Male
13968.png,29.0,Male
13970.png,71.3,Male
13973.png,60.0,Male
13977.png,26.5,Male
13979.png,18.8,Male
13983.png,16.4,Male
13989.png,59.0,Male
13991.png,39.2,Male
13994.png,16.3,Male
14000.png,1.2,Male
14002.png,62.7,Male
14003.png,35.2,Male
14010.png,29.7,Male
14016.png,26.2,Male
14018.png,62.7,Male
14019.png,6.6,Male
14020.png,34.6,Male
14021.png,42.2,Male
14022.png,4.7,Male
14025.png,38.6,Male
14026.png,22.2,Male
14029.png,22.0,Male
14031.png,57.6,Male
14034.png,35.5,Male
14040.png,26.4,Male
14042.png,20.4,Male
14043.png,36.9,Male
14044.png,28.4,Male
14046.png,35.5,Male
14047.png,33.1,Male
14048.png,38.1,Male
14053.png,58.0,Male
14058.png,51.7,Male
14064.png,26.3,Male
14067.png,10.9,Male
14068.png,34.3,Male
14074.png,53.2,Male
14075.png,46.3,Male
14076.png,48.6,Male
14077.png,32.0,Male
14085.png,32.7,Male
14089.png,9.9,Male
14093.png,44.2,Male
14095.png,27.8,Male
14097.png,34.6,Male
14107.png,44.2,Male
14111.png,53.6,Male
14113.png,31.7,Male
14114.png,50.3,Male
14122.png,15.9,Male
14125.png,22.6,Male
14126.png,68.1,Male
14127.png,17.5,Male
14129.png,49.2,Male
14130.png,41.2,Male
14131.png,42.0,Male
14134.png,24.6,Male
14136.png,60.6,Male
14139.png,37.6,Male
14140.png,64.0,Male
14141.png,39.2,Male
14146.png,33.3,Male
14150.png,72.1,Male
14156.png,2.1,Male
14160.png,1.6,Male
14166.png,50.8,Male
14168.png,72.8,Male
14169.png,39.6,Male
14170.png,55.0,Male
14179.png,45.3,Male
14184.png,20.5,Male
14192.png,28.3,Male
14195.png,47.5,Male
14201.png,63.7,Male
14202.png,21.3,Male
14208.png,48.3,Male
14212.png,23.5,Male
14213.png,55.3,Male
14216.png,73.3,Male
14220.png,26.4,Male
14224.png,49.3,Male
14230.png,33.8,Male
14239.png,16.4,Male
14240.png,60.2,Male
14242.png,69.9,Male
14246.png,37.7,Male
14249.png,34.9,Male
14250.png,44.5,Male
14253.png,5.2,Male
14257.png,9.1,Male
14264.png,16.7,Male
14267.png,56.6,Male
14272.png,50.6,Male
14280.png,50.1,Male
14282.png,37.0,Male
14283.png,37.0,Male
14293.png,20.7,Male
14300.png,30.1,Male
14302.png,35.4,Male
14307.png,42.5,Male
14308.png,48.7,Male
14311.png,29.7,Male
14312.png,48.5,Male
14314.png,54.4,Male
14316.png,52.2,Male
14322.png,55.9,Male
14326.png,30.5,Male
14328.png,52.8,Male
14331.png,56.7,Male
14334.png,30.0,Male
14335.png,35.0,Male
14336.png,2.5,Male
14337.png,31.5,Male
14338.png,56.5,Male
14347.png,17.6,Male
14349.png,17.5,Male
14354.png,1.9,Male
14357.png,53.3,Male
14366.png,46.6,Male
14367.png,45.1,Male
14371.png,43.2,Male
14375.png,40.6,Male
14378.png,42.7,Male
14379.png,46.9,Male
14382.png,37.3,Male
14383.png,37.4,Male
14394.png,53.8,Male
14401.png,46.4,Male
14404.png,55.2,Male
14406.png,9.3,Male
14408.png,6.8,Male
14416.png,29.6,Male
14417.png,20.1,Male
14422.png,28.2,Male
14425.png,9.2,Male
14433.png,30.9,Male
14435.png,45.2,Male
14438.png,46.1,Male
14441.png,40.2,Male
14442.png,69.8,Male
14444.png,19.9,Male
14449.png,57.5,Male
14459.png,4.1,Male
14461.png,8.3,Male
14464.png,8.0,Male
14472.png,44.4,Male
14474.png,27.2,Male
14475.png,60.5,Male
14478.png,19.9,Male
14491.png,31.2,Male
14500.png,40.3,Male
14502.png,34.7,Male
14505.png,29.6,Male
14515.png,56.4,Male
14519.png,23.3,Male
14523.png,52.8,Male
14526.png,36.2,Male
14528.png,19.1,Male
14530.png,4.2,Male
14532.png,5.8,Male
14534.png,51.3,Male
14535.png,1.8,Male
14536.png,62.2,Male
14538.png,53.2,Male
14539.png,37.6,Male
14540.png,27.1,Male
14541.png,8.6,Male
14543.png,12.0,Male
14544.png,44.8,Male
14545.png,65.7,Male
14548.png,51.8,Male
14553.png,10.5,Male
14557.png,43.3,Male
14559.png,20.5,Male
14563.png,57.0,Male
14566.png,27.9,Male
14569.png,33.7,Male
14570.png,23.3,Male
14573.png,20.3,Male
14579.png,59.1,Male
14583.png,69.1,Male
14585.png,55.4,Male
14591.png,37.8,Male
14592.png,40.3,Male
14596.png,36.1,Male
14599.png,71.2,Male
14601.png,33.1,Male
14602.png,6.0,Male
14605.png,33.5,Male
14606.png,13.8,Male
14610.png,38.0,Male
14611.png,47.9,Male
14617.png,15.0,Male
14618.png,53.8,Male
14621.png,28.6,Male
14633.png,27.8,Male
14637.png,12.0,Male
14638.png,41.7,Male
14643.png,36.4,Male
14651.png,27.1,Male
14652.png,3.6,Male
14662.png,2.6,Male
14663.png,19.7,Male
14664.png,42.1,Male
14665.png,62.6,Male
14668.png,31.5,Male
14669.png,39.7,Male
14671.png,68.6,Male
14673.png,73.2,Male
14674.png,16.2,Male
14679.png,46.9,Male
14681.png,48.3,Male
14683.png,10.8,Male
14688.png,25.8,Male
14694.png,17.9,Male
14697.png,42.4,Male
14701.png,37.2,Male
14707.png,11.7,Male
14710.png,37.6,Male
14721.png,60.3,Male
14723.png,24.7,Male
14728.png,52.4,Male
14733.png,26.6,Male
14736.png,7.2,Male
14744.png,31.7,Male
14746.png,2.2,Male
14747.png,11.9,Male
14748.png,54.5,Male
14749.png,62.6,Male
14751.png,33.2,Male
14756.png,49.1,Male
14760.png,33.9,Male
14761.png,17.9,Male
14764.png,7.3,Male
14765.png,55.5,Male
14769.png,23.7,Male
14770.png,51.7,Male
14773.png,24.1,Male
14774.png,60.7,Male
14775.png,53.2,Male
14777.png,37.5,Male
14778.png,62.7,Male
14779.png,58.8,Male
14780.png,40.4,Male
14789.png,13.0,Male
14790.png,30.0,Male
14796.png,18.9,Male
14801.png,75.3,Male
14802.png,32.6,Male
14804.png,49.5,Male
14805.png,7.8,Male
14806.png,26.4,Male
14809.png,33.7,Male
14810.png,41.6,Male
14818.png,61.9,Male
14828.png,56.9,Male
14832.png,46.9,Male
14833.png,36.4,Male
14835.png,39.8,Male
14836.png,64.6,Male
14838.png,33.8,Male
14841.png,36.8,Male
14855.png,29.0,Male
14858.png,12.4,Male
14859.png,42.1,Male
14860.png,5.2,Male
14862.png,56.1,Male
14869.png,43.2,Male
14871.png,58.7,Male
14879.png,23.3,Male
14881.png,66.2,Male
14884.png,25.6,Male
14890.png,60.4,Male
14896.png,38.6,Male
14898.png,39.7,Male
14900.png,27.4,Male
14918.png,5.9,Male
14920.png,22.3,Male
14927.png,32.8,Male
14928.png,44.3,Male
14933.png,43.8,Male
14934.png,19.5,Male
14936.png,76.3,Male
14937.png,4.9,Male
14938.png,19.4,Male
14943.png,27.2,Male
14944.png,3.9,Male
14945.png,51.2,Male
14948.png,68.3,Male
14952.png,65.1,Male
14953.png,8.4,Male
14963.png,53.9,Male
14965.png,40.3,Male
14969.png,51.5,Male
14972.png,24.0,Male
14973.png,31.4,Male
14984.png,55.2,Male
14992.png,55.2,Male
14993.png,13.0,Male
14996.png,33.4,Male
14997.png,65.3,Male
14999.png,69.7,Male
15000.png,31.3,Male
15002.png,36.9,Male
15003.png,39.9,Male
15004.png,29.1,Male
15007.png,35.4,Male
15009.png,50.6,Male
15012.png,39.1,Male
15014.png,46.8,Male
15022.png,20.5,Male
15023.png,29.4,Male
15026.png,21.7,Male
15027.png,32.9,Male
15029.png,11.3,Male
15031.png,30.7,Male
15035.png,10.7,Male
15036.png,44.6,Male
15039.png,57.6,Male
15043.png,19.9,Male
15045.png,40.0,Male
15046.png,50.9,Male
15058.png,42.3,Male
15060.png,4.1,Male
15071.png,29.9,Male
15075.png,56.7,Male
15083.png,7.9,Male
15084.png,29.9,Male
15092.png,43.5,Male
15093.png,56.2,Male
15095.png,59.3,Male
15096.png,37.0,Male
15097.png,23.1,Male
15098.png,14.7,Male
15105.png,10.3,Male
15109.png,42.9,Male
15111.png,39.3,Male
15112.png,60.8,Male
15117.png,56.2,Male
15118.png,51.5,Male
15126.png,31.4,Male
15127.png,43.5,Male
15129.png,73.2,Male
15130.png,3.3,Male
15139.png,26.7,Male
15143.png,41.6,Male
15146.png,54.3,Male
15147.png,39.0,Male
15149.png,24.1,Male
15157.png,35.8,Male
15159.png,57.8,Male
15162.png,43.1,Male
15163.png,40.0,Male
15167.png,35.5,Male
15169.png,29.2,Male
15176.png,3.4,Male
15180.png,23.8,Male
15181.png,31.5,Male
15182.png,39.1,Male
15184.png,58.9,Male
15187.png,31.2,Male
15191.png,11.4,Male
15194.png,24.6,Male
15195.png,31.6,Male
15198.png,55.9,Male
15202.png,41.2,Male
15203.png,58.8,Male
15207.png,33.7,Male
15212.png,34.3,Male
15213.png,59.5,Male
15216.png,65.7,Male
15218.png,38.1,Male
15220.png,55.8,Male
15226.png,53.7,Male
15228.png,32.1,Male
15229.png,37.7,Male
15235.png,54.7,Male
15238.png,10.5,Male
15239.png,14.1,Male
15244.png,35.9,Male
15247.png,43.8,Male
15249.png,40.7,Male
15254.png,59.7,Male
15257.png,30.3,Male
15260.png,16.2,Male
15264.png,60.0,Male
15267.png,57.3,Male
15269.png,29.7,Male
15271.png,60.7,Male
15278.png,45.3,Male
15286.png,43.7,Male
15289.png,29.1,Male
15292.png,34.1,Male
15293.png,62.7,Male
15300.png,7.8,Male
15306.png,36.9,Male
15307.png,23.2,Male
15313.png,73.5,Male
15314.png,26.2,Male
15315.png,36.5,Male
15319.png,29.4,Male
15324.png,44.5,Male
15325.png,11.9,Male
15327.png,25.5,Male
15328.png,71.2,Male
15331.png,51.8,Male
15336.png,28.6,Male
15338.png,54.9,Male
15362.png,26.9,Male
15363.png,50.5,Male
15365.png,24.1,Male
15366.png,28.0,Male
15370.png,64.7,Male
15373.png,19.0,Male
15374.png,34.1,Male
15376.png,37.1,Male
15378.png,42.1,Male
15380.png,29.8,Male
15381.png,49.2,Male
15386.png,43.3,Male
15389.png,7.1,Male
15391.png,52.5,Male
15396.png,50.5,Male
15397.png,41.2,Male
15398.png,7.8,Male
15401.png,35.4,Male
15403.png,56.6,Male
15408.png,41.5,Male
15411.png,40.0,Male
15420.png,57.1,Male
15423.png,61.1,Male
15429.png,67.8,Male
15431.png,31.3,Male
15432.png,35.2,Male
15435.png,49.9,Male
15437.png,51.0,Male
15440.png,12.5,Male
15442.png,34.5,Male
15444.png,10.1,Male
15448.png,14.8,Male
15449.png,39.7,Male
15450.png,18.9,Male
15453.png,23.1,Male
15455.png,55.8,Male
15456.png,10.8,Male
15459.png,64.3,Male
15461.png,51.5,Male
15465.png,8.0,Male
15473.png,59.1,Male
15474.png,53.4,Male
15476.png,31.1,Male
15491.png,23.3,Male
15493.png,4.2,Male
15495.png,36.7,Male
15496.png,41.7,Male
15501.png,47.9,Male
15506.png,63.2,Male
15507.png,58.1,Male
15509.png,36.9,Male
15512.png,4.6,Male
15515.png,22.0,Male
15517.png,24.6,Male
15518.png,60.7,Male
15520.png,63.1,Male
15521.png,35.3,Male
15524.png,28.3,Male
15525.png,2.5,Male
15527.png,37.4,Male
15530.png,38.2,Male
15531.png,9.6,Male
15533.png,52.8,Male
15534.png,50.8,Male
15538.png,42.4,Male
15543.png,55.1,Male
15544.png,52.3,Male
15549.png,57.6,Male
15551.png,39.2,Male
15552.png,29.8,Male
15553.png,39.9,Male
15559.png,18.3,Male
15563.png,38.2,Male
15565.png,41.6,Male
15566.png,24.5,Male
15568.png,42.3,Male
15570.png,31.9,Male
15571.png,4.1,Male
15572.png,15.8,Male
15578.png,5.3,Male
15587.png,50.2,Male
15591.png,28.8,Male
15596.png,44.5,Male
15600.png,42.1,Male
15601.png,42.2,Male
15603.png,41.1,Male
15608.png,4.4,Male
15611.png,8.0,Male
15612.png,25.3,Male
15615.png,38.2,Male
15619.png,18.9,Male
15622.png,19.8,Male
15626.png,33.2,Male
15627.png,29.5,Male
15631.png,48.2,Male
15637.png,65.3,Male
15640.png,23.5,Male
15641.png,35.3,Male
15643.png,26.6,Male
15644.png,1.2,Male
15647.png,10.4,Male
15650.png,39.3,Male
15653.png,28.9,Male
15655.png,41.0,Male
15663.png,57.9,Male
15670.png,53.3,Male
15674.png,40.8,Male
15675.png,39.0,Male
15681.png,41.1,Male
15682.png,41.2,Male
15687.png,28.9,Male
15689.png,27.5,Male
15696.png,77.6,Male
15704.png,44.9,Male
15712.png,26.1,Male
15713.png,14.8,Male
15715.png,2.9,Male
15717.png,66.0,Male
15720.png,15.7,Male
15722.png,35.3,Male
15725.png,17.9,Male
15726.png,22.4,Male
15728.png,9.5,Male
15734.png,5.2,Male
15738.png,56.9,Male
15745.png,56.5,Male
15753.png,45.7,Male
15760.png,4.1,Male
15761.png,70.8,Male
15765.png,47.4,Male
15771.png,34.5,Male
15775.png,44.4,Male
15776.png,46.7,Male
15789.png,36.3,Male
15791.png,6.8,Male
15793.png,72.2,Male
15796.png,34.2,Male
15799.png,4.4,Male
15806.png,57.1,Male
15807.png,25.9,Male
15809.png,22.8,Male
15812.png,60.4,Male
15814.png,50.8,Male
15818.png,7.8,Male
15819.png,67.4,Male
15825.png,41.3,Male
15826.png,32.8,Male
15830.png,19.8,Male
15832.png,44.4,Male
15833.png,50.7,Male
15834.png,33.0,Male
15842.png,5.0,Male
15850.png,26.7,Male
15854.png,49.9,Male
15855.png,45.5,Male
15857.png,34.3,Male
15860.png,30.9,Male
15861.png,24.4,Male
15864.png,40.8,Male
15866.png,13.2,Male
15869.png,55.1,Male
15876.png,20.6,Male
15886.png,33.9,Male
15889.png,20.4,Male
15890.png,8.1,Male
15891.png,30.9,Male
15894.png,17.4,Male
15900.png,24.6,Male
15901.png,37.8,Male
15906.png,36.3,Male
15907.png,43.9,Male
15913.png,21.9,Male
15914.png,13.3,Male
15915.png,28.8,Male
15917.png,15.9,Male
15919.png,26.8,Male
15922.png,29.6,Male
15923.png,75.0,Male
15930.png,3.6,Male
15931.png,42.3,Male
15937.png,55.6,Male
15941.png,33.3,Male
15951.png,49.5,Male
15953.png,8.1,Male
15963.png,64.8,Male
15966.png,35.4,Male
15970.png,22.1,Male
15972.png,30.6,Male
15974.png,52.5,Male
15985.png,53.6,Male
15987.png,23.9,Male
15988.png,5.4,Male
15989.png,36.2,Male
15992.png,7.4,Male
15993.png,40.6,Male
15994.png,33.9,Male
15997.png,5.8,Male
16003.png,63.2,Male
16009.png,38.0,Male
16011.png,59.3,Male
16014.png,61.8,Male
16015.png,19.0,Male
16020.png,19.6,Male
16021.png,53.8,Male
16027.png,44.5,Male
16030.png,16.7,Male
16033.png,31.6,Male
16034.png,45.5,Male
16039.png,49.4,Male
16040.png,57.0,Male
16044.png,54.6,Male
16049.png,31.1,Male
16056.png,73.1,Male
16059.png,32.8,Male
16061.png,21.2,Male
16071.png,39.3,Male
16074.png,64.0,Male
16080.png,48.6,Male
16083.png,54.5,Male
16088.png,22.7,Male
16090.png,39.9,Male
16102.png,55.8,Male
16105.png,51.7,Male
16108.png,4.8,Male
16110.png,37.5,Male
16114.png,35.7,Male
16116.png,42.1,Male
16118.png,31.6,Male
16119.png,57.5,Male
16124.png,44.2,Male
16127.png,57.4,Male
16129.png,31.3,Male
16131.png,3.5,Male
16134.png,1.7,Male
16136.png,74.3,Male
16142.png,8.5,Male
16143.png,4.8,Male
16144.png,32.5,Male
16147.png,43.3,Male
16150.png,40.6,Male
16152.png,5.1,Male
16153.png,54.5,Male
16159.png,26.6,Male
16160.png,25.1,Male
16165.png,10.8,Male
16167.png,42.8,Male
16175.png,41.6,Male
16176.png,27.3,Male
16178.png,8.6,Male
16182.png,36.0,Male
16183.png,32.1,Male
16186.png,29.2,Male
16187.png,8.5,Male
16193.png,29.9,Male
16199.png,41.7,Male
16202.png,23.0,Male
16206.png,22.6,Male
16207.png,35.7,Male
16216.png,53.2,Male
16217.png,13.9,Male
16223.png,63.9,Male
16224.png,45.0,Male
16225.png,51.8,Male
16228.png,49.1,Male
16232.png,60.1,Male
16236.png,50.3,Male
16241.png,11.8,Male
16248.png,36.1,Male
16254.png,2.3,Male
16260.png,42.5,Male
16264.png,22.9,Male
16265.png,41.7,Male
16268.png,32.1,Male
16270.png,31.1,Male
16272.png,37.6,Male
16274.png,49.6,Male
16276.png,39.5,Male
16284.png,7.8,Male
16287.png,17.4,Male
16293.png,34.0,Male
16294.png,6.2,Male
16295.png,11.2,Male
16299.png,62.7,Male
16309.png,38.0,Male
16310.png,53.0,Male
16315.png,36.5,Male
16317.png,58.6,Male
16326.png,2.8,Male
16327.png,23.1,Male
16334.png,60.8,Male
16337.png,19.6,Male
16338.png,63.7,Male
16341.png,31.5,Male
16342.png,25.2,Male
16343.png,22.0,Male
16346.png,18.5,Male
16350.png,14.6,Male
16351.png,46.4,Male
16353.png,28.4,Male
16359.png,18.3,Male
16361.png,30.6,Male
16366.png,7.0,Male
16368.png,2.9,Male
16387.png,58.8,Male
16389.png,61.6,Male
16391.png,45.2,Male
16395.png,23.9,Male
16396.png,71.9,Male
16397.png,14.3,Male
16401.png,35.2,Male
16406.png,24.2,Male
16414.png,51.2,Male
16415.png,46.5,Male
16420.png,50.6,Male
16424.png,36.9,Male
16426.png,51.1,Male
16427.png,68.1,Male
16429.png,68.6,Male
16433.png,7.0,Male
16441.png,20.7,Male
16455.png,39.5,Male
16456.png,1.9,Male
16457.png,62.3,Male
16458.png,66.9,Male
16469.png,8.3,Male
16470.png,43.5,Male
16478.png,21.8,Male
16483.png,45.8,Male
16484.png,47.1,Male
16492.png,37.5,Male
16493.png,33.7,Male
16505.png,29.9,Male
16506.png,37.9,Male
16512.png,33.0,Male
16515.png,42.4,Male
16521.png,40.9,Male
16522.png,28.4,Male
16525.png,44.4,Male
16529.png,42.4,Male
16531.png,45.4,Male
16538.png,5.4,Male
16539.png,38.9,Male
16540.png,2.3,Male
16543.png,35.3,Male
16544.png,37.5,Male
16545.png,26.8,Male
16546.png,56.1,Male
16547.png,48.9,Male
16551.png,26.2,Male
16552.png,37.6,Male
16553.png,36.2,Male
16554.png,32.7,Male
16555.png,41.8,Male
16557.png,34.4,Male
16558.png,31.1,Male
16563.png,36.2,Male
16567.png,31.6,Male
16569.png,58.0,Male
16571.png,26.3,Male
16575.png,36.4,Male
16577.png,20.8,Male
16578.png,13.0,Male
16581.png,32.5,Male
16584.png,47.9,Male
16585.png,26.0,Male
16591.png,10.4,Male
16601.png,46.7,Male
16607.png,65.9,Male
16608.png,47.7,Male
16614.png,10.0,Male
16616.png,58.5,Male
16617.png,27.5,Male
16622.png,16.9,Male
16624.png,41.0,Male
16626.png,12.2,Male
16629.png,57.5,Male
16631.png,40.8,Male
16632.png,8.1,Male
16633.png,36.7,Male
16637.png,35.9,Male
16640.png,44.5,Male
16643.png,4.7,Male
16653.png,35.4,Male
16661.png,33.7,Male
16662.png,32.7,Male
16663.png,40.1,Male
16666.png,66.3,Male
16668.png,36.0,Male
16671.png,43.2,Male
16673.png,27.2,Male
16675.png,4.1,Male
16682.png,21.9,Male
16683.png,35.8,Male
16688.png,1.7,Male
16691.png,31.9,Male
16697.png,28.2,Male
16700.png,21.0,Male
16701.png,75.7,Male
16702.png,39.0,Male
16703.png,61.1,Male
16704.png,64.1,Male
16705.png,23.7,Male
16706.png,44.0,Male
16716.png,1.7,Male
16718.png,11.9,Male
16719.png,30.2,Male
16721.png,4.6,Male
16722.png,42.2,Male
16728.png,41.7,Male
16735.png,26.8,Male
16740.png,22.4,Male
16741.png,7.9,Male
16749.png,11.5,Male
16750.png,49.7,Male
16753.png,43.4,Male
16755.png,41.8,Male
16757.png,39.0,Male
16758.png,34.9,Male
16759.png,34.5,Male
16760.png,5.4,Male
16762.png,43.1,Male
16765.png,2.9,Male
16766.png,57.8,Male
16769.png,38.7,Male
16770.png,40.0,Male
16780.png,24.0,Male
16784.png,5.4,Male
16791.png,47.8,Male
16794.png,22.2,Male
16802.png,65.5,Male
16803.png,27.5,Male
16805.png,30.9,Male
16809.png,13.2,Male
16814.png,70.0,Male
16817.png,2.2,Male
16821.png,52.3,Male
16822.png,40.8,Male
16827.png,34.0,Male
16828.png,28.0,Male
16841.png,54.9,Male
16843.png,17.5,Male
16846.png,60.3,Male
16847.png,63.9,Male
16849.png,19.0,Male
16864.png,30.0,Male
16865.png,45.9,Male
16870.png,24.0,Male
16874.png,49.3,Male
16877.png,36.1,Male
16880.png,55.0,Male
16883.png,38.7,Male
16884.png,48.4,Male
16891.png,47.5,Male
16893.png,20.9,Male
16894.png,44.0,Male
16899.png,36.9,Male
16901.png,19.6,Male
16906.png,26.8,Male
16912.png,23.9,Male
16919.png,72.3,Male
16920.png,49.3,Male
16926.png,52.0,Male
16932.png,48.5,Male
16934.png,71.2,Male
16936.png,55.2,Male
16943.png,67.8,Male
16947.png,66.3,Male
16950.png,29.0,Male
16953.png,10.7,Male
16958.png,16.5,Male
16961.png,11.3,Male
16963.png,32.8,Male
16964.png,21.1,Male
16969.png,59.9,Male
16970.png,22.7,Male
16972.png,43.6,Male
16974.png,33.8,Male
16976.png,33.0,Male
17001.png,22.1,Male
17002.png,53.9,Male
17004.png,56.3,Male
17005.png,57.9,Male
17008.png,45.2,Male
17009.png,5.7,Male
17010.png,39.8,Male
17013.png,28.7,Male
17014.png,6.3,Male
17023.png,34.9,Male
17025.png,26.4,Male
17027.png,17.5,Male
17030.png,7.3,Male
17037.png,34.0,Male
17038.png,40.5,Male
17040.png,37.3,Male
17042.png,28.7,Male
17043.png,1.6,Male
17046.png,33.3,Male
17047.png,47.1,Male
17048.png,25.9,Male
17049.png,23.5,Male
17051.png,38.4,Male
17054.png,24.9,Male
17065.png,37.6,Male
17067.png,34.3,Male
17070.png,28.3,Male
17079.png,21.7,Male
17082.png,42.0,Male
17083.png,39.5,Male
17088.png,36.5,Male
17093.png,33.8,Male
17102.png,47.0,Male
17103.png,6.8,Male
17106.png,29.3,Male
17109.png,59.6,Male
17111.png,27.3,Male
17112.png,53.1,Male
17115.png,35.9,Male
17117.png,28.9,Male
17121.png,25.2,Male
17123.png,27.4,Male
17124.png,70.9,Male
17125.png,47.8,Male
17126.png,33.6,Male
17132.png,31.6,Male
17133.png,11.8,Male
17139.png,19.8,Male
17143.png,35.2,Male
17145.png,43.0,Male
17146.png,21.4,Male
17151.png,29.2,Male
17154.png,44.0,Male
17157.png,44.1,Male
17172.png,41.1,Male
17173.png,46.1,Male
17176.png,1.8,Male
17178.png,40.4,Male
17181.png,12.5,Male
17187.png,24.0,Male
17188.png,30.5,Male
17191.png,73.0,Male
17195.png,38.3,Male
17196.png,30.4,Male
17197.png,3.2,Male
17200.png,59.5,Male
17206.png,26.0,Male
17208.png,41.1,Male
17219.png,30.3,Male
17224.png,51.5,Male
17225.png,15.3,Male
17236.png,4.9,Male
17239.png,11.7,Male
17241.png,39.4,Male
17245.png,41.2,Male
17253.png,43.3,Male
17255.png,15.7,Male
17259.png,35.6,Male
17261.png,39.5,Male
17263.png,31.1,Male
17268.png,55.7,Male
17271.png,37.6,Male
17273.png,11.9,Male
17274.png,26.7,Male
17275.png,60.3,Male
17276.png,59.4,Male
17282.png,22.8,Male
17283.png,27.6,Male
17284.png,61.9,Male
17287.png,14.2,Male
17289.png,35.4,Male
17290.png,32.9,Male
17294.png,39.9,Male
17295.png,21.1,Male
17299.png,55.1,Male
17301.png,54.7,Male
17304.png,19.6,Male
17305.png,22.8,Male
17308.png,41.9,Male
17321.png,5.0,Male
17322.png,71.1,Male
17324.png,42.9,Male
17326.png,34.7,Male
17327.png,21.7,Male
17329.png,22.1,Male
17332.png,36.8,Male
17335.png,25.7,Male
17336.png,41.7,Male
17337.png,32.9,Male
17339.png,35.6,Male
17340.png,50.8,Male
17342.png,60.5,Male
17346.png,57.7,Male
17348.png,32.5,Male
17351.png,46.4,Male
17353.png,39.6,Male
17354.png,24.1,Male
17355.png,35.6,Male
17358.png,6.4,Male
17359.png,43.9,Male
17360.png,30.0,Male
17361.png,61.0,Male
17367.png,53.2,Male
17368.png,61.2,Male
17372.png,25.0,Male
17373.png,2.2,Male
17383.png,49.0,Male
17386.png,62.2,Male
17388.png,21.9,Male
17389.png,42.0,Male
17392.png,21.8,Male
17393.png,12.0,Male
17394.png,69.8,Male
17395.png,37.2,Male
17397.png,49.6,Male
17405.png,39.1,Male
17407.png,26.1,Male
17412.png,45.5,Male
17419.png,22.6,Male
17423.png,52.2,Male
17424.png,49.0,Male
17427.png,47.4,Male
17428.png,30.0,Male
17431.png,8.7,Male
17436.png,21.7,Male
17438.png,56.6,Male
17445.png,40.3,Male
17447.png,7.2,Male
17451.png,27.8,Male
17459.png,32.9,Male
17460.png,37.7,Male
17464.png,70.4,Male
17466.png,52.4,Male
17474.png,34.2,Male
17477.png,66.2,Male
17479.png,13.1,Male
17481.png,28.3,Male
17486.png,39.6,Male
17494.png,34.1,Male
17495.png,34.8,Male
17496.png,32.5,Male
17499.png,34.0,Male
17500.png,52.1,Male
17501.png,56.0,Male
17506.png,37.8,Male
17507.png,33.8,Male
17510.png,62.6,Male
17512.png,39.1,Male
17521.png,25.4,Male
17527.png,52.8,Male
17536.png,28.7,Male
17539.png,43.8,Male
17540.png,57.5,Male
17548.png,28.7,Male
17550.png,34.4,Male
17553.png,37.3,Male
17555.png,69.1,Male
17556.png,15.2,Male
17557.png,43.6,Male
17560.png,22.7,Male
17561.png,28.0,Male
17566.png,29.5,Male
17574.png,6.6,Male
17575.png,20.1,Male
17589.png,33.1,Male
17590.png,8.0,Male
17596.png,55.1,Male
17598.png,24.6,Male
17600.png,28.4,Male
17601.png,19.3,Male
17603.png,37.0,Male
17605.png,39.5,Male
17606.png,40.6,Male
17607.png,44.8,Male
17613.png,47.7,Male
17614.png,30.8,Male
17616.png,16.9,Male
17621.png,5.9,Male
17625.png,62.1,Male
17627.png,48.1,Male
17628.png,1.2,Male
17631.png,10.7,Male
17635.png,56.1,Male
17643.png,38.4,Male
17646.png,23.1,Male
17647.png,27.8,Male
17654.png,66.6,Male
17656.png,57.2,Male
17657.png,20.6,Male
17658.png,14.0,Male
17659.png,5.1,Male
17664.png,38.3,Male
17675.png,33.3,Male
17677.png,29.6,Male
17680.png,31.2,Male
17682.png,4.9,Male
17685.png,1.5,Male
17687.png,34.5,Male
17688.png,26.3,Male
17691.png,19.1,Male
17705.png,47.0,Male
17709.png,42.3,Male
17723.png,43.7,Male
17725.png,52.6,Male
17727.png,48.6,Male
17728.png,6.4,Male
17730.png,29.0,Male
17734.png,53.1,Male
17739.png,48.8,Male
17743.png,11.3,Male
17750.png,56.6,Male
17751.png,19.8,Male
17757.png,21.6,Male
17758.png,26.9,Male
17759.png,26.3,Male
17765.png,71.2,Male
17771.png,50.6,Male
17773.png,24.9,Male
17777.png,4.0,Male
17778.png,23.9,Male
17779.png,60.8,Male
17781.png,2.4,Male
17782.png,73.4,Male
17785.png,46.6,Male
17786.png,25.7,Male
17789.png,18.2,Male
17790.png,39.3,Male
17793.png,18.4,Male
17795.png,59.0,Male
17796.png,30.9,Male
17797.png,31.0,Male
17810.png,66.7,Male
17813.png,47.2,Male
17814.png,41.2,Male
17818.png,37.5,Male
17819.png,11.7,Male
17824.png,2.9,Male
17827.png,10.3,Male
17836.png,10.6,Male
17837.png,58.9,Male
17839.png,30.1,Male
17840.png,29.0,Male
17841.png,58.5,Male
17842.png,61.7,Male
17847.png,51.6,Male
17849.png,40.2,Male
17853.png,4.5,Male
17858.png,45.3,Male
17864.png,30.8,Male
17865.png,43.9,Male
17873.png,62.1,Male
17875.png,22.9,Male
17878.png,21.0,Male
17881.png,51.7,Male
17882.png,37.3,Male
17884.png,35.6,Male
17888.png,37.0,Male
17890.png,36.3,Male
17891.png,40.8,Male
17892.png,26.6,Male
17895.png,36.4,Male
17898.png,7.1,Male
17899.png,50.0,Male
17907.png,53.2,Male
17911.png,45.2,Male
17912.png,2.7,Male
17918.png,61.8,Male
17927.png,22.2,Male
17932.png,52.5,Male
17933.png,1.7,Male
17937.png,37.6,Male
17938.png,20.5,Male
17940.png,69.7,Male
17942.png,6.6,Male
17946.png,9.2,Male
17947.png,22.6,Male
17950.png,54.1,Male
17953.png,21.6,Male
17956.png,47.0,Male
17961.png,69.0,Male
17964.png,4.0,Male
17965.png,55.8,Male
17968.png,64.6,Male
17973.png,4.0,Male
17974.png,54.3,Male
17978.png,9.6,Male
17980.png,27.1,Male
17982.png,10.3,Male
17984.png,26.2,Male
17985.png,32.6,Male
17987.png,32.0,Male
17988.png,63.8,Male
17991.png,6.0,Male
17992.png,41.7,Male
17995.png,23.4,Male
17997.png,29.1,Male
18000.png,26.3,Male
18003.png,57.0,Male
18004.png,48.1,Male
18012.png,25.1,Male
18013.png,26.1,Male
18015.png,26.8,Male
18017.png,16.2,Male
18018.png,18.6,Male
18021.png,51.3,Male
18024.png,52.7,Male
18025.png,56.1,Male
18026.png,19.5,Male
18029.png,45.0,Male
18030.png,54.5,Male
18033.png,35.1,Male
18035.png,48.2,Male
18040.png,2.9,Male
18043.png,65.5,Male
18045.png,8.0,Male
18047.png,28.2,Male
18051.png,39.5,Male
18056.png,11.2,Male
18057.png,59.1,Male
18058.png,40.0,Male
18061.png,19.5,Male
18070.png,61.2,Male
18071.png,35.4,Male
18074.png,28.4,Male
18081.png,41.1,Male
18083.png,42.4,Male
18087.png,20.7,Male
18094.png,40.8,Male
18096.png,21.5,Male
18098.png,25.3,Male
18101.png,17.2,Male
18102.png,40.2,Male
18106.png,28.4,Male
18111.png,2.6,Male
18116.png,59.3,Male
18117.png,32.0,Male
18119.png,69.5,Male
18121.png,45.2,Male
18124.png,55.9,Male
18127.png,8.4,Male
18131.png,43.9,Male
18135.png,71.2,Male
18136.png,63.0,Male
18139.png,35.1,Male
18140.png,17.5,Male
18141.png,51.5,Male
18154.png,42.1,Male
18156.png,32.5,Male
18161.png,56.4,Male
18162.png,26.7,Male
18163.png,34.7,Male
18167.png,2.5,Male
18168.png,24.3,Male
18169.png,35.6,Male
18181.png,37.6,Male
18184.png,80.6,Male
18185.png,51.8,Male
18191.png,6.7,Male
18198.png,1.8,Male
18201.png,9.3,Male
18202.png,27.6,Male
18208.png,30.9,Male
18212.png,26.0,Male
18214.png,38.6,Male
18218.png,59.0,Male
18220.png,41.7,Male
18228.png,64.9,Male
18236.png,41.5,Male
18242.png,43.3,Male
18245.png,19.0,Male
18249.png,27.0,Male
18255.png,47.1,Male
18256.png,7.4,Male
18257.png,5.5,Male
18258.png,59.5,Male
18264.png,57.3,Male
18274.png,23.7,Male
18275.png,58.0,Male
18283.png,35.1,Male
18287.png,56.6,Male
18289.png,19.9,Male
18290.png,44.4,Male
18293.png,43.2,Male
18294.png,40.1,Male
18301.png,44.9,Male
18302.png,29.3,Male
18304.png,30.4,Male
18305.png,52.7,Male
18312.png,51.7,Male
18314.png,40.9,Male
18320.png,33.8,Male
18321.png,55.6,Male
18322.png,5.1,Male
18325.png,29.8,Male
18327.png,59.6,Male
18329.png,9.4,Male
18331.png,57.0,Male
18332.png,57.8,Male
18333.png,78.7,Male
18338.png,41.6,Male
18340.png,25.3,Male
18342.png,20.5,Male
18343.png,45.5,Male
18344.png,59.0,Male
18346.png,4.2,Male
18350.png,18.8,Male
18351.png,51.5,Male
18352.png,65.1,Male
18355.png,27.4,Male
18364.png,24.4,Male
18367.png,6.8,Male
18373.png,59.8,Male
18378.png,39.0,Male
18383.png,68.8,Male
18385.png,44.1,Male
18386.png,50.7,Male
18388.png,6.6,Male
18389.png,32.9,Male
18394.png,8.6,Male
18396.png,65.0,Male
18398.png,66.3,Male
18405.png,7.7,Male
18407.png,16.5,Male
18408.png,40.8,Male
18411.png,41.3,Male
18423.png,29.2,Male
18426.png,46.7,Male
18430.png,52.3,Male
18434.png,32.3,Male
18440.png,26.4,Male
18441.png,44.1,Male
18442.png,22.4,Male
18446.png,49.6,Male
18449.png,73.0,Male
18458.png,32.6,Male
18460.png,14.4,Male
18461.png,8.4,Male
18463.png,29.8,Male
18465.png,35.1,Male
18469.png,32.3,Male
18481.png,63.5,Male
18500.png,9.4,Male
18512.png,36.6,Male
18514.png,48.3,Male
18517.png,35.1,Male
18519.png,43.7,Male
18524.png,44.9,Male
18526.png,39.9,Male
18528.png,7.5,Male
18530.png,25.7,Male
18531.png,55.5,Male
18535.png,76.8,Male
18537.png,50.6,Male
18538.png,65.1,Male
18541.png,56.5,Male
18542.png,40.7,Male
18543.png,18.6,Male
18546.png,21.6,Male
18548.png,36.8,Male
18549.png,59.2,Male
18550.png,35.0,Male
18551.png,18.8,Male
18554.png,34.1,Male
18558.png,35.5,Male
18564.png,48.3,Male
18566.png,30.7,Male
18568.png,26.9,Male
18569.png,53.8,Male
18571.png,46.7,Male
18574.png,41.7,Male
18577.png,41.1,Male
18579.png,1.3,Male
18580.png,26.0,Male
18581.png,29.8,Male
18582.png,26.9,Male
18585.png,14.3,Male
18590.png,1.5,Male
18591.png,26.4,Male
18594.png,28.8,Male
18595.png,27.9,Male
18596.png,39.8,Male
18601.png,54.3,Male
18605.png,38.0,Male
18607.png,29.9,Male
18611.png,7.1,Male
18617.png,37.5,Male
18623.png,35.8,Male
18625.png,39.0,Male
18628.png,52.6,Male
18630.png,26.9,Male
18634.png,25.6,Male
18639.png,24.4,Male
18643.png,7.3,Male
18648.png,41.4,Male
18653.png,42.8,Male
18654.png,47.4,Male
18656.png,37.9,Male
18659.png,25.1,Male
18660.png,32.8,Male
18661.png,54.9,Male
18664.png,33.3,Male
18665.png,34.9,Male
18670.png,7.5,Male
18671.png,53.5,Male
18672.png,34.5,Male
18682.png,20.5,Male
18690.png,41.9,Male
18691.png,20.1,Male
18693.png,27.7,Male
18695.png,41.5,Male
18696.png,25.3,Male
18700.png,39.5,Male
18702.png,47.7,Male
18705.png,27.5,Male
18706.png,10.7,Male
18711.png,29.3,Male
18714.png,11.7,Male
18724.png,5.9,Male
18726.png,4.2,Male
18728.png,37.4,Male
18733.png,66.9,Male
18737.png,43.6,Male
18753.png,10.0,Male
18754.png,16.6,Male
18758.png,14.0,Male
18764.png,44.2,Male
18767.png,72.9,Male
18769.png,21.9,Male
18771.png,34.9,Male
18772.png,27.3,Male
18775.png,77.1,Male
18776.png,60.2,Male
18777.png,50.5,Male
18781.png,6.2,Male
18785.png,21.3,Male
18786.png,8.6,Male
18790.png,32.2,Male
18791.png,66.8,Male
18803.png,43.0,Male
18807.png,23.2,Male
18811.png,31.8,Male
18817.png,23.9,Male
18818.png,36.9,Male
18825.png,47.9,Male
18827.png,46.6,Male
18828.png,36.1,Male
18829.png,61.2,Male
18830.png,24.1,Male
18837.png,44.1,Male
18844.png,47.4,Male
18847.png,43.3,Male
18850.png,24.7,Male
18855.png,31.8,Male
18857.png,27.1,Male
18860.png,30.5,Male
18868.png,34.7,Male
18871.png,50.2,Male
18872.png,53.1,Male
18873.png,25.1,Male
18878.png,27.3,Male
18882.png,32.1,Male
18883.png,2.8,Male
18884.png,29.3,Male
18892.png,47.3,Male
18894.png,51.3,Male
18899.png,30.6,Male
18900.png,64.3,Male
18903.png,41.5,Male
18904.png,47.4,Male
18909.png,20.1,Male
18910.png,42.2,Male
18917.png,39.1,Male
18919.png,27.4,Male
18920.png,68.5,Male
18924.png,6.0,Male
18927.png,54.4,Male
18928.png,40.9,Male
18931.png,4.2,Male
18932.png,25.3,Male
18941.png,30.8,Male
18953.png,43.7,Male
18955.png,36.3,Male
18958.png,11.9,Male
18960.png,28.7,Male
18961.png,37.8,Male
18964.png,3.9,Male
18965.png,68.8,Male
18966.png,52.6,Male
18970.png,29.3,Male
18977.png,50.6,Male
18982.png,53.0,Male
18983.png,5.1,Male
18985.png,45.3,Male
18993.png,6.9,Male
18997.png,28.0,Male
19003.png,53.9,Male
19010.png,28.2,Male
19012.png,14.7,Male
19014.png,18.4,Male
19024.png,58.7,Male
19025.png,3.7,Male
19029.png,58.8,Male
19030.png,31.7,Male
19034.png,15.7,Male
19039.png,63.1,Male
19048.png,19.2,Male
19054.png,30.0,Male
19055.png,46.6,Male
19058.png,4.2,Male
19065.png,44.0,Male
19072.png,28.4,Male
19073.png,34.3,Male
19075.png,69.6,Male
19078.png,38.2,Male
19079.png,41.4,Male
19080.png,26.9,Male
19082.png,35.7,Male
19087.png,26.1,Male
19089.png,6.4,Male
19096.png,22.4,Male
19097.png,31.3,Male
19099.png,25.7,Male
19105.png,5.8,Male
19111.png,37.8,Male
19112.png,30.4,Male
19116.png,54.7,Male
19119.png,25.1,Male
19125.png,30.6,Male
19126.png,39.5,Male
19127.png,8.7,Male
19128.png,53.7,Male
19129.png,9.9,Male
19134.png,44.4,Male
19142.png,50.2,Male
19148.png,33.4,Male
19150.png,22.6,Male
19151.png,16.8,Male
19152.png,66.1,Male
19154.png,27.7,Male
19162.png,41.5,Male
19163.png,29.1,Male
19168.png,32.8,Male
19179.png,49.6,Male
19181.png,69.7,Male
19192.png,43.3,Male
19194.png,48.4,Male
19198.png,31.3,Male
19200.png,3.6,Male
19203.png,30.5,Male
19205.png,17.2,Male
19207.png,40.6,Male
19209.png,23.4,Male
19212.png,34.1,Male
19213.png,59.2,Male
19215.png,13.1,Male
19216.png,4.4,Male
19221.png,63.6,Male
19225.png,12.2,Male
19228.png,11.4,Male
19231.png,41.8,Male
19232.png,9.1,Male
19233.png,5.3,Male
19234.png,18.3,Male
19235.png,41.3,Male
19240.png,37.8,Male
19248.png,41.7,Male
19249.png,44.9,Male
19250.png,35.7,Male
19252.png,38.1,Male
19254.png,48.8,Male
19258.png,29.9,Male
19265.png,39.0,Male
19278.png,33.5,Male
19284.png,4.4,Male
19285.png,51.9,Male
19288.png,52.9,Male
19289.png,26.6,Male
19297.png,39.5,Male
19299.png,48.3,Male
19303.png,34.2,Male
19305.png,38.8,Male
19307.png,68.1,Male
19313.png,29.2,Male
19314.png,33.6,Male
19315.png,72.2,Male
19316.png,19.9,Male
19318.png,34.1,Male
19321.png,24.1,Male
19323.png,33.5,Male
19324.png,5.2,Male
19326.png,31.1,Male
19331.png,37.6,Male
19333.png,52.5,Male
19334.png,2.3,Male
19335.png,47.1,Male
19340.png,16.7,Male
19342.png,24.1,Male
19344.png,2.3,Male
19346.png,65.3,Male
19348.png,2.3,Male
19350.png,27.2,Male
19356.png,23.6,Male
19358.png,1.4,Male
19360.png,33.5,Male
19365.png,32.1,Male
19369.png,24.9,Male
19373.png,54.3,Male
19375.png,8.5,Male
19382.png,27.6,Male
19383.png,37.5,Male
19385.png,14.6,Male
19391.png,28.5,Male
19392.png,63.7,Male
19394.png,37.4,Male
19398.png,33.6,Male
19400.png,22.8,Male
19401.png,8.6,Male
19403.png,15.4,Male
19405.png,62.4,Male
19410.png,36.7,Male
19415.png,9.8,Male
19416.png,27.0,Male
19420.png,35.4,Male
19424.png,55.9,Male
19432.png,36.1,Male
19434.png,62.8,Male
19435.png,1.2,Male
19441.png,50.0,Male
19442.png,20.6,Male
19443.png,53.7,Male
19445.png,63.7,Male
19446.png,35.0,Male
19448.png,28.0,Male
19449.png,25.1,Male
19450.png,31.1,Male
19456.png,5.1,Male
19463.png,32.1,Male
19472.png,38.8,Male
19473.png,49.3,Male
19476.png,47.3,Male
19478.png,26.0,Male
19480.png,8.2,Male
19481.png,61.8,Male
19482.png,35.3,Male
19484.png,24.6,Male
19493.png,32.0,Male
19510.png,23.6,Male
19516.png,8.6,Male
19518.png,64.4,Male
19521.png,47.6,Male
19523.png,39.2,Male
19525.png,26.1,Male
19527.png,33.8,Male
19528.png,60.5,Male
19533.png,63.2,Male
19536.png,2.5,Male
19542.png,7.4,Male
19548.png,20.9,Male
19549.png,36.9,Male
19555.png,60.7,Male
19557.png,14.6,Male
19558.png,22.3,Male
19561.png,56.3,Male
19562.png,33.7,Male
19564.png,33.4,Male
19565.png,48.9,Male
19566.png,36.3,Male
19567.png,29.1,Male
19569.png,37.0,Male
19570.png,44.4,Male
19571.png,24.6,Male
19572.png,2.0,Male
19575.png,37.4,Male
19579.png,6.6,Male
19580.png,33.5,Male
19583.png,38.6,Male
19588.png,35.6,Male
19593.png,63.2,Male
19597.png,21.6,Male
19601.png,40.4,Male
19603.png,24.7,Male
19605.png,57.6,Male
19609.png,35.8,Male
19612.png,31.2,Male
19613.png,62.6,Male
19615.png,7.5,Male
19617.png,2.0,Male
19619.png,63.4,Male
19622.png,6.8,Male
19623.png,67.3,Male
19631.png,47.3,Male
19641.png,52.1,Male
19647.png,29.5,Male
19649.png,39.1,Male
19651.png,35.5,Male
19655.png,24.6,Male
19666.png,61.7,Male
19669.png,52.8,Male
19670.png,72.1,Male
19671.png,32.1,Male
19672.png,31.0,Male
19677.png,19.8,Male
19685.png,30.8,Male
19689.png,33.7,Male
19690.png,35.6,Male
19692.png,27.8,Male
19705.png,25.9,Male
19706.png,65.7,Male
19709.png,54.1,Male
19711.png,53.1,Male
19715.png,14.3,Male
19718.png,31.5,Male
19722.png,24.1,Male
19725.png,67.1,Male
19726.png,65.1,Male
19727.png,53.8,Male
19732.png,44.7,Male
19735.png,67.0,Male
19736.png,37.6,Male
19739.png,21.6,Male
19741.png,25.8,Male
19742.png,33.3,Male
19749.png,7.0,Male
19750.png,3.7,Male
19758.png,32.9,Male
19762.png,27.9,Male
19767.png,47.0,Male
19769.png,18.3,Male
19770.png,21.2,Male
19773.png,33.1,Male
19779.png,63.2,Male
19782.png,60.8,Male
19783.png,1.7,Male
19785.png,12.0,Male
19786.png,41.6,Male
19794.png,61.8,Male
19795.png,27.1,Male
19796.png,26.9,Male
19798.png,18.7,Male
19805.png,12.9,Male
19808.png,62.0,Male
19809.png,29.6,Male
19810.png,26.5,Male
19815.png,10.4,Male
19826.png,59.0,Male
19831.png,31.0,Male
19835.png,34.6,Male
19836.png,42.7,Male
19840.png,34.1,Male
19841.png,52.6,Male
19842.png,7.1,Male
19844.png,49.4,Male
19848.png,17.4,Male
19850.png,36.3,Male
19853.png,36.7,Male
19857.png,34.3,Male
19862.png,23.5,Male
19864.png,35.7,Male
19866.png,44.9,Male
19871.png,24.1,Male
19875.png,16.1,Male
19876.png,17.8,Male
19879.png,7.8,Male
19882.png,21.1,Male
19884.png,29.1,Male
19887.png,12.5,Male
19892.png,50.0,Male
19893.png,47.3,Male
19895.png,45.1,Male
19901.png,65.1,Male
19902.png,66.7,Male
19908.png,36.3,Male
19917.png,42.2,Male
19920.png,23.7,Male
19925.png,47.1,Male
19929.png,54.0,Male
19936.png,23.8,Male
19942.png,42.3,Male
19943.png,35.5,Male
19949.png,31.8,Male
19950.png,33.5,Male
19956.png,52.3,Male
19958.png,63.9,Male
19963.png,56.7,Male
19968.png,24.4,Male
19969.png,9.2,Male
19970.png,28.5,Male
19973.png,43.7,Male
19974.png,46.3,Male
19975.png,26.0,Male
19976.png,59.0,Male
19978.png,75.5,Male
19987.png,56.9,Male
19988.png,18.8,Male
20002.png,35.1,Male
20005.png,54.1,Male
20006.png,30.0,Male
20007.png,31.3,Male
20012.png,52.5,Male
20014.png,52.5,Male
20016.png,51.5,Male
20017.png,10.3,Male
20019.png,32.0,Male
20021.png,11.1,Male
20022.png,26.9,Male
20023.png,39.9,Male
20027.png,65.5,Male
20028.png,33.0,Male
20032.png,36.9,Male
20033.png,48.6,Male
20035.png,29.7,Male
20036.png,15.9,Male
20045.png,55.0,Male
20047.png,1.8,Male
20050.png,27.9,Male
20052.png,28.0,Male
20056.png,40.0,Male
20058.png,23.0,Male
20060.png,20.4,Male
20066.png,39.0,Male
20070.png,56.6,Male
20072.png,42.7,Male
20078.png,44.7,Male
20079.png,41.5,Male
20087.png,36.4,Male
20092.png,54.1,Male
20093.png,25.5,Male
20095.png,40.1,Male
20096.png,8.0,Male
20097.png,1.9,Male
20103.png,25.3,Male
20109.png,25.3,Male
20111.png,29.8,Male
20117.png,9.5,Male
20118.png,48.3,Male
20119.png,44.5,Male
20120.png,70.2,Male
20128.png,38.0,Male
20131.png,41.5,Male
20134.png,54.8,Male
20139.png,31.5,Male
20142.png,57.1,Male
20144.png,25.1,Male
20146.png,32.9,Male
20147.png,25.4,Male
20149.png,20.6,Male
20150.png,51.9,Male
20152.png,55.4,Male
20155.png,36.7,Male
20169.png,13.8,Male
20172.png,50.5,Male
20173.png,27.7,Male
20174.png,38.3,Male
20175.png,35.9,Male
20180.png,41.1,Male
20181.png,25.2,Male
20184.png,35.9,Male
20185.png,52.7,Male
20188.png,4.4,Male
20191.png,39.0,Male
20195.png,52.2,Male
20196.png,72.2,Male
20202.png,33.9,Male
20203.png,13.5,Male
20204.png,61.4,Male
20206.png,26.7,Male
20207.png,35.6,Male
20210.png,41.8,Male
20214.png,34.2,Male
20218.png,18.7,Male
20219.png,29.2,Male
20220.png,4.1,Male
20221.png,49.8,Male
20222.png,46.0,Male
20223.png,4.4,Male
20227.png,42.1,Male
20232.png,52.3,Male
20242.png,24.1,Male
20252.png,34.5,Male
20253.png,29.1,Male
20257.png,62.5,Male
20258.png,24.7,Male
20260.png,25.7,Male
20263.png,54.0,Male
20267.png,13.4,Male
20273.png,62.2,Male
20275.png,61.0,Male
20278.png,5.6,Male
20280.png,43.1,Male
20284.png,43.8,Male
20285.png,14.2,Male
20286.png,2.8,Male
20287.png,10.4,Male
20289.png,7.1,Male
20290.png,7.2,Male
20297.png,36.2,Male
20308.png,42.9,Male
20314.png,27.1,Male
20315.png,53.3,Male
20316.png,32.3,Male
20317.png,31.6,Male
20319.png,49.9,Male
20321.png,52.9,Male
20323.png,26.4,Male
20325.png,37.6,Male
20332.png,4.4,Male
20337.png,24.3,Male
20341.png,24.8,Male
20344.png,11.1,Male
20349.png,52.0,Male
20352.png,48.9,Male
20365.png,8.3,Male
20366.png,5.2,Male
20369.png,46.1,Male
20374.png,23.7,Male
20377.png,7.7,Male
20379.png,62.9,Male
20380.png,49.4,Male
20387.png,63.2,Male
20388.png,22.7,Male
20390.png,23.4,Male
20392.png,26.4,Male
20393.png,22.3,Male
20394.png,29.1,Male
20398.png,37.1,Male
20400.png,44.0,Male
20408.png,25.7,Male
20410.png,12.0,Male
20413.png,74.9,Male
20415.png,62.1,Male
20428.png,30.5,Male
20431.png,67.0,Male
20432.png,57.8,Male
20434.png,62.1,Male
20435.png,22.0,Male
20437.png,31.1,Male
20439.png,41.3,Male
20443.png,1.8,Male
20446.png,30.0,Male
20454.png,21.4,Male
20457.png,15.7,Male
20461.png,57.9,Male
20469.png,53.1,Male
20474.png,36.2,Male
20479.png,43.3,Male
20483.png,35.7,Male
20487.png,17.6,Male
20488.png,34.7,Male
20489.png,46.8,Male
20498.png,26.4,Male
20502.png,28.4,Male
20506.png,64.2,Male
20516.png,18.5,Male
20517.png,38.3,Male
20518.png,57.5,Male
20523.png,27.5,Male
20535.png,43.9,Male
20541.png,10.6,Male
20542.png,50.0,Male
20550.png,55.0,Male
20552.png,58.8,Male
20557.png,9.1,Male
20558.png,36.1,Male
20562.png,49.7,Male
20565.png,47.5,Male
20568.png,23.1,Male
20571.png,7.4,Male
20572.png,60.5,Male
20574.png,5.3,Male
20575.png,51.7,Male
20577.png,41.3,Male
20578.png,30.3,Male
20582.png,26.6,Male
20585.png,53.8,Male
20591.png,28.3,Male
20593.png,60.2,Male
20595.png,10.2,Male
20601.png,11.8,Male
20605.png,16.2,Male
20615.png,37.4,Male
20618.png,33.4,Male
20625.png,37.3,Male
20629.png,22.8,Male
20630.png,30.3,Male
20631.png,35.8,Male
20632.png,31.9,Male
20635.png,47.8,Male
20636.png,59.4,Male
20637.png,21.6,Male
20641.png,42.0,Male
20643.png,64.7,Male
20644.png,51.0,Male
20648.png,45.2,Male
20653.png,68.5,Male
20658.png,64.1,Male
20665.png,34.7,Male
20667.png,23.9,Male
20669.png,33.8,Male
20672.png,51.6,Male
20674.png,12.1,Male
20676.png,56.0,Male
20677.png,77.5,Male
20686.png,29.9,Male
20687.png,67.8,Male
20691.png,57.7,Male
20697.png,12.4,Male
20700.png,39.2,Male
20701.png,59.2,Male
20706.png,36.4,Male
20707.png,1.4,Male
20709.png,49.5,Male
20715.png,73.8,Male
20719.png,41.8,Male
20722.png,62.4,Male
20730.png,59.5,Male
20731.png,32.7,Male
20732.png,54.6,Male
20736.png,53.6,Male
20738.png,27.3,Male
20746.png,29.8,Male
20748.png,67.1,Male
20749.png,29.6,Male
20750.png,28.5,Male
20753.png,50.4,Male
20756.png,32.4,Male
20758.png,61.9,Male
20760.png,41.5,Male
20761.png,41.9,Male
20762.png,55.0,Male
20766.png,50.6,Male
20767.png,27.9,Male
20780.png,61.5,Male
20787.png,68.3,Male
20788.png,8.2,Male
20789.png,26.6,Male
20807.png,62.0,Male
20808.png,34.3,Male
20811.png,35.6,Male
20812.png,9.8,Male
20815.png,28.3,Male
20830.png,40.8,Male
20831.png,19.2,Male
20836.png,45.9,Male
20837.png,25.3,Male
20843.png,34.0,Male
20847.png,5.3,Male
20848.png,27.2,Male
20849.png,54.8,Male
20855.png,18.3,Male
20856.png,52.5,Male
20861.png,37.6,Male
20863.png,1.7,Male
20865.png,24.1,Male
20866.png,36.0,Male
20868.png,51.7,Male
20869.png,53.2,Male
20875.png,30.8,Male
20876.png,34.2,Male
20880.png,30.4,Male
20883.png,45.9,Male
20884.png,31.0,Male
20885.png,26.4,Male
20887.png,33.1,Male
20889.png,30.8,Male
20892.png,40.8,Male
20896.png,35.6,Male
20898.png,12.6,Male
20899.png,31.1,Male
20900.png,32.9,Male
20902.png,40.0,Male
20903.png,56.1,Male
20904.png,17.2,Male
20913.png,6.1,Male
20922.png,58.4,Male
20924.png,20.2,Male
20926.png,15.7,Male
20932.png,26.6,Male
20934.png,23.0,Male
20937.png,12.9,Male
20940.png,20.6,Male
20941.png,43.3,Male
20946.png,40.7,Male
20948.png,37.0,Male
20953.png,37.5,Male
20955.png,38.7,Male
20958.png,23.0,Male
20959.png,21.6,Male
20966.png,3.4,Male
20969.png,57.2,Male
20971.png,29.3,Male
20973.png,28.4,Male
20975.png,3.5,Male
20978.png,29.0,Male
20980.png,68.0,Male
20989.png,39.2,Male
20991.png,26.7,Male
20993.png,46.1,Male
21001.png,38.8,Male
21002.png,5.7,Male
21003.png,13.3,Male
21004.png,70.9,Male
21006.png,34.2,Male
21012.png,35.4,Male
21013.png,19.5,Male
21016.png,55.8,Male
21017.png,40.4,Male
21020.png,6.6,Male
21023.png,18.9,Male
21026.png,41.7,Male
21031.png,41.9,Male
21044.png,29.6,Male
21048.png,48.5,Male
21049.png,62.0,Male
21060.png,46.8,Male
21061.png,51.1,Male
21065.png,64.2,Male
21068.png,1.8,Male
21073.png,56.8,Male
21075.png,26.1,Male
21079.png,14.7,Male
21087.png,56.3,Male
21090.png,39.2,Male
21091.png,8.2,Male
21093.png,1.5,Male
21094.png,31.4,Male
21096.png,33.7,Male
21098.png,50.9,Male
21102.png,8.8,Male
21108.png,22.8,Male
21115.png,39.2,Male
21116.png,35.8,Male
21119.png,17.5,Male
21129.png,24.9,Male
21130.png,52.0,Male
21131.png,5.8,Male
21134.png,66.6,Male
21135.png,39.3,Male
21137.png,1.7,Male
21141.png,6.6,Male
21146.png,34.7,Male
21150.png,56.6,Male
21152.png,46.6,Male
21153.png,21.4,Male
21155.png,19.4,Male
21157.png,15.9,Male
21158.png,34.8,Male
21164.png,60.2,Male
21165.png,32.4,Male
21169.png,33.7,Male
21174.png,24.5,Male
21176.png,77.6,Male
21178.png,34.8,Male
21183.png,5.3,Male
21193.png,9.5,Male
21206.png,59.9,Male
21207.png,33.1,Male
21211.png,22.0,Male
21212.png,29.4,Male
21215.png,16.6,Male
21217.png,33.7,Male
21218.png,4.6,Male
21220.png,74.0,Male
21227.png,10.3,Male
21229.png,6.8,Male
21231.png,33.0,Male
21233.png,64.8,Male
21237.png,40.0,Male
21241.png,46.8,Male
21245.png,47.7,Male
21247.png,20.4,Male
21249.png,61.7,Male
21260.png,28.5,Male
21266.png,26.3,Male
21268.png,50.5,Male
21270.png,50.9,Male
21271.png,43.8,Male
21273.png,50.9,Male
21274.png,1.2,Male
21281.png,5.0,Male
21282.png,57.8,Male
21286.png,35.4,Male
21289.png,20.8,Male
21292.png,26.5,Male
21298.png,66.8,Male
21299.png,56.4,Male
21300.png,50.0,Male
21302.png,28.6,Male
21305.png,24.8,Male
21310.png,49.3,Male
21311.png,8.7,Male
21313.png,44.2,Male
21319.png,16.0,Male
21327.png,9.6,Male
21329.png,46.0,Male
21331.png,55.8,Male
21333.png,43.3,Male
21337.png,44.5,Male
21339.png,52.4,Male
21344.png,32.8,Male
21346.png,32.4,Male
21349.png,62.0,Male
21351.png,55.8,Male
21352.png,55.9,Male
21354.png,56.3,Male
21356.png,3.1,Male
21358.png,61.0,Male
21365.png,47.5,Male
21368.png,25.4,Male
21370.png,9.4,Male
21377.png,78.8,Male
21381.png,26.6,Male
21383.png,50.7,Male
21385.png,21.2,Male
21388.png,20.5,Male
21392.png,23.9,Male
21396.png,38.7,Male
21398.png,41.0,Male
21400.png,20.0,Male
21402.png,33.1,Male
21405.png,10.9,Male
21406.png,16.6,Male
21409.png,33.0,Male
21410.png,1.8,Male
21412.png,39.2,Male
21413.png,19.3,Male
21414.png,37.2,Male
21416.png,39.1,Male
21417.png,37.8,Male
21418.png,53.8,Male
21432.png,34.8,Male
21435.png,59.6,Male
21436.png,2.6,Male
21437.png,53.6,Male
21443.png,22.7,Male
21446.png,29.3,Male
21453.png,58.2,Male
21455.png,43.5,Male
21459.png,37.4,Male
21465.png,4.7,Male
21467.png,34.0,Male
21468.png,2.1,Male
21473.png,58.6,Male
21478.png,42.2,Male
21482.png,29.6,Male
21483.png,30.1,Male
21488.png,24.0,Male
21495.png,36.9,Male
21497.png,33.8,Male
21499.png,66.8,Male
21501.png,30.5,Male
21510.png,10.1,Male
21511.png,23.1,Male
21514.png,20.1,Male
21516.png,2.8,Male
21519.png,48.9,Male
21521.png,30.1,Male
21527.png,41.4,Male
21531.png,22.3,Male
21532.png,46.1,Male
21534.png,69.6,Male
21538.png,35.2,Male
21542.png,41.1,Male
21544.png,52.1,Male
21545.png,47.9,Male
21551.png,8.5,Male
21552.png,9.9,Male
21558.png,31.8,Male
21565.png,55.9,Male
21566.png,56.0,Male
21567.png,2.6,Male
21577.png,48.2,Male
21578.png,57.5,Male
21579.png,34.4,Male
21581.png,58.1,Male
21587.png,42.4,Male
21591.png,38.0,Male
21596.png,4.8,Male
21602.png,35.8,Male
21603.png,26.7,Male
21605.png,19.8,Male
21611.png,41.6,Male
21613.png,33.0,Male
21614.png,59.8,Male
21616.png,49.2,Male
21623.png,46.7,Male
21624.png,23.0,Male
21626.png,59.9,Male
21627.png,34.3,Male
21632.png,76.5,Male
21634.png,35.6,Male
21641.png,37.6,Male
21643.png,53.8,Male
21645.png,12.6,Male
21655.png,47.5,Male
21660.png,30.7,Male
21671.png,31.3,Male
21672.png,9.3,Male
21679.png,19.6,Male
21693.png,27.0,Male
21694.png,28.1,Male
21695.png,22.7,Male
21697.png,4.2,Male
21702.png,67.4,Male
21704.png,23.2,Male
21705.png,37.0,Male
21706.png,19.0,Male
21707.png,28.5,Male
21710.png,29.8,Male
21711.png,46.5,Male
21712.png,25.1,Male
21724.png,49.3,Male
21729.png,12.8,Male
21734.png,34.0,Male
21737.png,37.8,Male
21745.png,21.8,Male
21747.png,29.9,Male
21748.png,58.7,Male
21750.png,30.4,Male
21753.png,39.5,Male
21755.png,33.1,Male
21771.png,42.3,Male
21773.png,6.6,Male
21774.png,70.1,Male
21782.png,49.2,Male
21783.png,34.9,Male
21784.png,31.3,Male
21785.png,37.3,Male
21786.png,52.5,Male
21787.png,6.1,Male
21798.png,40.1,Male
21802.png,63.3,Male
21804.png,25.1,Male
21805.png,43.7,Male
21808.png,23.2,Male
21818.png,39.5,Male
21819.png,25.7,Male
21821.png,8.1,Male
21823.png,16.8,Male
21828.png,76.6,Male
21831.png,39.5,Male
21840.png,39.5,Male
21842.png,22.2,Male
21845.png,25.0,Male
21854.png,31.9,Male
21856.png,31.2,Male
21859.png,35.6,Male
21860.png,20.6,Male
21864.png,50.3,Male
21870.png,44.1,Male
21871.png,37.1,Male
21873.png,25.3,Male
21875.png,57.4,Male
21877.png,56.5,Male
21879.png,38.3,Male
21880.png,28.1,Male
21884.png,25.8,Male
21889.png,52.8,Male
21890.png,37.5,Male
21891.png,6.4,Male
21893.png,37.4,Male
21895.png,30.0,Male
21906.png,27.0,Male
21910.png,31.8,Male
21913.png,35.1,Male
21916.png,37.6,Male
21921.png,34.4,Male
21922.png,27.1,Male
21925.png,39.9,Male
21926.png,45.8,Male
21928.png,3.4,Male
21930.png,70.3,Male
21936.png,61.0,Male
21937.png,56.2,Male
21939.png,4.2,Male
21940.png,25.3,Male
21945.png,47.9,Male
21951.png,10.2,Male
21952.png,27.2,Male
21955.png,18.8,Male
21957.png,22.0,Male
21964.png,3.9,Male
21966.png,30.5,Male
21967.png,5.0,Male
21973.png,51.2,Male
21978.png,38.3,Male
21981.png,75.6,Male
21983.png,46.8,Male
21989.png,52.8,Male
21990.png,11.8,Male
21991.png,29.1,Male
21992.png,46.0,Male
22003.png,43.7,Male
22004.png,37.8,Male
22005.png,54.3,Male
22009.png,43.7,Male
22010.png,14.3,Male
22018.png,3.5,Male
22020.png,25.1,Male
22026.png,33.0,Male
22027.png,74.2,Male
22032.png,8.0,Male
22033.png,22.0,Male
22036.png,43.7,Male
22037.png,27.0,Male
22040.png,46.0,Male
22042.png,25.3,Male
22044.png,24.4,Male
22045.png,56.3,Male
22047.png,9.7,Male
22048.png,18.3,Male
22049.png,15.8,Male
22050.png,33.7,Male
22052.png,54.8,Male
22057.png,67.5,Male
22058.png,35.6,Male
22061.png,52.3,Male
22069.png,25.9,Male
22070.png,20.9,Male
22072.png,29.0,Male
22079.png,63.4,Male
22087.png,49.2,Male
22089.png,3.9,Male
22091.png,27.0,Male
22096.png,24.1,Male
22099.png,57.5,Male
22103.png,20.5,Male
22111.png,65.0,Male
22114.png,62.8,Male
22115.png,29.0,Male
22119.png,7.9,Male
22121.png,33.6,Male
22125.png,38.6,Male
22131.png,2.3,Male
22143.png,36.3,Male
22145.png,16.9,Male
22148.png,31.8,Male
22149.png,2.3,Male
22154.png,21.5,Male
22159.png,34.4,Male
22161.png,27.6,Male
22167.png,44.8,Male
22172.png,22.7,Male
22176.png,11.6,Male
22179.png,48.8,Male
22184.png,45.0,Male
22185.png,17.9,Male
22193.png,29.7,Male
22195.png,26.1,Male
22199.png,53.1,Male
22212.png,43.9,Male
22214.png,35.2,Male
22216.png,36.7,Male
22220.png,26.7,Male
22224.png,7.4,Male
22227.png,49.1,Male
22235.png,19.3,Male
22241.png,31.5,Male
22245.png,58.6,Male
22248.png,49.5,Male
22253.png,49.2,Male
22260.png,28.3,Male
22264.png,19.6,Male
22271.png,37.0,Male
22273.png,52.3,Male
22280.png,56.5,Male
22283.png,47.6,Male
22296.png,41.8,Male
22298.png,42.7,Male
22302.png,60.6,Male
22307.png,20.9,Male
22308.png,46.5,Male
22312.png,11.7,Male
22313.png,24.0,Male
22323.png,5.0,Male
22324.png,44.3,Male
22326.png,33.1,Male
22332.png,8.9,Male
22335.png,35.4,Male
22336.png,17.1,Male
22338.png,19.6,Male
22342.png,35.7,Male
22344.png,48.5,Male
22345.png,52.8,Male
22347.png,5.5,Male
22349.png,22.8,Male
22354.png,5.2,Male
22356.png,22.6,Male
22359.png,27.4,Male
22360.png,63.0,Male
22361.png,1.4,Male
22364.png,61.5,Male
22365.png,22.9,Male
22372.png,60.1,Male
22373.png,58.8,Male
22376.png,30.8,Male
22377.png,1.5,Male
22380.png,21.7,Male
22383.png,32.9,Male
22387.png,36.1,Male
22388.png,27.3,Male
22389.png,52.8,Male
22391.png,29.0,Male
22396.png,39.7,Male
22398.png,33.6,Male
22400.png,68.1,Male
22402.png,12.8,Male
22405.png,24.7,Male
22409.png,35.9,Male
22412.png,29.5,Male
22417.png,32.5,Male
22427.png,19.1,Male
22431.png,18.3,Male
22438.png,50.3,Male
22439.png,50.3,Male
22445.png,60.5,Male
22447.png,54.5,Male
22449.png,3.8,Male
22457.png,51.3,Male
22458.png,51.8,Male
22460.png,61.1,Male
22462.png,35.0,Male
22463.png,41.1,Male
22468.png,21.9,Male
22473.png,27.6,Male
22477.png,4.0,Male
22482.png,58.7,Male
22492.png,41.7,Male
22494.png,51.0,Male
22497.png,7.0,Male
22500.png,39.0,Male
22502.png,61.3,Male
22509.png,43.2,Male
22512.png,43.1,Male
22514.png,33.9,Male
22515.png,33.5,Male
22517.png,38.6,Male
22521.png,52.5,Male
22523.png,5.5,Male
22525.png,68.0,Male
22527.png,42.0,Male
22531.png,46.7,Male
22551.png,41.9,Male
22553.png,7.1,Male
22557.png,69.2,Male
22560.png,44.8,Male
22562.png,34.1,Male
22563.png,15.9,Male
22570.png,8.7,Male
22571.png,3.1,Male
22577.png,59.3,Male
22579.png,10.5,Male
22589.png,13.4,Male
22591.png,33.1,Male
22593.png,44.0,Male
22595.png,50.9,Male
22597.png,36.2,Male
22599.png,3.5,Male
22601.png,31.4,Male
22607.png,38.5,Male
22608.png,21.4,Male
22613.png,40.1,Male
22615.png,25.1,Male
22617.png,38.5,Male
22619.png,46.4,Male
22621.png,19.8,Male
22624.png,6.7,Male
22626.png,15.2,Male
22630.png,19.3,Male
22631.png,2.3,Male
22643.png,44.9,Male
22645.png,31.8,Male
22646.png,47.0,Male
22650.png,20.0,Male
22658.png,30.3,Male
22659.png,53.6,Male
22660.png,15.5,Male
22661.png,65.5,Male
22662.png,22.4,Male
22669.png,26.9,Male
22670.png,42.2,Male
22671.png,67.2,Male
22680.png,34.6,Male
22686.png,17.6,Male
22692.png,2.3,Male
22699.png,67.4,Male
22701.png,6.7,Male
22706.png,21.8,Male
22710.png,13.9,Male
22713.png,3.9,Male
22715.png,4.8,Male
22716.png,20.1,Male
22719.png,38.3,Male
22721.png,9.6,Male
22722.png,24.6,Male
22729.png,31.4,Male
22734.png,36.3,Male
22736.png,51.7,Male
22738.png,48.6,Male
22740.png,26.3,Male
22742.png,22.2,Male
22745.png,13.4,Male
22746.png,18.5,Male
22748.png,50.1,Male
22751.png,12.9,Male
22756.png,30.2,Male
22760.png,53.8,Male
22764.png,2.6,Male
22767.png,36.8,Male
22768.png,41.3,Male
22769.png,52.4,Male
22772.png,12.9,Male
22776.png,45.0,Male
22779.png,32.8,Male
22782.png,50.7,Male
22786.png,43.4,Male
22787.png,27.8,Male
22789.png,27.8,Male
22795.png,5.1,Male
22801.png,21.0,Male
22806.png,59.4,Male
22810.png,26.9,Male
22815.png,8.1,Male
22818.png,12.1,Male
22825.png,28.4,Male
22830.png,37.8,Male
22832.png,37.3,Male
22833.png,34.8,Male
22834.png,2.9,Male
22838.png,30.3,Male
22840.png,16.7,Male
22843.png,13.4,Male
22846.png,24.0,Male
22849.png,31.0,Male
22852.png,23.1,Male
22856.png,35.0,Male
22865.png,69.7,Male
22871.png,39.7,Male
22874.png,5.6,Male
22877.png,53.5,Male
22878.png,17.6,Male
22882.png,52.0,Male
22886.png,72.6,Male
22890.png,55.3,Male
22898.png,47.6,Male
22900.png,54.2,Male
22911.png,18.6,Male
22913.png,31.6,Male
22915.png,63.6,Male
22923.png,15.7,Male
22925.png,60.4,Male
22931.png,43.9,Male
22935.png,38.2,Male
22938.png,57.2,Male
22939.png,33.5,Male
22940.png,54.4,Male
22941.png,43.8,Male
22942.png,33.0,Male
22944.png,59.9,Male
22946.png,24.7,Male
22948.png,25.2,Male
22949.png,34.7,Male
22950.png,12.9,Male
22953.png,53.0,Male
22954.png,29.9,Male
22955.png,21.4,Male
22956.png,35.8,Male
22957.png,37.5,Male
22962.png,10.8,Male
22965.png,29.0,Male
22966.png,54.7,Male
22967.png,8.1,Male
22968.png,24.2,Male
22972.png,17.2,Male
22973.png,24.7,Male
22980.png,25.9,Male
22983.png,29.9,Male
22984.png,52.4,Male
22988.png,38.5,Male
22989.png,55.8,Male
22995.png,25.0,Male
23002.png,24.7,Male
23003.png,27.6,Male
23004.png,25.0,Male
23006.png,10.2,Male
23009.png,28.7,Male
23010.png,62.6,Male
23020.png,3.2,Male
23021.png,38.6,Male
23022.png,29.5,Male
23028.png,14.8,Male
23029.png,25.8,Male
23032.png,24.0,Male
23033.png,4.9,Male
23038.png,34.0,Male
23039.png,41.6,Male
23040.png,28.6,Male
23044.png,3.0,Male
23049.png,47.1,Male
23053.png,23.6,Male
23056.png,72.4,Male
23061.png,39.1,Male
23066.png,35.1,Male
23070.png,54.5,Male
23077.png,26.5,Male
23078.png,29.2,Male
23081.png,51.7,Male
23082.png,61.3,Male
23083.png,8.4,Male
23086.png,30.4,Male
23088.png,57.8,Male
23091.png,24.9,Male
23094.png,52.2,Male
23097.png,37.7,Male
23111.png,46.2,Male
23116.png,42.9,Male
23120.png,3.9,Male
23121.png,3.1,Male
23125.png,39.0,Male
23138.png,57.5,Male
23148.png,32.1,Male
23149.png,32.2,Male
23151.png,5.1,Male
23153.png,33.3,Male
23158.png,42.1,Male
23159.png,34.3,Male
23163.png,68.2,Male
23165.png,45.7,Male
23170.png,25.4,Male
23176.png,34.5,Male
23182.png,46.5,Male
23183.png,36.1,Male
23186.png,47.0,Male
23187.png,30.8,Male
23189.png,2.0,Male
23190.png,54.7,Male
23192.png,23.2,Male
23203.png,44.2,Male
23204.png,53.3,Male
23206.png,29.0,Male
23207.png,31.0,Male
23209.png,61.4,Male
23210.png,20.3,Male
23211.png,57.2,Male
23213.png,24.3,Male
23214.png,34.3,Male
23216.png,52.6,Male
23218.png,33.1,Male
23219.png,40.9,Male
23224.png,6.1,Male
23226.png,33.1,Male
23228.png,25.2,Male
23230.png,25.3,Male
23240.png,31.3,Male
23242.png,39.8,Male
23246.png,6.9,Male
23253.png,64.1,Male
23254.png,50.2,Male
23255.png,28.9,Male
23256.png,43.5,Male
23258.png,61.8,Male
23259.png,8.6,Male
23260.png,32.4,Male
23264.png,23.0,Male
23267.png,53.7,Male
23274.png,8.8,Male
23276.png,32.5,Male
23281.png,57.4,Male
23282.png,17.6,Male
23283.png,28.0,Male
23286.png,56.0,Male
23292.png,32.4,Male
23295.png,46.9,Male
23301.png,64.5,Male
23306.png,26.8,Male
23317.png,4.8,Male
23318.png,27.8,Male
23321.png,32.4,Male
23322.png,40.1,Male
23329.png,2.5,Male
23330.png,30.8,Male
23331.png,69.8,Male
23332.png,10.5,Male
23338.png,39.4,Male
23339.png,53.8,Male
23345.png,42.1,Male
23351.png,19.3,Male
23354.png,53.9,Male
23356.png,20.5,Male
23357.png,18.7,Male
23358.png,32.2,Male
23363.png,23.8,Male
23364.png,21.5,Male
23368.png,59.9,Male
23371.png,40.4,Male
23373.png,42.0,Male
23385.png,12.7,Male
23388.png,18.3,Male
23390.png,45.2,Male
23392.png,42.9,Male
23394.png,32.2,Male
23401.png,68.7,Male
23405.png,41.0,Male
23412.png,25.6,Male
23414.png,51.3,Male
23415.png,34.3,Male
23416.png,3.0,Male
23419.png,34.3,Male
23425.png,32.0,Male
23426.png,40.0,Male
23431.png,67.4,Male
23433.png,50.4,Male
23435.png,49.2,Male
23437.png,21.4,Male
23440.png,35.9,Male
23444.png,8.9,Male
23445.png,10.8,Male
23448.png,56.8,Male
23451.png,64.4,Male
23452.png,52.8,Male
23456.png,40.7,Male
23458.png,19.5,Male
23459.png,36.4,Male
23461.png,26.6,Male
23462.png,36.8,Male
23464.png,44.7,Male
23467.png,38.4,Male
23474.png,21.7,Male
23480.png,14.1,Male
23481.png,3.7,Male
23484.png,34.5,Male
23485.png,49.2,Male
23486.png,58.6,Male
23491.png,27.1,Male
23493.png,6.8,Male
23494.png,56.2,Male
23496.png,1.0,Male
23500.png,16.4,Male
23506.png,4.0,Male
23507.png,37.3,Male
23508.png,18.7,Male
23509.png,39.3,Male
23510.png,52.4,Male
23513.png,45.2,Male
23516.png,29.5,Male
23519.png,51.4,Male
23522.png,60.6,Male
23529.png,31.7,Male
23534.png,56.5,Male
23536.png,6.7,Male
23537.png,22.7,Male
23544.png,3.9,Male
23559.png,45.1,Male
23562.png,7.6,Male
23565.png,73.0,Male
23566.png,6.8,Male
23567.png,17.9,Male
23568.png,47.8,Male
23570.png,21.8,Male
23576.png,39.9,Male
23577.png,47.2,Male
23578.png,47.7,Male
23580.png,38.6,Male
23581.png,19.6,Male
23582.png,33.6,Male
23583.png,25.8,Male
23584.png,53.2,Male
23590.png,39.8,Male
23593.png,23.0,Male
23597.png,20.2,Male
23600.png,20.6,Male
23601.png,39.2,Male
23616.png,52.7,Male
23627.png,70.7,Male
23628.png,57.7,Male
23629.png,37.8,Male
23631.png,35.2,Male
23634.png,51.1,Male
23636.png,52.1,Male
23639.png,61.3,Male
23641.png,66.0,Male
23642.png,41.1,Male
23644.png,67.1,Male
23646.png,23.1,Male
23647.png,22.5,Male
23651.png,46.8,Male
23652.png,21.4,Male
23653.png,37.8,Male
23659.png,21.1,Male
23660.png,36.7,Male
23667.png,64.1,Male
23669.png,29.2,Male
23670.png,24.5,Male
23671.png,19.8,Male
23672.png,37.9,Male
23675.png,27.2,Male
23678.png,53.5,Male
23680.png,56.1,Male
23681.png,9.8,Male
23684.png,9.8,Male
23685.png,27.1,Male
23689.png,35.4,Male
23697.png,49.7,Male
23699.png,31.8,Male
23703.png,41.1,Male
23704.png,30.1,Male
23713.png,19.5,Male
23714.png,7.0,Male
23715.png,17.2,Male
23716.png,44.9,Male
23729.png,43.8,Male
23732.png,35.4,Male
23735.png,40.1,Male
23736.png,27.4,Male
23737.png,42.9,Male
23741.png,46.1,Male
23746.png,30.3,Male
23748.png,55.1,Male
23754.png,45.4,Male
23755.png,34.8,Male
23758.png,54.3,Male
23770.png,64.6,Male
23771.png,32.8,Male
23777.png,32.2,Male
23784.png,3.7,Male
23788.png,70.4,Male
23791.png,30.9,Male
23794.png,69.3,Male
23800.png,21.5,Male
23801.png,6.4,Male
23803.png,68.6,Male
23804.png,47.8,Male
23809.png,37.9,Male
23810.png,28.0,Male
23812.png,35.6,Male
23814.png,2.3,Male
23817.png,19.7,Male
23818.png,69.6,Male
23819.png,5.5,Male
23821.png,22.8,Male
23822.png,39.1,Male
23826.png,44.9,Male
23827.png,3.8,Male
23828.png,34.5,Male
23833.png,21.5,Male
23834.png,54.3,Male
23838.png,49.3,Male
23839.png,22.3,Male
23840.png,46.0,Male
23850.png,7.1,Male
23853.png,63.7,Male
23863.png,33.8,Male
23865.png,3.1,Male
23874.png,64.3,Male
23877.png,5.3,Male
23878.png,28.9,Male
23882.png,27.2,Male
23883.png,28.0,Male
23884.png,42.5,Male
23886.png,35.1,Male
23888.png,31.4,Male
23891.png,26.2,Male
23902.png,34.7,Male
23904.png,34.3,Male
23906.png,12.2,Male
23908.png,26.2,Male
23910.png,66.7,Male
23914.png,58.0,Male
23920.png,41.6,Male
23927.png,16.4,Male
23935.png,53.2,Male
23936.png,25.3,Male
23937.png,20.2,Male
23938.png,64.9,Male
23940.png,28.6,Male
23941.png,53.1,Male
23942.png,58.7,Male
23943.png,25.2,Male
23944.png,29.3,Male
23950.png,32.2,Male
23953.png,29.1,Male
23955.png,31.4,Male
23956.png,37.7,Male
23957.png,49.2,Male
23969.png,24.6,Male
23970.png,16.6,Male
23971.png,26.9,Male
23979.png,7.1,Male
23984.png,5.0,Male
23988.png,61.0,Male
23989.png,40.3,Male
23990.png,22.3,Male
23991.png,4.1,Male
23992.png,35.0,Male
23995.png,26.5,Male
23996.png,27.4,Male
23998.png,50.1,Male
23999.png,27.3,Male
24000.png,28.6,Male
24004.png,32.0,Male
24009.png,39.4,Male
24018.png,47.8,Male
24021.png,44.4,Male
24029.png,48.1,Male
24032.png,49.1,Male
24033.png,52.9,Male
24034.png,47.0,Male
24039.png,35.4,Male
24044.png,26.4,Male
24045.png,47.7,Male
24050.png,30.0,Male
24056.png,60.4,Male
24057.png,43.9,Male
24060.png,44.4,Male
24070.png,48.7,Male
24073.png,33.4,Male
24077.png,18.7,Male
24083.png,38.6,Male
24087.png,43.5,Male
24097.png,47.0,Male
24100.png,52.5,Male
24101.png,13.4,Male
24102.png,38.3,Male
24105.png,17.8,Male
24108.png,31.4,Male
24111.png,27.2,Male
24112.png,38.5,Male
24114.png,26.2,Male
24116.png,48.2,Male
24123.png,24.4,Male
24125.png,43.2,Male
24127.png,37.5,Male
24134.png,42.1,Male
24135.png,33.0,Male
24148.png,25.1,Male
24149.png,19.0,Male
24150.png,20.5,Male
24151.png,2.1,Male
24157.png,32.1,Male
24159.png,8.6,Male
24164.png,1.8,Male
24167.png,17.8,Male
24173.png,1.0,Male
24176.png,57.4,Male
24179.png,33.1,Male
24182.png,27.7,Male
24185.png,50.3,Male
24191.png,29.4,Male
24195.png,32.6,Male
24199.png,20.7,Male
24203.png,48.1,Male
24210.png,28.5,Male
24215.png,17.0,Male
24217.png,24.6,Male
24218.png,35.3,Male
24219.png,38.2,Male
24223.png,28.0,Male
24225.png,29.4,Male
24226.png,31.1,Male
24227.png,40.1,Male
24230.png,30.8,Male
24232.png,43.0,Male
24233.png,8.3,Male
24238.png,34.0,Male
24241.png,30.4,Male
24242.png,12.8,Male
24246.png,27.4,Male
24251.png,68.0,Male
24258.png,26.0,Male
24259.png,52.2,Male
24262.png,17.6,Male
24263.png,65.5,Male
24264.png,10.7,Male
24265.png,62.3,Male
24267.png,66.1,Male
24288.png,46.6,Male
24296.png,39.6,Male
24297.png,44.2,Male
24315.png,48.9,Male
24316.png,57.7,Male
24318.png,39.7,Male
24323.png,60.3,Male
24328.png,12.6,Male
24331.png,35.8,Male
24334.png,27.1,Male
24338.png,31.1,Male
24340.png,38.9,Male
24341.png,1.3,Male
24344.png,1.7,Male
24345.png,37.1,Male
24347.png,56.9,Male
24352.png,47.1,Male
24356.png,29.9,Male
24368.png,26.9,Male
24369.png,37.8,Male
24370.png,46.9,Male
24371.png,68.1,Male
24378.png,39.0,Male
24380.png,21.3,Male
24382.png,43.1,Male
24385.png,30.9,Male
24386.png,25.5,Male
24387.png,32.3,Male
24388.png,23.3,Male
24398.png,38.6,Male
24400.png,31.3,Male
24401.png,37.0,Male
24404.png,16.2,Male
24405.png,30.9,Male
24408.png,19.6,Male
24410.png,6.0,Male
24417.png,21.6,Male
24419.png,50.4,Male
24420.png,22.8,Male
24421.png,61.7,Male
24426.png,25.1,Male
24430.png,47.1,Male
24431.png,28.8,Male
24434.png,55.7,Male
24435.png,5.9,Male
24441.png,43.7,Male
24443.png,45.1,Male
24449.png,52.6,Male
24450.png,45.9,Male
24452.png,10.1,Male
24453.png,63.1,Male
24455.png,47.6,Male
24456.png,32.2,Male
24458.png,25.5,Male
24461.png,34.4,Male
24464.png,50.8,Male
24465.png,65.2,Male
24467.png,51.8,Male
24470.png,21.1,Male
24476.png,58.6,Male
24479.png,68.6,Male
24480.png,20.0,Male
24483.png,48.8,Male
24485.png,67.9,Male
24486.png,53.2,Male
24488.png,59.3,Male
24492.png,52.4,Male
24498.png,34.9,Male
24504.png,29.1,Male
24505.png,4.7,Male
24507.png,9.4,Male
24514.png,28.4,Male
24516.png,24.1,Male
24523.png,6.4,Male
24524.png,61.4,Male
24525.png,34.0,Male
24530.png,31.9,Male
24534.png,23.8,Male
24535.png,20.2,Male
24548.png,46.4,Male
24551.png,66.5,Male
24555.png,10.2,Male
24559.png,48.8,Male
24560.png,16.6,Male
24561.png,53.7,Male
24567.png,34.4,Male
24574.png,32.0,Male
24580.png,58.2,Male
24581.png,22.5,Male
24582.png,32.7,Male
24586.png,15.1,Male
24592.png,34.7,Male
24596.png,3.7,Male
24598.png,39.9,Male
24600.png,9.0,Male
24607.png,6.2,Male
24608.png,59.7,Male
24613.png,31.8,Male
24621.png,62.9,Male
24630.png,35.9,Male
24632.png,13.4,Male
24633.png,28.7,Male
24635.png,61.0,Male
24637.png,9.8,Male
24640.png,46.9,Male
24641.png,8.1,Male
24650.png,8.0,Male
24651.png,38.2,Male
24652.png,43.9,Male
24662.png,67.3,Male
24667.png,49.1,Male
24670.png,6.4,Male
24671.png,58.6,Male
24672.png,47.0,Male
24673.png,64.6,Male
24680.png,56.8,Male
24683.png,12.8,Male
24684.png,42.6,Male
24685.png,23.5,Male
24686.png,51.5,Male
24687.png,47.7,Male
24688.png,54.9,Male
24690.png,41.9,Male
24696.png,24.8,Male
24697.png,15.2,Male
24699.png,20.3,Male
24704.png,43.5,Male
24713.png,36.1,Male
24715.png,22.7,Male
24716.png,50.6,Male
24726.png,22.4,Male
24727.png,16.3,Male
24728.png,31.4,Male
24729.png,42.6,Male
24733.png,13.1,Male
24744.png,67.0,Male
24749.png,5.1,Male
24752.png,21.9,Male
24754.png,8.6,Male
24756.png,29.0,Male
24759.png,39.9,Male
24760.png,21.3,Male
24761.png,21.5,Male
24762.png,50.8,Male
24763.png,23.7,Male
24768.png,9.4,Male
24775.png,15.7,Male
24778.png,3.4,Male
24780.png,12.4,Male
24785.png,29.4,Male
24787.png,11.3,Male
24791.png,2.4,Male
24792.png,47.4,Male
24811.png,28.3,Male
24817.png,27.0,Male
24818.png,22.8,Male
24819.png,11.8,Male
24820.png,8.4,Male
24824.png,4.9,Male
24831.png,55.1,Male
24832.png,40.5,Male
24833.png,27.9,Male
24837.png,41.9,Male
24839.png,39.8,Male
24844.png,8.1,Male
24846.png,61.4,Male
24851.png,4.8,Male
24854.png,57.9,Male
24856.png,55.9,Male
24858.png,32.6,Male
24873.png,20.3,Male
24874.png,61.4,Male
24876.png,9.2,Male
24878.png,21.8,Male
24881.png,4.8,Male
24884.png,5.6,Male
24885.png,59.0,Male
24886.png,26.2,Male
24887.png,22.2,Male
24890.png,23.2,Male
24892.png,36.3,Male
24896.png,49.7,Male
24897.png,14.3,Male
24899.png,51.8,Male
24901.png,40.0,Male
24905.png,35.3,Male
24906.png,13.8,Male
24914.png,49.0,Male
24917.png,24.2,Male
24920.png,26.3,Male
24921.png,30.0,Male
24922.png,48.7,Male
24925.png,26.7,Male
24927.png,25.4,Male
24928.png,51.7,Male
24931.png,43.4,Male
24941.png,29.0,Male
24944.png,19.7,Male
24952.png,37.7,Male
24954.png,48.0,Male
24955.png,26.3,Male
24957.png,21.7,Male
24958.png,20.9,Male
24959.png,28.0,Male
24960.png,26.7,Male
24966.png,25.2,Male
24967.png,40.2,Male
24968.png,56.2,Male
24975.png,43.6,Male
24978.png,13.1,Male
24979.png,56.0,Male
24983.png,16.6,Male
24987.png,22.1,Male
25002.png,11.1,Male
25006.png,74.8,Male
25008.png,38.8,Male
25020.png,18.8,Male
25022.png,24.5,Male
25023.png,23.3,Male
25030.png,22.6,Male
25032.png,29.8,Male
25035.png,47.0,Male
25041.png,65.9,Male
25042.png,25.7,Male
25046.png,58.5,Male
25048.png,48.1,Male
25055.png,27.8,Male
25056.png,33.1,Male
25062.png,29.2,Male
25069.png,51.5,Male
25098.png,67.9,Male
25101.png,26.4,Male
25105.png,60.4,Male
25106.png,35.5,Male
25111.png,3.0,Male
25112.png,8.7,Male
25115.png,54.4,Male
25117.png,2.3,Male
25119.png,56.8,Male
25120.png,34.7,Male
25122.png,32.1,Male
25124.png,3.4,Male
25127.png,60.4,Male
25144.png,22.0,Male
25145.png,34.0,Male
25146.png,28.0,Male
25150.png,16.1,Male
25153.png,38.2,Male
25154.png,43.8,Male
25156.png,27.5,Male
25166.png,5.1,Male
25168.png,76.7,Male
25171.png,37.0,Male
25179.png,23.1,Male
25185.png,47.4,Male
25189.png,51.3,Male
25191.png,4.9,Male
25192.png,50.0,Male
25197.png,49.6,Male
25198.png,30.5,Male
25200.png,40.2,Male
25203.png,7.1,Male
25204.png,27.6,Male
25212.png,27.9,Male
25220.png,35.7,Male
25221.png,6.7,Male
25224.png,52.8,Male
25226.png,8.4,Male
25227.png,7.2,Male
25228.png,41.8,Male
25232.png,45.4,Male
25237.png,46.3,Male
25238.png,58.7,Male
25242.png,37.6,Male
25245.png,13.1,Male
25248.png,72.5,Male
25249.png,42.9,Male
25251.png,51.3,Male
25252.png,15.3,Male
25259.png,38.0,Male
25260.png,38.2,Male
25263.png,66.8,Male
25265.png,60.9,Male
25270.png,2.6,Male
25272.png,2.6,Male
25276.png,14.2,Male
25277.png,29.0,Male
25284.png,30.0,Male
25287.png,3.9,Male
25288.png,43.8,Male
25289.png,59.7,Male
25292.png,24.7,Male
25295.png,29.0,Male
25297.png,59.9,Male
25301.png,31.4,Male
25304.png,5.7,Male
25307.png,28.0,Male
25309.png,41.9,Male
25311.png,14.7,Male
25312.png,42.7,Male
25313.png,3.7,Male
25317.png,7.5,Male
25318.png,8.8,Male
25320.png,29.4,Male
25329.png,24.3,Male
25330.png,4.3,Male
25337.png,58.1,Male
25340.png,4.9,Male
25345.png,32.3,Male
25346.png,7.9,Male
25347.png,9.9,Male
25348.png,23.9,Male
25351.png,55.1,Male
25359.png,34.5,Male
25362.png,59.7,Male
25367.png,47.4,Male
25368.png,32.5,Male
25369.png,38.7,Male
25374.png,33.6,Male
25377.png,57.1,Male
25380.png,49.6,Male
25381.png,62.8,Male
25382.png,54.3,Male
25383.png,25.9,Male
25391.png,33.5,Male
25396.png,36.6,Male
25397.png,30.6,Male
25403.png,58.7,Male
25405.png,22.0,Male
25407.png,24.4,Male
25409.png,49.6,Male
25415.png,23.0,Male
25419.png,66.0,Male
25423.png,41.8,Male
25426.png,3.9,Male
25427.png,43.5,Male
25430.png,26.8,Male
25437.png,58.2,Male
25443.png,61.5,Male
25448.png,38.3,Male
25450.png,43.4,Male
25451.png,40.2,Male
25454.png,52.7,Male
25457.png,35.8,Male
25465.png,11.7,Male
25470.png,23.8,Male
25471.png,2.1,Male
25472.png,24.3,Male
25475.png,52.9,Male
25477.png,4.2,Male
25480.png,44.4,Male
25485.png,48.4,Male
25486.png,39.3,Male
25487.png,33.3,Male
25492.png,65.7,Male
25496.png,62.3,Male
25497.png,58.7,Male
25499.png,22.8,Male
25502.png,46.6,Male
25506.png,60.8,Male
25507.png,25.2,Male
25509.png,36.8,Male
25512.png,37.0,Male
25513.png,21.5,Male
25520.png,65.9,Male
25523.png,2.8,Male
25525.png,34.1,Male
25532.png,19.5,Male
25533.png,2.9,Male
25541.png,68.1,Male
25543.png,7.8,Male
25544.png,15.4,Male
25546.png,35.7,Male
25549.png,4.2,Male
25551.png,8.7,Male
25556.png,36.2,Male
25557.png,40.9,Male
25562.png,32.4,Male
25569.png,28.4,Male
25571.png,61.6,Male
25575.png,20.6,Male
25576.png,45.1,Male
25578.png,36.5,Male
25579.png,27.2,Male
25589.png,9.5,Male
25594.png,18.4,Male
25598.png,41.0,Male
25609.png,35.9,Male
25612.png,3.7,Male
25613.png,34.3,Male
25614.png,2.0,Male
25622.png,49.1,Male
25624.png,51.0,Male
25630.png,35.9,Male
25632.png,28.8,Male
25633.png,39.7,Male
25644.png,45.3,Male
25646.png,32.0,Male
25647.png,75.0,Male
25652.png,24.8,Male
25653.png,37.8,Male
25660.png,43.5,Male
25668.png,30.4,Male
25671.png,26.2,Male
25674.png,40.0,Male
25676.png,20.1,Male
25679.png,77.0,Male
25688.png,11.3,Male
25698.png,37.0,Male
25699.png,48.6,Male
25701.png,40.8,Male
25703.png,2.6,Male
25704.png,35.4,Male
25710.png,29.8,Male
25712.png,54.8,Male
25715.png,57.9,Male
25725.png,44.9,Male
25727.png,10.6,Male
25729.png,45.6,Male
25733.png,32.0,Male
25735.png,36.1,Male
25736.png,29.9,Male
25738.png,3.9,Male
25745.png,35.9,Male
25746.png,35.6,Male
25749.png,5.0,Male
25751.png,2.9,Male
25757.png,73.7,Male
25761.png,35.4,Male
25762.png,35.7,Male
25767.png,5.1,Male
25772.png,17.5,Male
25774.png,64.8,Male
25776.png,37.1,Male
25780.png,77.0,Male
25782.png,43.9,Male
25785.png,42.5,Male
25787.png,14.2,Male
25796.png,43.5,Male
25805.png,7.3,Male
25813.png,33.9,Male
25825.png,22.3,Male
25826.png,23.3,Male
25830.png,42.0,Male
25837.png,66.4,Male
25838.png,32.6,Male
25856.png,30.1,Male
25859.png,72.5,Male
25860.png,2.2,Male
25863.png,47.1,Male
25869.png,22.7,Male
25871.png,59.0,Male
25873.png,21.5,Male
25875.png,31.4,Male
25891.png,49.0,Male
25892.png,17.6,Male
25897.png,44.1,Male
25901.png,58.3,Male
25903.png,18.4,Male
25905.png,62.2,Male
25915.png,33.4,Male
25919.png,7.2,Male
25920.png,6.7,Male
25923.png,21.2,Male
25927.png,32.5,Male
25928.png,37.6,Male
25929.png,2.6,Male
25933.png,37.9,Male
25936.png,47.0,Male
25938.png,58.7,Male
25945.png,14.6,Male
25947.png,27.8,Male
25950.png,32.8,Male
25954.png,11.6,Male
25957.png,17.5,Male
25963.png,57.1,Male
25965.png,36.7,Male
25966.png,10.8,Male
25967.png,39.4,Male
25969.png,8.2,Male
25971.png,68.5,Male
25982.png,31.4,Male
25987.png,31.9,Male
25988.png,32.4,Male
25989.png,46.9,Male
25994.png,33.7,Male
25995.png,48.5,Male
26006.png,4.3,Male
26009.png,51.8,Male
26011.png,31.5,Male
26012.png,49.0,Male
26013.png,43.9,Male
26025.png,33.2,Male
26027.png,51.4,Male
26031.png,59.4,Male
26033.png,29.6,Male
26035.png,49.6,Male
26037.png,34.2,Male
26039.png,26.0,Male
26041.png,23.8,Male
26044.png,30.6,Male
26047.png,22.6,Male
26050.png,2.4,Male
26062.png,47.3,Male
26066.png,2.1,Male
26071.png,67.9,Male
26077.png,44.0,Male
26078.png,29.0,Male
26079.png,13.0,Male
26081.png,18.9,Male
26082.png,37.5,Male
26083.png,9.8,Male
26089.png,23.6,Male
26090.png,4.2,Male
26094.png,3.7,Male
26097.png,51.4,Male
26098.png,47.0,Male
26099.png,6.2,Male
26100.png,22.1,Male
26102.png,53.5,Male
26104.png,54.2,Male
26106.png,41.1,Male
26108.png,3.6,Male
26111.png,57.2,Male
26112.png,27.4,Male
26114.png,29.3,Male
26117.png,23.8,Male
26118.png,45.2,Male
26122.png,28.2,Male
26130.png,34.8,Male
26131.png,31.0,Male
26137.png,8.1,Male
26140.png,5.0,Male
26142.png,14.3,Male
26143.png,49.8,Male
26144.png,35.3,Male
26145.png,8.7,Male
26146.png,21.5,Male
26148.png,15.3,Male
26149.png,8.0,Male
26151.png,28.5,Male
26158.png,41.7,Male
26163.png,10.8,Male
26167.png,50.5,Male
26170.png,38.9,Male
26171.png,56.9,Male
26173.png,7.0,Male
26174.png,59.8,Male
26176.png,7.0,Male
26177.png,21.1,Male
26179.png,49.5,Male
26181.png,41.7,Male
26186.png,54.0,Male
26188.png,30.6,Male
26197.png,10.9,Male
26199.png,36.9,Male
26201.png,38.5,Male
26205.png,31.7,Male
26208.png,14.6,Male
26212.png,7.3,Male
26213.png,52.5,Male
26216.png,12.1,Male
26217.png,20.1,Male
26218.png,50.0,Male
26220.png,55.4,Male
26222.png,19.9,Male
26224.png,10.5,Male
26225.png,57.8,Male
26230.png,23.5,Male
26233.png,18.7,Male
26237.png,23.7,Male
26238.png,26.9,Male
26248.png,25.7,Male
26253.png,23.5,Male
26254.png,28.5,Male
26255.png,42.5,Male
26257.png,34.2,Male
26260.png,36.5,Male
26262.png,47.8,Male
26263.png,32.0,Male
26267.png,47.2,Male
26280.png,25.8,Male
26281.png,46.3,Male
26287.png,45.6,Male
26293.png,33.2,Male
26299.png,23.0,Male
26302.png,58.9,Male
26305.png,79.0,Male
26306.png,21.5,Male
26309.png,30.7,Male
26317.png,32.0,Male
26318.png,29.9,Male
26326.png,26.2,Male
26330.png,32.1,Male
26335.png,37.3,Male
26336.png,29.7,Male
26337.png,40.4,Male
26342.png,37.3,Male
26347.png,35.4,Male
26350.png,12.5,Male
26361.png,24.6,Male
26365.png,55.8,Male
26370.png,3.2,Male
26379.png,44.0,Male
26385.png,8.6,Male
26388.png,29.4,Male
26389.png,23.4,Male
26398.png,39.6,Male
26406.png,32.9,Male
26416.png,32.1,Male
26417.png,23.8,Male
26422.png,52.6,Male
26424.png,21.9,Male
26429.png,28.6,Male
26433.png,36.1,Male
26437.png,30.0,Male
26438.png,12.3,Male
26439.png,60.9,Male
26440.png,21.1,Male
26442.png,22.7,Male
26444.png,28.8,Male
26448.png,28.5,Male
26462.png,20.7,Male
26465.png,68.3,Male
26467.png,25.9,Male
26475.png,57.9,Male
26476.png,35.6,Male
26478.png,29.2,Male
26484.png,22.0,Male
26485.png,33.9,Male
26486.png,46.8,Male
26489.png,25.7,Male
26493.png,64.2,Male
26496.png,23.8,Male
26497.png,45.3,Male
26500.png,41.5,Male
26502.png,23.9,Male
26504.png,36.5,Male
26510.png,11.0,Male
26515.png,2.5,Male
26516.png,36.3,Male
26517.png,48.7,Male
26518.png,62.7,Male
26522.png,24.9,Male
26523.png,53.4,Male
26535.png,20.9,Male
26545.png,2.9,Male
26546.png,56.8,Male
26549.png,24.9,Male
26553.png,38.1,Male
26557.png,50.6,Male
26559.png,30.1,Male
26560.png,9.9,Male
26563.png,32.5,Male
26568.png,22.6,Male
26569.png,46.7,Male
26577.png,25.4,Male
26581.png,26.2,Male
26585.png,48.6,Male
26588.png,37.0,Male
26604.png,35.8,Male
26607.png,50.5,Male
26608.png,59.6,Male
26609.png,42.2,Male
26610.png,25.4,Male
26619.png,8.6,Male
26620.png,32.7,Male
26623.png,72.9,Male
26624.png,35.1,Male
26626.png,25.3,Male
26627.png,4.8,Male
26630.png,32.4,Male
26631.png,36.6,Male
26632.png,11.9,Male
26633.png,25.7,Male
26642.png,19.3,Male
26644.png,37.2,Male
26647.png,70.8,Male
26649.png,31.2,Male
26651.png,1.7,Male
26667.png,55.8,Male
26678.png,39.9,Male
26680.png,33.6,Male
26682.png,28.6,Male
26683.png,15.9,Male
26684.png,26.3,Male
26685.png,62.7,Male
26687.png,51.5,Male
26698.png,3.1,Male
26702.png,39.6,Male
26703.png,43.1,Male
26706.png,37.4,Male
26707.png,53.8,Male
26712.png,18.9,Male
26717.png,64.5,Male
26718.png,24.3,Male
26724.png,25.0,Male
26728.png,55.9,Male
26733.png,17.9,Male
26738.png,60.2,Male
26741.png,46.1,Male
26743.png,50.8,Male
26744.png,19.8,Male
26748.png,46.3,Male
26750.png,32.5,Male
26755.png,75.2,Male
26757.png,30.9,Male
26760.png,18.5,Male
26764.png,22.5,Male
26765.png,18.9,Male
26767.png,18.9,Male
26769.png,49.0,Male
26770.png,59.5,Male
26772.png,33.3,Male
26777.png,26.3,Male
26784.png,59.6,Male
26787.png,29.8,Male
26789.png,15.8,Male
26792.png,29.2,Male
26794.png,14.0,Male
26799.png,21.9,Male
26805.png,41.5,Male
26812.png,71.0,Male
26813.png,45.8,Male
26816.png,73.2,Male
26822.png,28.0,Male
26823.png,41.6,Male
26825.png,48.4,Male
26828.png,15.6,Male
26829.png,68.4,Male
26830.png,17.3,Male
26832.png,60.9,Male
26835.png,24.6,Male
26838.png,33.1,Male
26853.png,2.1,Male
26855.png,26.6,Male
26858.png,65.5,Male
26864.png,27.4,Male
26873.png,27.8,Male
26878.png,12.3,Male
26886.png,35.4,Male
26887.png,32.2,Male
26890.png,43.4,Male
26894.png,29.2,Male
26895.png,39.4,Male
26896.png,7.8,Male
26902.png,39.9,Male
26909.png,46.0,Male
26911.png,16.1,Male
26917.png,8.9,Male
26920.png,56.7,Male
26922.png,4.0,Male
26923.png,49.1,Male
26924.png,31.2,Male
26928.png,30.1,Male
26931.png,28.2,Male
26934.png,60.5,Male
26941.png,23.5,Male
26945.png,47.4,Male
26946.png,38.2,Male
26952.png,60.9,Male
26953.png,27.9,Male
26956.png,21.4,Male
26958.png,31.3,Male
26962.png,39.3,Male
26965.png,10.0,Male
26972.png,23.4,Male
26975.png,71.5,Male
26976.png,34.1,Male
26978.png,38.9,Male
26982.png,51.4,Male
26986.png,47.3,Male
26988.png,19.3,Male
26989.png,2.5,Male
26992.png,38.9,Male
26999.png,40.6,Male
27004.png,10.1,Male
27005.png,29.1,Male
27011.png,31.7,Male
27015.png,42.8,Male
27019.png,42.4,Male
27021.png,41.7,Male
27027.png,25.7,Male
27030.png,56.7,Male
27032.png,61.4,Male
27033.png,11.9,Male
27034.png,62.2,Male
27037.png,6.8,Male
27038.png,23.6,Male
27041.png,33.8,Male
27044.png,55.3,Male
27047.png,6.1,Male
27049.png,53.0,Male
27057.png,23.5,Male
27060.png,43.7,Male
27063.png,32.3,Male
27069.png,56.3,Male
27076.png,32.4,Male
27077.png,39.4,Male
27080.png,46.2,Male
27082.png,37.0,Male
27085.png,28.0,Male
27096.png,39.9,Male
27097.png,30.1,Male
27100.png,42.8,Male
27102.png,40.8,Male
27103.png,33.9,Male
27106.png,43.1,Male
27110.png,27.7,Male
27111.png,37.5,Male
27112.png,20.0,Male
27114.png,45.3,Male
27115.png,40.6,Male
27117.png,1.6,Male
27122.png,8.7,Male
27124.png,25.3,Male
27125.png,9.3,Male
27132.png,24.2,Male
27143.png,29.2,Male
27147.png,43.8,Male
27149.png,56.4,Male
27150.png,37.3,Male
27151.png,15.8,Male
27152.png,63.9,Male
27158.png,35.7,Male
27159.png,49.1,Male
27160.png,3.8,Male
27164.png,55.2,Male
27165.png,32.3,Male
27168.png,60.6,Male
27171.png,24.7,Male
27175.png,43.7,Male
27176.png,4.9,Male
27180.png,25.5,Male
27190.png,29.0,Male
27192.png,32.3,Male
27194.png,44.1,Male
27202.png,6.8,Male
27204.png,52.4,Male
27215.png,33.2,Male
27221.png,8.9,Male
27222.png,55.4,Male
27227.png,43.6,Male
27234.png,34.9,Male
27235.png,45.4,Male
27241.png,7.0,Male
27244.png,51.2,Male
27251.png,19.1,Male
27252.png,5.9,Male
27259.png,18.9,Male
27263.png,15.2,Male
27276.png,28.7,Male
27277.png,52.1,Male
27280.png,42.7,Male
27282.png,4.8,Male
27292.png,24.9,Male
27294.png,26.5,Male
27295.png,29.3,Male
27297.png,19.9,Male
27303.png,20.4,Male
27308.png,28.2,Male
27312.png,30.4,Male
27315.png,40.5,Male
27319.png,49.8,Male
27321.png,54.5,Male
27332.png,3.7,Male
27334.png,21.5,Male
27339.png,62.6,Male
27342.png,24.6,Male
27344.png,2.0,Male
27349.png,27.6,Male
27351.png,27.0,Male
27355.png,26.2,Male
27359.png,55.4,Male
27361.png,40.1,Male
27368.png,17.0,Male
27370.png,6.4,Male
27372.png,12.9,Male
27376.png,41.6,Male
27379.png,47.0,Male
27385.png,48.4,Male
27390.png,41.4,Male
27392.png,28.0,Male
27394.png,41.9,Male
27395.png,59.3,Male
27400.png,55.6,Male
27403.png,35.8,Male
27405.png,34.8,Male
27409.png,43.4,Male
27413.png,19.9,Male
27418.png,29.3,Male
27420.png,55.3,Male
27423.png,38.8,Male
27424.png,19.3,Male
27425.png,29.4,Male
27426.png,51.1,Male
27434.png,9.3,Male
27443.png,38.4,Male
27444.png,62.4,Male
27450.png,41.0,Male
27453.png,33.2,Male
27456.png,30.1,Male
27460.png,14.5,Male
27462.png,47.4,Male
27470.png,58.6,Male
27471.png,32.7,Male
27477.png,40.6,Male
27479.png,28.5,Male
27483.png,23.4,Male
27487.png,50.1,Male
27490.png,21.1,Male
27491.png,60.4,Male
27494.png,2.4,Male
27495.png,45.0,Male
27497.png,3.7,Male
27498.png,25.5,Male
27501.png,3.8,Male
27502.png,34.9,Male
27504.png,37.8,Male
27506.png,23.6,Male
27508.png,24.3,Male
27509.png,30.1,Male
27512.png,8.8,Male
27514.png,23.3,Male
27520.png,11.8,Male
27521.png,19.1,Male
27529.png,38.7,Male
27531.png,35.0,Male
27532.png,20.4,Male
27535.png,39.4,Male
27536.png,48.5,Male
27537.png,7.2,Male
27542.png,5.1,Male
27549.png,58.4,Male
27551.png,25.0,Male
27553.png,60.4,Male
27556.png,28.1,Male
27559.png,29.8,Male
27563.png,44.5,Male
27568.png,29.4,Male
27575.png,2.3,Male
27579.png,23.8,Male
27581.png,51.0,Male
27585.png,16.2,Male
27594.png,30.8,Male
27596.png,4.8,Male
27600.png,49.3,Male
27601.png,66.8,Male
27604.png,69.7,Male
27605.png,60.6,Male
27606.png,46.7,Male
27607.png,25.7,Male
27608.png,57.7,Male
27611.png,27.0,Male
27614.png,17.7,Male
27617.png,34.5,Male
27619.png,12.9,Male
27621.png,36.3,Male
27623.png,8.0,Male
27625.png,36.4,Male
27627.png,24.2,Male
27631.png,10.8,Male
27636.png,44.8,Male
27637.png,50.2,Male
27647.png,37.1,Male
27653.png,32.6,Male
27654.png,39.5,Male
27657.png,50.1,Male
27659.png,52.8,Male
27664.png,40.4,Male
27665.png,31.5,Male
27681.png,34.3,Male
27684.png,42.2,Male
27686.png,33.0,Male
27691.png,52.0,Male
27692.png,16.9,Male
27696.png,44.5,Male
27703.png,27.3,Male
27704.png,18.3,Male
27707.png,24.6,Male
27710.png,26.6,Male
27711.png,25.5,Male
27713.png,52.3,Male
27719.png,38.6,Male
27720.png,11.7,Male
27723.png,11.9,Male
27740.png,27.1,Male
27742.png,52.3,Male
27745.png,41.2,Male
27752.png,56.3,Male
27759.png,61.6,Male
27760.png,31.7,Male
27762.png,54.8,Male
27767.png,8.5,Male
27769.png,9.9,Male
27770.png,44.9,Male
27771.png,22.4,Male
27772.png,16.0,Male
27775.png,50.0,Male
27782.png,33.7,Male
27784.png,40.9,Male
27788.png,40.8,Male
27795.png,50.5,Male
27799.png,38.7,Male
27801.png,6.4,Male
27802.png,35.4,Male
27808.png,16.3,Male
27810.png,49.9,Male
27815.png,25.1,Male
27823.png,12.2,Male
27827.png,54.7,Male
27831.png,40.8,Male
27834.png,45.6,Male
27839.png,33.4,Male
27842.png,55.6,Male
27849.png,19.4,Male
27851.png,3.4,Male
27854.png,53.6,Male
27862.png,55.3,Male
27864.png,58.0,Male
27869.png,42.4,Male
27870.png,55.2,Male
27871.png,51.5,Male
27879.png,23.1,Male
27884.png,1.3,Male
27886.png,61.1,Male
27887.png,51.9,Male
27889.png,58.3,Male
27899.png,28.0,Male
27912.png,25.1,Male
27919.png,61.6,Male
27925.png,36.5,Male
27926.png,34.0,Male
27936.png,60.0,Male
27938.png,59.1,Male
27941.png,42.2,Male
27945.png,22.3,Male
27946.png,33.1,Male
27948.png,26.7,Male
27955.png,39.8,Male
27962.png,42.8,Male
27963.png,28.7,Male
27964.png,58.9,Male
27969.png,50.0,Male
27972.png,45.7,Male
27973.png,43.8,Male
27976.png,30.0,Male
27979.png,53.9,Male
27982.png,55.6,Male
27985.png,45.8,Male
27991.png,32.8,Male
28001.png,22.0,Male
28010.png,62.4,Male
28014.png,46.4,Male
28016.png,40.6,Male
28019.png,56.4,Male
28020.png,30.7,Male
28022.png,52.4,Male
28032.png,56.7,Male
28035.png,48.8,Male
28036.png,32.2,Male
28039.png,61.0,Male
28043.png,42.9,Male
28047.png,53.8,Male
28048.png,30.8,Male
28051.png,24.5,Male
28053.png,19.4,Male
28059.png,66.1,Male
28061.png,27.0,Male
28062.png,15.3,Male
28063.png,44.9,Male
28065.png,48.5,Male
28068.png,61.3,Male
28074.png,64.7,Male
28080.png,10.3,Male
28085.png,25.9,Male
28091.png,43.0,Male
28094.png,25.9,Male
28108.png,27.7,Male
28109.png,50.1,Male
28110.png,37.9,Male
28113.png,8.0,Male
28114.png,66.3,Male
28116.png,24.9,Male
28119.png,23.5,Male
28124.png,7.0,Male
28127.png,40.0,Male
28130.png,37.7,Male
28137.png,32.0,Male
28143.png,28.6,Male
28152.png,43.4,Male
28153.png,15.4,Male
28155.png,25.9,Male
28157.png,11.8,Male
28159.png,44.3,Male
28163.png,53.3,Male
28173.png,26.8,Male
28177.png,38.5,Male
28179.png,31.5,Male
28183.png,30.9,Male
28189.png,49.6,Male
28192.png,60.2,Male
28194.png,26.2,Male
28195.png,29.5,Male
28197.png,54.9,Male
28199.png,7.9,Male
28204.png,36.7,Male
28207.png,53.7,Male
28208.png,18.3,Male
28220.png,22.2,Male
28221.png,55.2,Male
28224.png,23.9,Male
28240.png,55.7,Male
28241.png,36.9,Male
28242.png,44.3,Male
28249.png,22.0,Male
28254.png,1.3,Male
28255.png,2.9,Male
28256.png,58.9,Male
28257.png,66.2,Male
28261.png,56.3,Male
28265.png,8.0,Male
28266.png,9.2,Male
28271.png,53.0,Male
28272.png,48.9,Male
28277.png,20.9,Male
28298.png,43.2,Male
28299.png,48.3,Male
28304.png,36.4,Male
28305.png,46.1,Male
28307.png,7.9,Male
28316.png,23.0,Male
28322.png,29.8,Male
28329.png,49.8,Male
28333.png,23.4,Male
28336.png,72.6,Male
28341.png,30.4,Male
28348.png,4.0,Male
28351.png,15.7,Male
28358.png,20.9,Male
28361.png,47.1,Male
28364.png,24.0,Male
28367.png,9.8,Male
28369.png,33.2,Male
28374.png,7.6,Male
28378.png,8.6,Male
28382.png,38.4,Male
28384.png,41.2,Male
28389.png,48.1,Male
28394.png,39.4,Male
28399.png,30.8,Male
28402.png,24.7,Male
28404.png,32.3,Male
28414.png,6.5,Male
28417.png,66.5,Male
28419.png,45.9,Male
28426.png,25.6,Male
28437.png,28.5,Male
28441.png,6.7,Male
28442.png,47.2,Male
28444.png,23.4,Male
28446.png,33.5,Male
28465.png,49.2,Male
28467.png,21.6,Male
28473.png,18.0,Male
28474.png,36.2,Male
28476.png,38.8,Male
28477.png,30.1,Male
28478.png,68.4,Male
28485.png,31.6,Male
28487.png,14.2,Male
28499.png,21.4,Male
28500.png,51.3,Male
28503.png,36.2,Male
28511.png,43.5,Male
28519.png,43.0,Male
28522.png,33.0,Male
28523.png,12.5,Male
28526.png,44.3,Male
28534.png,20.3,Male
28535.png,25.1,Male
28537.png,32.6,Male
28541.png,11.6,Male
28543.png,3.7,Male
28545.png,18.4,Male
28548.png,53.4,Male
28551.png,33.5,Male
28553.png,80.6,Male
28557.png,65.3,Male
28559.png,46.7,Male
28560.png,8.8,Male
28564.png,61.8,Male
28569.png,33.9,Male
28574.png,2.9,Male
28576.png,29.0,Male
28577.png,43.3,Male
28591.png,29.6,Male
28594.png,37.5,Male
28595.png,34.4,Male
28601.png,58.8,Male
28606.png,42.9,Male
28607.png,27.1,Male
28613.png,7.6,Male
28618.png,23.8,Male
28621.png,45.4,Male
28622.png,49.3,Male
28624.png,2.8,Male
28626.png,55.1,Male
28627.png,43.5,Male
28628.png,31.1,Male
28631.png,1.5,Male
28632.png,60.8,Male
28635.png,63.9,Male
28642.png,29.3,Male
28644.png,22.4,Male
28647.png,30.0,Male
28651.png,39.7,Male
28652.png,9.0,Male
28655.png,59.2,Male
28656.png,50.2,Male
28657.png,27.5,Male
28664.png,53.1,Male
28668.png,38.4,Male
28673.png,4.2,Male
28676.png,28.0,Male
28679.png,57.9,Male
28681.png,22.9,Male
28683.png,60.8,Male
28686.png,52.5,Male
28687.png,33.8,Male
28688.png,36.7,Male
28692.png,69.6,Male
28695.png,30.3,Male
28697.png,3.4,Male
28698.png,32.9,Male
28701.png,41.4,Male
28702.png,63.2,Male
28704.png,55.9,Male
28705.png,3.4,Male
28707.png,53.5,Male
28708.png,6.8,Male
28713.png,25.5,Male
28714.png,34.9,Male
28717.png,35.9,Male
28720.png,25.0,Male
28721.png,50.5,Male
28722.png,50.0,Male
28730.png,29.2,Male
28740.png,9.3,Male
28741.png,63.1,Male
28745.png,29.4,Male
28746.png,14.2,Male
28748.png,23.5,Male
28749.png,10.9,Male
28752.png,4.6,Male
28757.png,37.1,Male
28758.png,77.8,Male
28759.png,10.8,Male
28760.png,31.8,Male
28763.png,33.5,Male
28765.png,5.4,Male
28773.png,9.6,Male
28777.png,32.5,Male
28780.png,44.8,Male
28784.png,53.8,Male
28785.png,12.1,Male
28796.png,50.0,Male
28803.png,55.3,Male
28804.png,62.2,Male
28807.png,31.2,Male
28816.png,66.6,Male
28818.png,1.3,Male
28819.png,33.5,Male
28821.png,29.3,Male
28828.png,28.3,Male
28830.png,59.6,Male
28837.png,30.6,Male
28844.png,28.4,Male
28848.png,50.4,Male
28863.png,58.8,Male
28864.png,8.9,Male
28866.png,27.5,Male
28869.png,10.8,Male
28873.png,48.8,Male
28876.png,47.7,Male
28879.png,71.4,Male
28880.png,1.5,Male
28883.png,61.0,Male
28884.png,1.5,Male
28885.png,36.8,Male
28887.png,35.1,Male
28893.png,27.0,Male
28902.png,28.7,Male
28903.png,16.3,Male
28905.png,25.9,Male
28906.png,65.4,Male
28909.png,26.6,Male
28910.png,3.2,Male
28913.png,67.0,Male
28914.png,66.8,Male
28919.png,72.4,Male
28922.png,24.3,Male
28930.png,30.0,Male
28931.png,22.1,Male
28939.png,33.9,Male
28940.png,9.3,Male
28947.png,33.0,Male
28953.png,7.4,Male
28963.png,21.0,Male
28968.png,30.2,Male
28969.png,24.2,Male
28971.png,11.3,Male
28972.png,58.9,Male
28974.png,13.1,Male
28981.png,68.9,Male
28984.png,6.8,Male
28986.png,9.5,Male
28992.png,43.5,Male
29002.png,44.7,Male
29004.png,57.7,Male
29007.png,8.7,Male
29009.png,10.0,Male
29012.png,37.5,Male
29015.png,23.1,Male
29016.png,41.8,Male
29017.png,22.1,Male
29020.png,5.8,Male
29024.png,8.9,Male
29035.png,64.8,Male
29038.png,32.3,Male
29041.png,32.2,Male
29045.png,39.4,Male
29052.png,14.5,Male
29057.png,28.8,Male
29064.png,50.9,Male
29065.png,33.3,Male
29067.png,40.1,Male
29068.png,3.6,Male
29069.png,33.4,Male
29070.png,35.1,Male
29071.png,49.5,Male
29076.png,31.6,Male
29079.png,17.8,Male
29082.png,77.4,Male
29083.png,33.0,Male
29098.png,7.0,Male
29102.png,70.6,Male
29105.png,41.5,Male
29109.png,50.5,Male
29110.png,43.8,Male
29114.png,26.4,Male
29115.png,48.3,Male
29116.png,38.3,Male
29123.png,29.1,Male
29125.png,68.1,Male
29127.png,22.5,Male
29130.png,27.4,Male
29131.png,39.4,Male
29132.png,30.6,Male
29133.png,72.8,Male
29135.png,31.1,Male
29136.png,31.8,Male
29138.png,42.9,Male
29144.png,8.1,Male
29145.png,50.9,Male
29151.png,33.4,Male
29154.png,62.4,Male
29155.png,54.2,Male
29156.png,27.7,Male
29162.png,52.0,Male
29170.png,37.8,Male
29171.png,18.0,Male
29182.png,71.0,Male
29188.png,46.7,Male
29189.png,6.1,Male
29190.png,47.5,Male
29194.png,26.8,Male
29199.png,8.3,Male
29205.png,24.3,Male
29206.png,43.8,Male
29207.png,49.3,Male
29213.png,24.9,Male
29214.png,43.0,Male
29215.png,55.2,Male
29218.png,39.4,Male
29219.png,6.3,Male
29220.png,33.2,Male
29225.png,64.7,Male
29232.png,30.8,Male
29233.png,36.1,Male
29235.png,38.2,Male
29253.png,44.4,Male
29256.png,12.8,Male
29260.png,45.4,Male
29269.png,48.4,Male
29272.png,34.9,Male
29273.png,34.4,Male
29284.png,10.2,Male
29287.png,63.1,Male
29288.png,47.3,Male
29296.png,26.1,Male
29300.png,45.9,Male
29301.png,44.1,Male
29311.png,22.9,Male
29312.png,38.2,Male
29318.png,32.5,Male
29325.png,70.0,Male
29329.png,31.2,Male
29332.png,41.1,Male
29333.png,15.0,Male
29334.png,8.3,Male
29338.png,34.5,Male
29339.png,28.7,Male
29343.png,34.6,Male
29347.png,29.1,Male
29348.png,59.5,Male
29350.png,37.9,Male
29351.png,54.0,Male
29355.png,30.3,Male
29358.png,79.9,Male
29360.png,11.2,Male
29362.png,63.4,Male
29368.png,59.4,Male
29372.png,55.2,Male
29377.png,39.2,Male
29385.png,54.6,Male
29387.png,34.6,Male
29389.png,55.7,Male
29390.png,34.8,Male
29391.png,4.0,Male
29392.png,5.9,Male
29400.png,1.0,Male
29401.png,29.2,Male
29402.png,12.7,Male
29411.png,44.9,Male
29418.png,23.5,Male
29419.png,60.6,Male
29421.png,76.0,Male
29423.png,40.5,Male
29427.png,43.8,Male
29428.png,65.3,Male
29429.png,30.3,Male
29430.png,63.1,Male
29431.png,56.5,Male
29436.png,30.9,Male
29437.png,2.8,Male
29443.png,27.5,Male
29444.png,45.0,Male
29445.png,26.9,Male
29451.png,7.5,Male
29454.png,61.0,Male
29464.png,24.5,Male
29466.png,43.8,Male
29468.png,28.8,Male
29470.png,32.2,Male
29473.png,37.6,Male
29479.png,21.0,Male
29482.png,54.0,Male
29494.png,62.0,Male
29500.png,57.2,Male
29504.png,51.4,Male
29505.png,15.7,Male
29508.png,19.8,Male
29513.png,59.7,Male
29520.png,11.6,Male
29521.png,49.4,Male
29522.png,2.8,Male
29523.png,17.6,Male
29528.png,22.2,Male
29536.png,54.4,Male
29542.png,30.0,Male
29548.png,50.3,Male
29552.png,32.7,Male
29555.png,14.3,Male
29556.png,47.0,Male
29559.png,11.3,Male
29561.png,1.8,Male
29563.png,28.3,Male
29567.png,25.3,Male
29571.png,10.6,Male
29573.png,42.9,Male
29576.png,31.1,Male
29579.png,64.0,Male
29581.png,59.2,Male
29585.png,69.0,Male
29588.png,52.5,Male
29590.png,49.6,Male
29591.png,49.1,Male
29597.png,46.3,Male
29600.png,19.1,Male
29601.png,24.8,Male
29602.png,23.7,Male
29603.png,71.7,Male
29604.png,29.0,Male
29605.png,64.3,Male
29607.png,26.5,Male
29617.png,27.5,Male
29622.png,5.5,Male
29626.png,11.3,Male
29627.png,20.7,Male
29634.png,26.0,Male
29643.png,7.5,Male
29647.png,62.6,Male
29648.png,4.3,Male
29651.png,47.3,Male
29654.png,71.8,Male
29656.png,8.1,Male
29657.png,22.2,Male
29658.png,21.6,Male
29661.png,61.0,Male
29662.png,2.5,Male
29667.png,68.6,Male
29672.png,47.3,Male
29676.png,44.2,Male
29678.png,47.1,Male
29683.png,34.8,Male
29684.png,9.2,Male
29693.png,41.0,Male
29697.png,7.5,Male
29705.png,24.7,Male
29706.png,66.5,Male
29710.png,43.6,Male
29712.png,60.3,Male
29713.png,12.8,Male
29715.png,20.6,Male
29716.png,10.5,Male
29720.png,54.6,Male
29723.png,42.6,Male
29724.png,47.1,Male
29729.png,57.0,Male
29730.png,53.0,Male
29732.png,36.2,Male
29743.png,8.7,Male
29751.png,49.1,Male
29753.png,32.4,Male
29762.png,36.2,Male
29764.png,37.9,Male
29769.png,45.9,Male
29770.png,45.7,Male
29771.png,21.6,Male
29794.png,34.0,Male
29800.png,30.3,Male
29804.png,21.1,Male
29805.png,17.8,Male
29807.png,54.4,Male
29808.png,50.3,Male
29809.png,21.9,Male
29816.png,4.2,Male
29817.png,37.5,Male
29820.png,31.8,Male
29824.png,32.1,Male
29825.png,29.8,Male
29828.png,28.2,Male
29829.png,73.5,Male
29830.png,60.4,Male
29831.png,40.1,Male
29837.png,40.8,Male
29842.png,39.7,Male
29847.png,25.4,Male
29850.png,6.4,Male
29852.png,60.0,Male
29855.png,54.5,Male
29861.png,23.7,Male
29863.png,42.6,Male
29864.png,38.6,Male
29868.png,5.7,Male
29870.png,47.9,Male
29871.png,56.5,Male
29873.png,31.7,Male
29878.png,45.6,Male
29879.png,23.9,Male
29881.png,36.6,Male
29884.png,23.9,Male
29898.png,24.6,Male
29899.png,21.6,Male
29902.png,31.5,Male
29908.png,54.0,Male
29910.png,44.4,Male
29912.png,50.9,Male
29919.png,4.9,Male
29922.png,48.6,Male
29928.png,50.6,Male
29933.png,3.1,Male
29934.png,4.9,Male
29937.png,10.1,Male
29939.png,51.8,Male
29949.png,28.0,Male
29957.png,23.5,Male
29958.png,52.0,Male
29960.png,63.8,Male
29967.png,44.6,Male
29968.png,52.5,Male
29977.png,49.3,Male
29979.png,38.2,Male
29980.png,28.8,Male
29984.png,33.9,Male
29990.png,23.5,Male
29997.png,47.0,Male
30002.png,26.8,Male
30003.png,32.8,Male
30005.png,7.9,Male
30007.png,41.6,Male
30008.png,31.3,Male
30016.png,18.7,Male
30021.png,66.6,Male
30025.png,21.9,Male
30027.png,51.2,Male
30030.png,21.5,Male
30040.png,49.8,Male
30042.png,27.9,Male
30044.png,50.0,Male
30046.png,3.9,Male
30049.png,30.3,Male
30058.png,32.6,Male
30059.png,26.6,Male
30062.png,43.3,Male
30065.png,50.4,Male
30072.png,35.5,Male
30077.png,22.7,Male
30079.png,45.3,Male
30081.png,9.2,Male
30083.png,34.4,Male
30086.png,41.2,Male
30090.png,57.7,Male
30102.png,26.4,Male
30107.png,31.9,Male
30110.png,15.7,Male
30112.png,32.1,Male
30115.png,21.0,Male
30116.png,63.4,Male
30120.png,12.1,Male
30121.png,28.4,Male
30122.png,30.1,Male
30127.png,27.6,Male
30128.png,24.4,Male
30130.png,35.1,Male
30135.png,8.8,Male
30137.png,38.6,Male
30145.png,45.0,Male
30147.png,4.1,Male
30149.png,5.3,Male
30154.png,28.3,Male
30156.png,31.7,Male
30160.png,60.7,Male
30161.png,70.4,Male
30162.png,57.2,Male
30169.png,35.2,Male
30182.png,21.5,Male
30188.png,21.7,Male
30191.png,27.5,Male
30192.png,54.9,Male
30198.png,8.5,Male
30202.png,36.4,Male
30207.png,51.1,Male
30210.png,72.8,Male
30216.png,2.7,Male
30217.png,20.0,Male
30221.png,34.7,Male
30225.png,38.8,Male
30241.png,75.1,Male
30252.png,7.6,Male
30254.png,66.9,Male
30255.png,18.4,Male
30258.png,6.7,Male
30263.png,21.4,Male
30266.png,45.2,Male
30267.png,58.2,Male
30270.png,33.4,Male
30273.png,37.7,Male
30279.png,54.6,Male
30289.png,26.5,Male
30298.png,31.4,Male
30299.png,19.7,Male
30305.png,57.5,Male
30311.png,27.0,Male
30312.png,29.7,Male
30317.png,21.9,Male
30320.png,28.7,Male
30323.png,34.2,Male
30325.png,23.6,Male
30333.png,21.1,Male
30334.png,63.5,Male
30339.png,37.8,Male
30340.png,67.7,Male
30345.png,12.8,Male
30347.png,48.6,Male
30352.png,12.8,Male
30356.png,48.4,Male
30360.png,35.1,Male
30365.png,29.3,Male
30366.png,38.1,Male
30368.png,29.8,Male
30369.png,49.1,Male
30372.png,16.7,Male
30375.png,3.2,Male
30377.png,16.8,Male
30382.png,60.5,Male
30384.png,30.4,Male
30386.png,48.2,Male
30389.png,22.7,Male
30394.png,1.3,Male
30395.png,6.8,Male
30396.png,54.0,Male
30407.png,27.8,Male
30408.png,5.4,Male
30413.png,42.5,Male
30420.png,30.2,Male
30422.png,34.5,Male
30423.png,44.8,Male
30424.png,6.0,Male
30425.png,37.2,Male
30427.png,56.3,Male
30432.png,14.0,Male
30433.png,55.2,Male
30437.png,46.4,Male
30441.png,23.9,Male
30443.png,13.6,Male
30451.png,41.5,Male
30462.png,33.4,Male
30464.png,59.0,Male
30465.png,35.8,Male
30475.png,46.3,Male
30480.png,27.0,Male
30482.png,36.8,Male
30486.png,24.0,Male
30488.png,45.6,Male
30490.png,8.4,Male
30493.png,37.8,Male
30495.png,20.7,Male
30496.png,19.1,Male
30497.png,44.5,Male
30499.png,33.3,Male
30503.png,32.2,Male
30508.png,39.8,Male
30512.png,7.3,Male
30514.png,57.4,Male
30516.png,39.0,Male
30518.png,17.6,Male
30522.png,7.3,Male
30537.png,28.1,Male
30539.png,37.1,Male
30544.png,15.5,Male
30549.png,18.0,Male
30554.png,83.2,Male
30557.png,54.3,Male
30562.png,60.8,Male
30574.png,4.1,Male
30578.png,40.1,Male
30587.png,25.2,Male
30589.png,45.0,Male
30595.png,24.2,Male
30597.png,22.3,Male
30603.png,1.5,Male
30605.png,25.7,Male
30608.png,1.3,Male
30609.png,10.7,Male
30612.png,57.7,Male
30613.png,1.2,Male
30614.png,33.5,Male
30619.png,65.4,Male
30626.png,65.9,Male
30634.png,32.0,Male
30636.png,43.7,Male
30637.png,62.5,Male
30638.png,20.4,Male
30641.png,46.1,Male
30643.png,58.6,Male
30645.png,60.7,Male
30647.png,24.7,Male
30649.png,47.4,Male
30653.png,42.4,Male
30664.png,30.3,Male
30671.png,4.0,Male
30673.png,19.5,Male
30675.png,47.9,Male
30681.png,27.1,Male
30689.png,47.5,Male
30692.png,4.8,Male
30698.png,37.5,Male
30699.png,27.7,Male
30704.png,48.7,Male
30710.png,27.6,Male
30715.png,55.3,Male
30721.png,8.3,Male
30725.png,69.7,Male
30726.png,55.2,Male
30730.png,20.0,Male
30733.png,38.0,Male
30735.png,29.1,Male
30737.png,32.3,Male
30740.png,28.1,Male
30752.png,32.0,Male
30753.png,21.1,Male
30762.png,9.1,Male
30763.png,33.0,Male
30764.png,18.8,Male
30765.png,4.6,Male
30767.png,24.3,Male
30771.png,37.8,Male
30773.png,54.2,Male
30775.png,24.0,Male
30776.png,41.8,Male
30778.png,43.7,Male
30780.png,31.8,Male
30781.png,39.8,Male
30783.png,3.9,Male
30784.png,22.4,Male
30785.png,16.6,Male
30792.png,26.3,Male
30794.png,3.3,Male
30800.png,64.5,Male
30801.png,70.4,Male
30803.png,31.4,Male
30808.png,36.5,Male
30814.png,25.6,Male
30815.png,17.5,Male
30816.png,35.1,Male
30818.png,27.4,Male
30821.png,27.9,Male
30822.png,69.8,Male
30827.png,31.2,Male
30828.png,30.5,Male
30829.png,39.6,Male
30830.png,66.5,Male
30832.png,20.5,Male
30833.png,40.2,Male
30838.png,37.0,Male
30840.png,25.7,Male
30841.png,34.4,Male
30843.png,30.5,Male
30862.png,69.6,Male
30865.png,35.5,Male
30870.png,16.4,Male
30876.png,41.1,Male
30882.png,43.7,Male
30885.png,33.5,Male
30886.png,25.9,Male
30891.png,40.5,Male
30894.png,46.3,Male
30898.png,46.2,Male
30903.png,8.3,Male
30907.png,23.4,Male
30913.png,55.4,Male
30921.png,46.2,Male
30924.png,63.1,Male
30926.png,58.3,Male
30928.png,21.7,Male
30932.png,69.4,Male
30935.png,50.4,Male
30938.png,6.6,Male
30945.png,34.6,Male
30947.png,44.8,Male
30949.png,69.4,Male
30950.png,8.1,Male
30953.png,55.3,Male
30957.png,33.2,Male
30958.png,38.2,Male
30959.png,35.3,Male
30965.png,56.8,Male
30967.png,27.4,Male
30968.png,34.8,Male
30970.png,30.0,Male
30972.png,3.5,Male
30973.png,25.9,Male
30974.png,33.7,Male
30976.png,22.3,Male
30980.png,30.8,Male
30982.png,3.2,Male
30983.png,27.2,Male
30984.png,18.8,Male
30988.png,7.8,Male
30991.png,23.2,Male
30992.png,17.9,Male
30997.png,30.6,Male
30999.png,4.8,Male
31005.png,8.0,Male
31006.png,28.7,Male
31011.png,27.0,Male
31013.png,5.5,Male
31025.png,27.1,Male
31028.png,17.2,Male
31029.png,21.9,Male
31030.png,24.6,Male
31031.png,63.2,Male
31032.png,31.6,Male
31034.png,33.2,Male
31037.png,44.0,Male
31041.png,31.9,Male
31051.png,11.8,Male
31056.png,39.2,Male
31058.png,39.6,Male
31061.png,32.9,Male
31066.png,3.1,Male
31077.png,5.3,Male
31079.png,7.2,Male
31081.png,5.9,Male
31082.png,4.0,Male
31091.png,34.5,Male
31094.png,34.0,Male
31097.png,30.5,Male
31114.png,45.6,Male
31117.png,26.4,Male
31119.png,52.4,Male
31127.png,32.3,Male
31133.png,47.7,Male
31135.png,27.7,Male
31139.png,13.5,Male
31142.png,32.0,Male
31147.png,65.8,Male
31148.png,22.6,Male
31149.png,48.9,Male
31151.png,34.5,Male
31164.png,7.0,Male
31168.png,46.4,Male
31172.png,40.3,Male
31179.png,68.8,Male
31182.png,25.6,Male
31183.png,22.0,Male
31186.png,28.4,Male
31188.png,34.6,Male
31191.png,51.8,Male
31194.png,38.2,Male
31195.png,50.8,Male
31200.png,14.8,Male
31203.png,29.9,Male
31205.png,54.4,Male
31214.png,49.3,Male
31217.png,38.1,Male
31220.png,36.3,Male
31223.png,9.6,Male
31224.png,13.1,Male
31228.png,66.8,Male
31230.png,24.4,Male
31234.png,49.0,Male
31242.png,1.4,Male
31252.png,78.3,Male
31258.png,1.6,Male
31265.png,57.2,Male
31266.png,4.4,Male
31270.png,35.2,Male
31272.png,1.4,Male
31275.png,44.6,Male
31276.png,55.6,Male
31278.png,44.3,Male
31285.png,12.6,Male
31287.png,26.4,Male
31295.png,61.1,Male
31296.png,32.8,Male
31298.png,33.2,Male
31300.png,51.4,Male
31302.png,28.0,Male
31310.png,69.9,Male
31312.png,20.7,Male
31323.png,27.5,Male
31328.png,32.7,Male
31334.png,58.9,Male
31340.png,16.2,Male
31348.png,35.0,Male
31358.png,3.8,Male
31359.png,1.4,Male
31360.png,34.1,Male
31361.png,36.0,Male
31363.png,21.5,Male
31365.png,56.6,Male
31367.png,14.8,Male
31369.png,22.6,Male
31370.png,5.4,Male
31379.png,4.8,Male
31380.png,38.0,Male
31381.png,39.8,Male
31385.png,39.3,Male
31395.png,65.4,Male
31398.png,47.8,Male
31399.png,17.1,Male
31404.png,25.0,Male
31407.png,66.7,Male
31410.png,49.9,Male
31414.png,65.8,Male
31417.png,47.0,Male
31420.png,54.9,Male
31439.png,33.2,Male
31447.png,48.4,Male
31455.png,33.3,Male
31460.png,41.8,Male
31462.png,25.8,Male
31466.png,36.6,Male
31467.png,8.3,Male
31470.png,19.0,Male
31471.png,5.7,Male
31475.png,36.0,Male
31476.png,27.6,Male
31483.png,47.9,Male
31492.png,60.8,Male
31496.png,40.3,Male
31499.png,47.0,Male
31501.png,33.1,Male
31502.png,41.8,Male
31504.png,43.3,Male
31505.png,28.0,Male
31506.png,45.9,Male
31508.png,27.6,Male
31519.png,63.4,Male
31520.png,36.2,Male
31524.png,45.0,Male
31525.png,44.6,Male
31529.png,37.3,Male
31531.png,30.8,Male
31536.png,25.4,Male
31544.png,33.5,Male
31546.png,42.9,Male
31549.png,58.3,Male
31551.png,6.1,Male
31552.png,55.3,Male
31558.png,65.2,Male
31566.png,38.2,Male
31569.png,23.5,Male
31571.png,45.0,Male
31573.png,32.6,Male
31574.png,25.8,Male
31575.png,3.2,Male
31578.png,36.0,Male
31584.png,20.8,Male
31594.png,34.2,Male
31599.png,47.3,Male
31600.png,58.6,Male
31604.png,61.3,Male
31605.png,61.5,Male
31608.png,30.7,Male
31610.png,52.1,Male
31615.png,17.6,Male
31617.png,11.4,Male
31619.png,5.2,Male
31626.png,37.6,Male
31632.png,80.0,Male
31635.png,23.8,Male
31637.png,21.6,Male
31640.png,16.9,Male
31645.png,11.0,Male
31646.png,37.6,Male
31653.png,23.7,Male
31661.png,65.1,Male
31671.png,4.0,Male
31675.png,65.7,Male
31685.png,15.3,Male
31686.png,34.5,Male
31690.png,14.2,Male
31692.png,30.4,Male
31696.png,38.4,Male
31697.png,71.8,Male
31704.png,66.1,Male
31705.png,39.9,Male
31709.png,31.0,Male
31711.png,22.4,Male
31713.png,34.9,Male
31718.png,36.9,Male
31722.png,15.0,Male
31726.png,49.6,Male
31732.png,35.3,Male
31745.png,42.6,Male
31749.png,35.1,Male
31751.png,37.2,Male
31752.png,38.3,Male
31756.png,49.7,Male
31757.png,28.7,Male
31759.png,31.4,Male
31760.png,47.4,Male
31765.png,56.9,Male
31768.png,24.4,Male
31775.png,1.4,Male
31779.png,33.6,Male
31780.png,25.6,Male
31784.png,2.1,Male
31787.png,37.3,Male
31789.png,35.3,Male
31795.png,24.0,Male
31797.png,53.6,Male
31799.png,77.1,Male
31801.png,35.8,Male
31804.png,18.9,Male
31808.png,31.4,Male
31813.png,25.6,Male
31814.png,34.7,Male
31816.png,42.4,Male
31820.png,68.9,Male
31830.png,40.6,Male
31831.png,26.5,Male
31835.png,44.1,Male
31836.png,36.6,Male
31845.png,27.7,Male
31847.png,28.0,Male
31850.png,16.6,Male
31854.png,8.8,Male
31856.png,13.3,Male
31859.png,25.6,Male
31860.png,56.5,Male
31862.png,1.5,Male
31868.png,26.7,Male
31870.png,30.6,Male
31871.png,67.2,Male
31877.png,61.3,Male
31880.png,54.6,Male
31881.png,56.2,Male
31886.png,4.4,Male
31890.png,35.8,Male
31891.png,69.6,Male
31896.png,10.2,Male
31897.png,56.2,Male
31902.png,14.9,Male
31922.png,31.9,Male
31925.png,48.5,Male
31927.png,44.3,Male
31933.png,1.2,Male
31934.png,58.3,Male
31935.png,57.0,Male
31938.png,16.1,Male
31939.png,52.7,Male
31941.png,13.2,Male
31942.png,63.8,Male
31946.png,5.4,Male
31949.png,42.7,Male
31956.png,35.3,Male
31958.png,63.2,Male
31963.png,60.1,Male
31965.png,22.8,Male
31970.png,58.7,Male
31973.png,62.3,Male
31976.png,22.7,Male
31977.png,71.8,Male
31979.png,8.8,Male
31985.png,23.6,Male
31990.png,44.0,Male
31991.png,59.8,Male
31994.png,6.1,Male
32007.png,22.7,Male
32008.png,10.1,Male
32011.png,56.8,Male
32013.png,25.2,Male
32016.png,22.2,Male
32017.png,48.7,Male
32018.png,17.5,Male
32020.png,27.6,Male
32023.png,49.3,Male
32028.png,26.3,Male
32029.png,23.4,Male
32032.png,20.1,Male
32038.png,23.5,Male
32044.png,53.9,Male
32046.png,41.2,Male
32049.png,43.8,Male
32053.png,41.9,Male
32058.png,3.6,Male
32062.png,2.5,Male
32065.png,72.0,Male
32070.png,32.0,Male
32072.png,43.4,Male
32075.png,36.7,Male
32077.png,44.3,Male
32079.png,39.0,Male
32087.png,3.6,Male
32088.png,18.3,Male
32089.png,37.0,Male
32092.png,21.1,Male
32094.png,17.8,Male
32096.png,37.7,Male
32097.png,38.6,Male
32098.png,31.3,Male
32102.png,29.2,Male
32105.png,36.5,Male
32112.png,26.8,Male
32118.png,18.8,Male
32121.png,29.7,Male
32124.png,23.6,Male
32127.png,23.1,Male
32129.png,35.3,Male
32132.png,30.9,Male
32133.png,10.2,Male
32142.png,36.2,Male
32145.png,54.2,Male
32150.png,25.9,Male
32151.png,34.0,Male
32154.png,0.6,Male
32157.png,62.3,Male
32158.png,61.6,Male
32159.png,52.6,Male
32160.png,28.8,Male
32163.png,26.4,Male
32171.png,3.1,Male
32177.png,25.5,Male
32181.png,3.6,Male
32189.png,51.4,Male
32190.png,43.6,Male
32191.png,40.5,Male
32192.png,26.2,Male
32195.png,42.5,Male
32197.png,20.0,Male
32202.png,28.9,Male
32204.png,29.1,Male
32207.png,51.0,Male
32208.png,34.4,Male
32212.png,69.4,Male
32214.png,19.2,Male
32215.png,42.3,Male
32216.png,6.7,Male
32221.png,67.3,Male
32224.png,46.5,Male
32231.png,56.5,Male
32232.png,56.5,Male
32234.png,27.5,Male
32239.png,30.8,Male
32244.png,41.3,Male
32248.png,41.1,Male
32256.png,32.0,Male
32258.png,57.7,Male
32260.png,34.2,Male
32264.png,25.3,Male
32266.png,31.0,Male
32269.png,79.3,Male
32271.png,7.8,Male
32272.png,23.7,Male
32275.png,24.4,Male
32281.png,35.2,Male
32284.png,54.5,Male
32285.png,67.2,Male
32289.png,31.5,Male
32293.png,32.5,Male
32295.png,51.1,Male
32302.png,43.9,Male
32307.png,43.9,Male
32309.png,36.3,Male
32311.png,9.0,Male
32320.png,38.0,Male
32321.png,17.4,Male
32325.png,25.1,Male
32329.png,14.2,Male
32339.png,35.4,Male
32346.png,7.9,Male
32347.png,50.2,Male
32353.png,73.0,Male
32361.png,25.1,Male
32366.png,29.1,Male
32368.png,66.0,Male
32370.png,61.3,Male
32377.png,16.1,Male
32378.png,55.7,Male
32382.png,61.7,Male
32383.png,30.6,Male
32392.png,3.6,Male
32394.png,49.4,Male
32396.png,26.4,Male
32397.png,10.1,Male
32401.png,38.7,Male
32406.png,34.9,Male
32409.png,61.5,Male
32411.png,25.4,Male
32415.png,34.5,Male
32421.png,10.6,Male
32422.png,18.1,Male
32426.png,43.8,Male
32427.png,48.5,Male
32429.png,15.5,Male
32432.png,37.8,Male
32435.png,37.4,Male
32440.png,6.7,Male
32441.png,43.1,Male
32444.png,60.8,Male
32447.png,55.2,Male
32450.png,76.7,Male
32455.png,8.8,Male
32457.png,27.3,Male
32472.png,25.2,Male
32477.png,5.0,Male
32481.png,77.0,Male
32483.png,39.3,Male
32487.png,46.0,Male
32493.png,3.0,Male
32495.png,52.0,Male
32498.png,7.8,Male
32499.png,25.4,Male
32502.png,61.1,Male
32503.png,38.6,Male
32507.png,10.2,Male
32512.png,33.2,Male
32520.png,58.0,Male
32527.png,36.6,Male
32530.png,33.3,Male
32531.png,44.9,Male
32532.png,42.3,Male
32534.png,35.3,Male
32535.png,41.3,Male
32536.png,20.3,Male
32537.png,51.9,Male
32539.png,25.0,Male
32540.png,39.8,Male
32541.png,61.2,Male
32543.png,34.8,Male
32547.png,29.6,Male
32550.png,27.1,Male
32573.png,36.8,Male
32576.png,2.3,Male
32578.png,57.6,Male
32580.png,26.4,Male
32581.png,46.9,Male
32587.png,34.1,Male
32588.png,48.3,Male
32590.png,26.8,Male
32591.png,59.0,Male
32592.png,33.7,Male
32593.png,31.1,Male
32594.png,33.6,Male
32597.png,8.2,Male
32598.png,59.6,Male
32600.png,3.8,Male
32601.png,10.0,Male
32602.png,53.9,Male
32605.png,3.3,Male
32606.png,38.0,Male
32608.png,25.4,Male
32610.png,40.6,Male
32613.png,49.4,Male
32620.png,51.8,Male
32629.png,36.8,Male
32631.png,31.2,Male
32632.png,5.5,Male
32633.png,36.0,Male
32636.png,51.0,Male
32637.png,36.5,Male
32638.png,18.2,Male
32639.png,44.2,Male
32640.png,16.4,Male
32642.png,67.9,Male
32647.png,57.7,Male
32649.png,39.9,Male
32650.png,44.6,Male
32651.png,36.8,Male
32653.png,3.8,Male
32654.png,64.3,Male
32656.png,21.5,Male
32660.png,50.9,Male
32662.png,31.5,Male
32675.png,22.4,Male
32685.png,7.5,Male
32688.png,34.9,Male
32698.png,56.3,Male
32701.png,3.4,Male
32706.png,24.3,Male
32707.png,46.7,Male
32716.png,29.8,Male
32717.png,51.3,Male
32725.png,34.9,Male
32728.png,31.1,Male
32737.png,44.8,Male
32738.png,12.2,Male
32739.png,20.2,Male
32742.png,63.8,Male
32747.png,43.0,Male
32748.png,16.3,Male
32749.png,4.3,Male
32754.png,33.8,Male
32757.png,46.3,Male
32758.png,32.2,Male
32759.png,67.2,Male
32760.png,40.2,Male
32763.png,33.9,Male
32765.png,5.4,Male
32767.png,7.8,Male
32768.png,58.4,Male
32770.png,24.4,Male
32771.png,5.1,Male
32773.png,37.9,Male
32778.png,27.9,Male
32780.png,22.7,Male
32784.png,52.0,Male
32785.png,51.6,Male
32786.png,62.5,Male
32794.png,4.8,Male
32796.png,34.9,Male
32804.png,37.4,Male
32809.png,21.4,Male
32816.png,31.1,Male
32818.png,38.6,Male
32819.png,29.2,Male
32821.png,18.4,Male
32831.png,64.4,Male
32835.png,57.0,Male
32838.png,51.5,Male
32841.png,35.4,Male
32846.png,59.9,Male
32847.png,68.1,Male
32850.png,49.8,Male
32853.png,42.7,Male
32855.png,24.8,Male
32856.png,10.3,Male
32858.png,37.9,Male
32859.png,36.0,Male
32869.png,32.6,Male
32873.png,59.5,Male
32884.png,37.2,Male
32892.png,78.2,Male
32895.png,68.7,Male
32900.png,42.3,Male
32908.png,32.8,Male
32912.png,35.3,Male
32914.png,5.8,Male
32921.png,69.2,Male
32925.png,53.4,Male
32926.png,26.0,Male
32927.png,22.6,Male
32929.png,35.3,Male
32930.png,31.3,Male
32931.png,49.4,Male
32933.png,52.5,Male
32935.png,35.3,Male
32940.png,23.1,Male
32941.png,32.4,Male
32942.png,31.9,Male
32943.png,4.7,Male
32946.png,25.4,Male
32947.png,58.8,Male
32949.png,34.2,Male
32951.png,56.9,Male
32953.png,36.4,Male
32955.png,50.8,Male
32960.png,20.5,Male
32961.png,39.7,Male
32975.png,34.8,Male
32976.png,31.8,Male
32983.png,13.9,Male
32986.png,10.6,Male
32990.png,43.4,Male
32997.png,56.6,Male
33004.png,43.0,Male
33006.png,64.7,Male
33010.png,62.5,Male
33013.png,23.0,Male
33016.png,3.8,Male
33018.png,59.6,Male
33021.png,39.1,Male
33022.png,31.6,Male
33023.png,9.8,Male
33025.png,4.1,Male
33029.png,3.3,Male
33031.png,26.8,Male
33033.png,37.4,Male
33036.png,5.0,Male
33038.png,7.3,Male
33039.png,46.7,Male
33043.png,67.7,Male
33044.png,25.3,Male
33046.png,30.4,Male
33050.png,21.2,Male
33053.png,39.8,Male
33064.png,49.2,Male
33065.png,50.0,Male
33071.png,9.8,Male
33072.png,48.8,Male
33073.png,39.7,Male
33081.png,44.4,Male
33082.png,38.0,Male
33084.png,26.5,Male
33092.png,54.0,Male
33095.png,9.5,Male
33099.png,49.9,Male
33100.png,24.8,Male
33105.png,49.7,Male
33108.png,60.9,Male
33113.png,6.9,Male
33117.png,32.9,Male
33119.png,43.0,Male
33123.png,28.6,Male
33126.png,10.3,Male
33127.png,45.4,Male
33130.png,64.0,Male
33132.png,41.1,Male
33136.png,52.6,Male
33144.png,54.5,Male
33150.png,18.7,Male
33152.png,4.3,Male
33158.png,41.0,Male
33162.png,22.3,Male
33166.png,32.0,Male
33169.png,30.8,Male
33171.png,40.8,Male
33175.png,30.0,Male
33187.png,25.3,Male
33189.png,29.7,Male
33197.png,9.6,Male
33202.png,5.8,Male
33205.png,45.7,Male
33211.png,41.7,Male
33216.png,47.5,Male
33218.png,5.2,Male
33222.png,33.0,Male
33228.png,21.0,Male
33231.png,19.5,Male
33242.png,34.0,Male
33244.png,33.1,Male
33246.png,32.1,Male
33247.png,3.5,Male
33260.png,42.0,Male
33263.png,60.3,Male
33265.png,38.6,Male
33266.png,40.2,Male
33277.png,53.4,Male
33278.png,35.9,Male
33289.png,66.0,Male
33295.png,29.9,Male
33303.png,36.3,Male
33305.png,18.9,Male
33310.png,20.2,Male
33315.png,51.4,Male
33321.png,34.3,Male
33330.png,19.9,Male
33332.png,73.9,Male
33341.png,26.7,Male
33343.png,32.9,Male
33347.png,34.7,Male
33352.png,18.4,Male
33353.png,61.8,Male
33357.png,18.6,Male
33359.png,26.2,Male
33360.png,26.3,Male
33361.png,21.3,Male
33371.png,28.9,Male
33382.png,53.9,Male
33386.png,29.5,Male
33387.png,36.9,Male
33388.png,39.0,Male
33390.png,53.0,Male
33392.png,35.9,Male
33393.png,28.1,Male
33398.png,33.4,Male
33405.png,47.1,Male
33408.png,28.9,Male
33411.png,58.2,Male
33413.png,30.8,Male
33414.png,64.0,Male
33419.png,34.7,Male
33422.png,51.3,Male
33423.png,45.5,Male
33425.png,21.8,Male
33436.png,31.6,Male
33438.png,26.0,Male
33442.png,57.7,Male
33444.png,40.1,Male
33455.png,27.3,Male
33457.png,59.0,Male
33460.png,46.3,Male
33462.png,33.1,Male
33466.png,22.9,Male
33468.png,47.1,Male
33469.png,77.9,Male
33470.png,58.5,Male
33478.png,21.6,Male
33482.png,11.5,Male
33483.png,3.5,Male
33491.png,34.7,Male
33492.png,21.3,Male
33493.png,31.3,Male
33496.png,10.1,Male
33509.png,14.2,Male
33514.png,0.9,Male
33518.png,29.5,Male
33522.png,34.8,Male
33525.png,19.9,Male
33526.png,70.8,Male
33527.png,55.3,Male
33532.png,2.1,Male
33533.png,34.4,Male
33540.png,29.9,Male
33544.png,45.2,Male
33545.png,31.5,Male
33546.png,25.5,Male
33550.png,28.2,Male
33552.png,53.0,Male
33557.png,37.7,Male
33558.png,4.5,Male
33563.png,13.7,Male
33584.png,44.5,Male
33586.png,18.9,Male
33590.png,6.4,Male
33591.png,56.0,Male
33607.png,22.3,Male
33610.png,38.2,Male
33612.png,78.1,Male
33614.png,57.3,Male
33619.png,36.3,Male
33629.png,57.7,Male
33631.png,68.6,Male
33640.png,2.1,Male
33644.png,19.8,Male
33654.png,48.4,Male
33656.png,64.2,Male
33663.png,71.6,Male
33666.png,29.5,Male
33667.png,22.2,Male
33671.png,29.2,Male
33676.png,55.1,Male
33679.png,38.4,Male
33681.png,5.0,Male
33697.png,29.2,Male
33708.png,1.5,Male
33713.png,80.1,Male
33719.png,58.6,Male
33720.png,24.6,Male
33723.png,33.0,Male
33725.png,23.4,Male
33728.png,36.1,Male
33729.png,58.8,Male
33730.png,46.8,Male
33734.png,36.1,Male
33735.png,61.7,Male
33737.png,22.0,Male
33743.png,48.0,Male
33767.png,47.1,Male
33769.png,25.2,Male
33774.png,19.9,Male
33775.png,49.2,Male
33776.png,74.3,Male
33779.png,46.2,Male
33786.png,18.0,Male
33788.png,44.3,Male
33791.png,51.1,Male
33792.png,36.8,Male
33793.png,59.6,Male
33795.png,54.2,Male
33801.png,11.7,Male
33804.png,47.4,Male
33806.png,55.0,Male
33807.png,24.0,Male
33809.png,36.8,Male
33817.png,25.7,Male
33818.png,40.5,Male
33820.png,51.9,Male
33823.png,40.3,Male
33827.png,71.2,Male
33828.png,45.6,Male
33840.png,54.9,Male
33841.png,37.1,Male
33844.png,56.2,Male
33847.png,35.6,Male
33850.png,10.5,Male
33852.png,61.3,Male
33853.png,42.0,Male
33854.png,35.4,Male
33857.png,9.2,Male
33859.png,34.2,Male
33862.png,60.7,Male
33865.png,55.9,Male
33868.png,58.2,Male
33877.png,46.2,Male
33879.png,20.5,Male
33886.png,13.6,Male
33888.png,24.2,Male
33897.png,38.3,Male
33901.png,29.3,Male
33902.png,76.1,Male
33903.png,37.7,Male
33907.png,0.9,Male
33913.png,30.6,Male
33923.png,27.7,Male
33924.png,30.4,Male
33925.png,9.0,Male
33928.png,38.4,Male
33940.png,71.5,Male
33944.png,40.8,Male
33947.png,66.6,Male
33951.png,10.9,Male
33953.png,34.0,Male
33954.png,28.4,Male
33955.png,58.1,Male
33957.png,55.3,Male
33959.png,50.0,Male
33965.png,56.4,Male
33969.png,29.7,Male
33972.png,26.8,Male
33975.png,12.4,Male
33977.png,36.6,Male
33980.png,33.0,Male
33989.png,52.5,Male
33993.png,55.0,Male
33994.png,1.4,Male
33996.png,28.5,Male
34002.png,51.2,Male
34003.png,18.1,Male
34006.png,58.0,Male
34009.png,24.3,Male
34011.png,17.7,Male
34012.png,2.6,Male
34013.png,3.2,Male
34018.png,40.5,Male
34021.png,56.6,Male
34023.png,28.9,Male
34025.png,37.0,Male
34029.png,6.5,Male
34030.png,36.4,Male
34033.png,76.8,Male
34034.png,49.1,Male
34035.png,32.3,Male
34037.png,31.2,Male
34039.png,29.2,Male
34040.png,20.9,Male
34046.png,40.9,Male
34047.png,53.2,Male
34048.png,16.7,Male
34049.png,35.5,Male
34053.png,35.6,Male
34060.png,58.3,Male
34066.png,39.5,Male
34073.png,11.4,Male
34076.png,64.7,Male
34078.png,27.4,Male
34079.png,56.5,Male
34080.png,45.4,Male
34082.png,29.8,Male
34083.png,41.6,Male
34091.png,24.2,Male
34093.png,21.2,Male
34095.png,43.0,Male
34099.png,41.0,Male
34100.png,3.0,Male
34108.png,5.4,Male
34114.png,38.0,Male
34115.png,24.9,Male
34116.png,53.5,Male
34123.png,31.4,Male
34131.png,32.3,Male
34132.png,19.2,Male
34136.png,49.8,Male
34137.png,67.7,Male
34141.png,36.9,Male
34144.png,3.3,Male
34152.png,39.4,Male
34153.png,62.9,Male
34159.png,40.2,Male
34166.png,45.6,Male
34167.png,36.4,Male
34170.png,56.8,Male
34172.png,23.2,Male
34174.png,26.4,Male
34175.png,34.2,Male
34177.png,33.1,Male
34179.png,21.8,Male
34180.png,16.1,Male
34181.png,25.6,Male
34184.png,33.8,Male
34189.png,18.9,Male
34194.png,35.5,Male
34200.png,28.5,Male
34205.png,47.5,Male
34206.png,12.5,Male
34208.png,21.1,Male
34212.png,50.5,Male
34214.png,55.7,Male
34217.png,10.1,Male
34221.png,59.2,Male
34222.png,30.5,Male
34223.png,42.6,Male
34226.png,54.2,Male
34227.png,64.5,Male
34228.png,17.2,Male
34229.png,2.2,Male
34237.png,16.3,Male
34238.png,22.7,Male
34242.png,21.0,Male
34243.png,51.9,Male
34247.png,1.0,Male
34249.png,18.4,Male
34253.png,5.0,Male
34257.png,45.3,Male
34274.png,30.8,Male
34275.png,5.4,Male
34282.png,29.5,Male
34283.png,15.3,Male
34286.png,44.7,Male
34289.png,55.6,Male
34290.png,38.2,Male
34295.png,32.8,Male
34296.png,2.8,Male
34302.png,63.6,Male
34304.png,39.4,Male
34311.png,24.6,Male
34312.png,32.8,Male
34313.png,72.4,Male
34314.png,31.4,Male
34316.png,22.6,Male
34321.png,29.3,Male
34326.png,67.9,Male
34329.png,44.6,Male
34330.png,65.6,Male
34335.png,50.5,Male
34336.png,3.3,Male
34339.png,58.8,Male
34340.png,10.8,Male
34351.png,52.4,Male
34358.png,73.6,Male
34359.png,41.5,Male
34362.png,12.3,Male
34364.png,2.4,Male
34365.png,9.3,Male
34377.png,45.0,Male
34379.png,25.8,Male
34387.png,50.2,Male
34388.png,4.7,Male
34389.png,52.5,Male
34392.png,36.1,Male
34395.png,58.5,Male
34398.png,48.6,Male
34400.png,29.9,Male
34402.png,25.7,Male
34406.png,53.5,Male
34410.png,34.1,Male
34413.png,26.4,Male
34422.png,63.3,Male
34426.png,46.6,Male
34429.png,46.6,Male
34431.png,56.3,Male
34435.png,46.4,Male
34438.png,56.6,Male
34441.png,7.8,Male
34442.png,60.8,Male
34445.png,28.5,Male
34446.png,29.8,Male
34447.png,32.2,Male
34449.png,6.8,Male
34452.png,41.9,Male
34454.png,37.7,Male
34463.png,63.8,Male
34465.png,57.6,Male
34469.png,31.2,Male
34471.png,60.9,Male
34472.png,81.4,Male
34478.png,42.3,Male
34479.png,17.8,Male
34481.png,15.2,Male
34483.png,45.2,Male
34486.png,66.4,Male
34487.png,46.7,Male
34494.png,36.0,Male
34500.png,44.4,Male
34502.png,32.1,Male
34504.png,58.2,Male
34506.png,63.1,Male
34510.png,16.3,Male
34513.png,8.3,Male
34517.png,72.9,Male
34520.png,9.6,Male
34521.png,31.3,Male
34522.png,35.8,Male
34523.png,3.5,Male
34524.png,22.8,Male
34525.png,6.3,Male
34536.png,20.6,Male
34541.png,2.2,Male
34543.png,53.5,Male
34544.png,22.9,Male
34547.png,44.8,Male
34556.png,37.6,Male
34559.png,42.9,Male
34562.png,23.9,Male
34564.png,25.9,Male
34567.png,30.1,Male
34571.png,36.7,Male
34574.png,61.7,Male
34576.png,54.8,Male
34578.png,7.6,Male
34581.png,34.0,Male
34582.png,23.3,Male
34588.png,54.2,Male
34591.png,65.0,Male
34600.png,18.4,Male
34608.png,53.6,Male
34610.png,15.1,Male
34617.png,37.3,Male
34619.png,43.1,Male
34620.png,19.6,Male
34629.png,36.1,Male
34631.png,4.8,Male
34634.png,22.5,Male
34638.png,27.0,Male
34640.png,32.2,Male
34646.png,56.9,Male
34649.png,30.6,Male
34650.png,54.5,Male
34654.png,4.3,Male
34663.png,17.3,Male
34664.png,44.9,Male
34667.png,30.8,Male
34668.png,64.0,Male
34669.png,53.3,Male
34670.png,30.0,Male
34671.png,27.8,Male
34674.png,31.6,Male
34675.png,27.1,Male
34676.png,74.8,Male
34681.png,33.9,Male
34687.png,69.6,Male
34688.png,23.9,Male
34690.png,75.6,Male
34692.png,25.9,Male
34694.png,58.7,Male
34698.png,10.5,Male
34701.png,22.5,Male
34704.png,22.9,Male
34711.png,19.8,Male
34718.png,26.7,Male
34722.png,29.4,Male
34732.png,8.4,Male
34734.png,46.3,Male
34735.png,36.6,Male
34736.png,56.4,Male
34737.png,53.9,Male
34741.png,26.9,Male
34743.png,6.6,Male
34750.png,52.1,Male
34754.png,21.2,Male
34757.png,35.6,Male
34760.png,46.2,Male
34761.png,28.3,Male
34763.png,35.2,Male
34768.png,73.4,Male
34771.png,31.0,Male
34774.png,31.1,Male
34779.png,36.1,Male
34781.png,5.0,Male
34782.png,62.8,Male
34786.png,23.4,Male
34787.png,42.6,Male
34795.png,52.2,Male
34800.png,64.4,Male
34803.png,32.5,Male
34809.png,14.0,Male
34812.png,6.4,Male
34814.png,36.3,Male
34815.png,56.0,Male
34816.png,28.4,Male
34818.png,25.4,Male
34825.png,8.6,Male
34832.png,41.2,Male
34834.png,47.5,Male
34838.png,24.6,Male
34840.png,47.6,Male
34843.png,66.3,Male
34848.png,7.1,Male
34849.png,9.3,Male
34850.png,53.3,Male
34854.png,14.2,Male
34862.png,26.5,Male
34865.png,31.0,Male
34866.png,8.3,Male
34867.png,32.6,Male
34870.png,44.3,Male
34875.png,33.7,Male
34881.png,66.7,Male
34883.png,36.4,Male
34887.png,46.3,Male
34888.png,13.7,Male
34891.png,7.3,Male
34894.png,70.1,Male
34898.png,27.8,Male
34899.png,31.6,Male
34900.png,10.2,Male
34917.png,35.1,Male
34922.png,16.0,Male
34931.png,33.0,Male
34934.png,6.6,Male
34937.png,39.8,Male
34944.png,57.0,Male
34946.png,49.2,Male
34948.png,29.1,Male
34953.png,46.6,Male
34959.png,67.4,Male
34960.png,5.9,Male
34961.png,2.8,Male
34964.png,66.3,Male
34965.png,33.8,Male
34967.png,4.3,Male
34970.png,57.3,Male
34973.png,77.3,Male
34978.png,33.1,Male
34987.png,43.5,Male
34993.png,22.8,Male
34995.png,16.6,Male
34997.png,67.2,Male
35002.png,38.6,Male
35003.png,57.1,Male
35006.png,33.2,Male
35007.png,52.5,Male
35010.png,51.0,Male
35013.png,47.1,Male
35018.png,22.0,Male
35027.png,33.8,Male
35031.png,45.5,Male
35033.png,35.7,Male
35036.png,48.0,Male
35038.png,32.4,Male
35039.png,41.2,Male
35041.png,24.4,Male
35043.png,33.3,Male
35044.png,26.5,Male
35054.png,9.4,Male
35056.png,24.9,Male
35058.png,23.3,Male
35060.png,51.4,Male
35066.png,36.0,Male
35073.png,43.0,Male
35076.png,2.3,Male
35082.png,66.1,Male
35083.png,28.6,Male
35084.png,39.4,Male
35092.png,20.1,Male
35093.png,62.5,Male
35098.png,37.9,Male
35101.png,26.7,Male
35102.png,14.1,Male
35107.png,58.6,Male
35112.png,60.3,Male
35116.png,44.3,Male
35117.png,53.8,Male
35118.png,52.0,Male
35123.png,38.4,Male
35125.png,72.1,Male
35128.png,26.1,Male
35133.png,6.5,Male
35142.png,54.2,Male
35146.png,33.1,Male
35153.png,51.5,Male
35154.png,49.7,Male
35155.png,56.6,Male
35160.png,36.6,Male
35162.png,63.4,Male
35167.png,54.3,Male
35168.png,29.3,Male
35169.png,34.4,Male
35171.png,20.1,Male
35173.png,24.7,Male
35179.png,37.8,Male
35180.png,26.9,Male
35181.png,60.9,Male
35187.png,50.8,Male
35190.png,39.5,Male
35194.png,47.2,Male
35195.png,45.8,Male
35196.png,27.8,Male
35197.png,6.1,Male
35200.png,40.5,Male
35201.png,31.2,Male
35203.png,35.1,Male
35210.png,53.0,Male
35214.png,53.5,Male
35215.png,17.0,Male
35221.png,32.8,Male
35222.png,39.7,Male
35225.png,41.1,Male
35227.png,39.0,Male
35231.png,36.4,Male
35235.png,26.3,Male
35240.png,57.2,Male
35247.png,4.7,Male
35251.png,30.1,Male
35260.png,20.0,Male
35261.png,51.7,Male
35264.png,12.4,Male
35268.png,9.0,Male
35269.png,29.3,Male
35273.png,43.0,Male
35274.png,48.3,Male
35275.png,54.7,Male
35279.png,46.1,Male
35280.png,9.3,Male
35282.png,26.9,Male
35283.png,56.2,Male
35289.png,48.4,Male
35290.png,37.8,Male
35291.png,26.6,Male
35296.png,51.4,Male
35300.png,10.0,Male
35301.png,30.0,Male
35302.png,72.5,Male
35305.png,22.4,Male
35308.png,42.2,Male
35310.png,46.0,Male
35311.png,40.7,Male
35312.png,27.7,Male
35313.png,33.0,Male
35319.png,30.9,Male
35321.png,28.8,Male
35325.png,20.9,Male
35331.png,41.2,Male
35332.png,61.0,Male
35338.png,61.3,Male
35339.png,46.7,Male
35342.png,39.1,Male
35349.png,3.1,Male
35353.png,31.7,Male
35358.png,26.4,Male
35361.png,2.9,Male
35369.png,66.1,Male
35370.png,18.1,Male
35373.png,38.1,Male
35377.png,45.4,Male
35378.png,30.8,Male
35381.png,29.2,Male
35382.png,69.0,Male
35386.png,38.4,Male
35389.png,7.4,Male
35396.png,19.3,Male
35398.png,22.2,Male
35400.png,39.1,Male
35405.png,62.7,Male
35409.png,47.2,Male
35412.png,5.9,Male
35418.png,14.8,Male
35422.png,36.0,Male
35424.png,53.7,Male
35426.png,32.6,Male
35428.png,48.2,Male
35432.png,57.6,Male
35435.png,62.2,Male
35443.png,64.6,Male
35444.png,50.5,Male
35446.png,34.3,Male
35452.png,10.4,Male
35456.png,36.1,Male
35462.png,8.6,Male
35466.png,31.7,Male
35477.png,25.4,Male
35481.png,38.3,Male
35484.png,10.5,Male
35486.png,6.5,Male
35501.png,58.3,Male
35503.png,61.9,Male
35506.png,27.0,Male
35508.png,60.8,Male
35509.png,32.0,Male
35511.png,30.7,Male
35513.png,62.2,Male
35515.png,55.4,Male
35519.png,10.6,Male
35522.png,42.3,Male
35527.png,32.4,Male
35530.png,36.9,Male
35532.png,58.1,Male
35534.png,6.2,Male
35537.png,81.5,Male
35553.png,24.6,Male
35554.png,40.4,Male
35557.png,42.5,Male
35561.png,33.2,Male
35569.png,26.2,Male
35570.png,33.5,Male
35580.png,39.4,Male
35582.png,26.6,Male
35585.png,58.7,Male
35593.png,37.2,Male
35598.png,44.4,Male
35601.png,48.8,Male
35608.png,66.4,Male
35609.png,41.1,Male
35614.png,46.5,Male
35615.png,40.0,Male
35626.png,54.5,Male
35628.png,41.0,Male
35629.png,48.9,Male
35633.png,57.7,Male
35635.png,56.4,Male
35638.png,25.7,Male
35643.png,34.1,Male
35645.png,22.0,Male
35646.png,35.5,Male
35648.png,11.5,Male
35649.png,16.0,Male
35665.png,25.7,Male
35666.png,9.4,Male
35669.png,15.2,Male
35676.png,21.4,Male
35683.png,45.3,Male
35689.png,31.1,Male
35690.png,62.2,Male
35695.png,36.9,Male
35697.png,55.6,Male
35703.png,22.3,Male
35705.png,41.7,Male
35711.png,29.7,Male
35720.png,18.4,Male
35728.png,3.6,Male
35731.png,57.5,Male
35732.png,8.3,Male
35735.png,36.9,Male
35737.png,51.9,Male
35739.png,23.6,Male
35740.png,10.3,Male
35744.png,43.4,Male
35747.png,16.2,Male
35748.png,42.8,Male
35750.png,41.9,Male
35755.png,15.4,Male
35756.png,33.0,Male
35760.png,46.1,Male
35761.png,20.4,Male
35774.png,8.7,Male
35779.png,3.0,Male
35783.png,1.2,Male
35784.png,61.9,Male
35785.png,30.2,Male
35786.png,22.6,Male
35800.png,20.5,Male
35804.png,25.3,Male
35808.png,48.4,Male
35811.png,34.0,Male
35815.png,37.9,Male
35818.png,6.4,Male
35822.png,52.2,Male
35823.png,57.8,Male
35824.png,36.6,Male
35825.png,46.2,Male
35826.png,11.5,Male
35829.png,6.8,Male
35830.png,55.3,Male
35838.png,36.3,Male
35841.png,40.2,Male
35842.png,78.7,Male
35847.png,46.9,Male
35851.png,32.1,Male
35855.png,39.7,Male
35860.png,42.9,Male
35861.png,26.1,Male
35865.png,60.6,Male
35866.png,47.4,Male
35867.png,36.7,Male
35870.png,67.6,Male
35877.png,38.1,Male
35882.png,14.4,Male
35884.png,65.1,Male
35885.png,3.1,Male
35887.png,21.2,Male
35893.png,46.6,Male
35895.png,13.1,Male
35899.png,36.5,Male
35900.png,36.3,Male
35901.png,68.5,Male
35903.png,29.9,Male
35908.png,28.8,Male
35910.png,29.9,Male
35916.png,31.2,Male
35918.png,23.3,Male
35920.png,34.4,Male
35922.png,34.5,Male
35932.png,24.9,Male
35933.png,43.1,Male
35936.png,27.1,Male
35940.png,33.5,Male
35944.png,32.7,Male
35945.png,39.6,Male
35947.png,29.0,Male
35949.png,46.4,Male
35954.png,68.1,Male
35955.png,45.0,Male
35956.png,39.5,Male
35965.png,59.3,Male
35968.png,45.7,Male
35972.png,7.4,Male
35974.png,44.5,Male
35976.png,24.5,Male
35985.png,13.7,Male
35986.png,3.7,Male
35989.png,3.7,Male
35992.png,24.5,Male
36002.png,23.6,Male
36004.png,2.7,Male
36007.png,1.5,Male
36009.png,32.4,Male
36010.png,44.1,Male
36014.png,44.4,Male
36016.png,48.6,Male
36025.png,31.6,Male
36031.png,32.5,Male
36036.png,16.1,Male
36038.png,55.5,Male
36039.png,8.9,Male
36040.png,45.0,Male
36042.png,36.8,Male
36046.png,30.7,Male
36047.png,27.6,Male
36048.png,48.8,Male
36052.png,11.6,Male
36053.png,70.1,Male
36055.png,30.3,Male
36058.png,56.3,Male
36059.png,8.2,Male
36064.png,36.0,Male
36068.png,67.4,Male
36073.png,31.2,Male
36078.png,49.3,Male
36082.png,50.3,Male
36083.png,56.7,Male
36087.png,46.9,Male
36094.png,57.7,Male
36096.png,25.5,Male
36099.png,49.8,Male
36101.png,18.1,Male
36102.png,39.5,Male
36105.png,37.4,Male
36106.png,1.8,Male
36113.png,33.4,Male
36116.png,40.4,Male
36118.png,30.2,Male
36124.png,38.8,Male
36125.png,61.2,Male
36129.png,30.7,Male
36133.png,2.2,Male
36144.png,65.8,Male
36146.png,50.8,Male
36148.png,12.6,Male
36149.png,21.8,Male
36150.png,11.0,Male
36152.png,27.9,Male
36158.png,51.6,Male
36159.png,50.3,Male
36160.png,58.4,Male
36163.png,9.1,Male
36166.png,31.8,Male
36167.png,32.1,Male
36168.png,51.3,Male
36169.png,25.1,Male
36170.png,59.8,Male
36178.png,3.7,Male
36181.png,7.7,Male
36183.png,44.4,Male
36187.png,21.5,Male
36188.png,24.8,Male
36190.png,34.9,Male
36193.png,53.5,Male
36194.png,61.8,Male
36198.png,36.9,Male
36199.png,51.7,Male
36202.png,40.5,Male
36203.png,23.1,Male
36204.png,35.9,Male
36208.png,4.3,Male
36211.png,46.9,Male
36214.png,9.9,Male
36216.png,8.3,Male
36223.png,17.9,Male
36226.png,66.2,Male
36229.png,27.2,Male
36231.png,39.1,Male
36234.png,41.0,Male
36235.png,23.5,Male
36239.png,26.3,Male
36241.png,39.7,Male
36242.png,24.6,Male
36243.png,20.6,Male
36247.png,42.2,Male
36258.png,60.2,Male
36261.png,2.6,Male
36264.png,33.8,Male
36265.png,37.7,Male
36267.png,28.1,Male
36275.png,33.3,Male
36287.png,17.7,Male
36289.png,40.4,Male
36291.png,24.4,Male
36294.png,47.0,Male
36298.png,28.5,Male
36302.png,16.0,Male
36306.png,32.1,Male
36313.png,62.9,Male
36317.png,65.9,Male
36318.png,33.4,Male
36325.png,28.6,Male
36329.png,66.4,Male
36331.png,28.0,Male
36335.png,52.2,Male
36336.png,37.9,Male
36338.png,31.1,Male
36342.png,49.2,Male
36344.png,65.0,Male
36347.png,44.7,Male
36349.png,3.6,Male
36350.png,57.1,Male
36352.png,19.8,Male
36353.png,34.9,Male
36356.png,61.4,Male
36357.png,40.7,Male
36358.png,50.7,Male
36362.png,68.2,Male
36363.png,3.2,Male
36365.png,42.8,Male
36368.png,55.3,Male
36369.png,33.9,Male
36394.png,17.4,Male
36396.png,39.2,Male
36403.png,53.8,Male
36406.png,3.8,Male
36408.png,24.3,Male
36409.png,10.3,Male
36411.png,41.5,Male
36416.png,57.6,Male
36418.png,54.1,Male
36419.png,53.2,Male
36421.png,6.5,Male
36428.png,9.8,Male
36429.png,24.1,Male
36433.png,64.6,Male
36434.png,75.3,Male
36435.png,74.4,Male
36437.png,31.4,Male
36444.png,24.0,Male
36449.png,22.8,Male
36452.png,21.2,Male
36454.png,28.4,Male
36455.png,58.1,Male
36456.png,65.4,Male
36458.png,24.7,Male
36463.png,38.0,Male
36466.png,80.5,Male
36467.png,41.8,Male
36471.png,5.9,Male
36477.png,60.8,Male
36479.png,30.5,Male
36482.png,58.9,Male
36483.png,35.7,Male
36487.png,40.6,Male
36488.png,34.2,Male
36492.png,55.0,Male
36493.png,25.6,Male
36496.png,63.5,Male
36497.png,57.4,Male
36500.png,38.0,Male
36505.png,48.6,Male
36506.png,22.7,Male
36507.png,43.9,Male
36509.png,11.8,Male
36511.png,73.6,Male
36512.png,19.8,Male
36516.png,6.3,Male
36517.png,33.5,Male
36520.png,56.7,Male
36521.png,10.2,Male
36524.png,54.7,Male
36528.png,38.2,Male
36529.png,17.1,Male
36535.png,27.3,Male
36537.png,53.1,Male
36549.png,55.9,Male
36553.png,18.1,Male
36554.png,26.7,Male
36556.png,7.6,Male
36559.png,67.4,Male
36562.png,14.0,Male
36564.png,37.9,Male
36569.png,34.9,Male
36572.png,47.3,Male
36581.png,38.3,Male
36583.png,7.9,Male
36585.png,5.0,Male
36587.png,46.6,Male
36591.png,64.6,Male
36592.png,20.4,Male
36597.png,14.1,Male
36601.png,55.5,Male
36605.png,4.5,Male
36608.png,62.4,Male
36609.png,24.7,Male
36612.png,47.4,Male
36616.png,45.1,Male
36624.png,54.9,Male
36629.png,5.9,Male
36630.png,3.3,Male
36633.png,41.8,Male
36634.png,66.4,Male
36639.png,42.8,Male
36647.png,66.9,Male
36649.png,62.0,Male
36651.png,25.3,Male
36655.png,33.0,Male
36659.png,27.4,Male
36663.png,27.7,Male
36666.png,60.6,Male
36670.png,19.0,Male
36671.png,52.8,Male
36672.png,63.7,Male
36673.png,19.9,Male
36677.png,35.3,Male
36681.png,25.8,Male
36693.png,38.3,Male
36697.png,17.3,Male
36698.png,12.8,Male
36699.png,32.4,Male
36709.png,54.5,Male
36715.png,63.6,Male
36718.png,38.4,Male
36720.png,49.8,Male
36721.png,42.0,Male
36724.png,40.0,Male
36725.png,33.0,Male
36726.png,56.3,Male
36732.png,68.3,Male
36735.png,58.4,Male
36739.png,56.2,Male
36743.png,56.8,Male
36745.png,32.3,Male
36746.png,40.0,Male
36747.png,55.5,Male
36748.png,54.8,Male
36749.png,35.0,Male
36754.png,51.2,Male
36760.png,45.2,Male
36769.png,54.0,Male
36771.png,56.5,Male
36773.png,30.6,Male
36774.png,41.1,Male
36776.png,57.8,Male
36779.png,47.3,Male
36780.png,11.8,Male
36787.png,52.9,Male
36791.png,52.8,Male
36799.png,40.7,Male
36806.png,3.4,Male
36808.png,26.2,Male
36809.png,61.8,Male
36811.png,52.5,Male
36814.png,22.5,Male
36822.png,37.6,Male
36827.png,39.1,Male
36829.png,27.8,Male
36831.png,20.7,Male
36842.png,69.6,Male
36848.png,30.0,Male
36849.png,51.6,Male
36858.png,4.5,Male
36861.png,39.1,Male
36872.png,38.0,Male
36877.png,56.5,Male
36881.png,40.9,Male
36883.png,53.5,Male
36884.png,36.5,Male
36885.png,34.6,Male
36890.png,1.0,Male
36896.png,58.2,Male
36898.png,48.9,Male
36899.png,27.2,Male
36905.png,41.0,Male
36908.png,38.7,Male
36913.png,13.9,Male
36915.png,62.0,Male
36922.png,47.6,Male
36924.png,8.4,Male
36927.png,30.1,Male
36929.png,42.2,Male
36930.png,39.4,Male
36932.png,37.1,Male
36935.png,35.1,Male
36937.png,52.5,Male
36941.png,36.2,Male
36942.png,55.4,Male
36943.png,39.5,Male
36948.png,47.3,Male
36961.png,70.0,Male
36968.png,25.6,Male
36971.png,41.1,Male
36974.png,10.7,Male
36977.png,47.6,Male
36981.png,6.1,Male
36987.png,65.4,Male
36989.png,55.0,Male
36991.png,46.7,Male
36996.png,30.0,Male
36998.png,64.7,Male
37001.png,47.0,Male
37002.png,28.5,Male
37010.png,66.3,Male
37015.png,54.6,Male
37022.png,48.4,Male
37023.png,25.6,Male
37024.png,26.2,Male
37025.png,18.8,Male
37030.png,57.3,Male
37035.png,20.7,Male
37040.png,40.4,Male
37047.png,69.1,Male
37051.png,68.2,Male
37054.png,9.1,Male
37056.png,64.8,Male
37057.png,63.0,Male
37065.png,35.6,Male
37068.png,60.4,Male
37070.png,1.8,Male
37072.png,32.3,Male
37079.png,18.8,Male
37081.png,48.2,Male
37083.png,38.7,Male
37087.png,34.6,Male
37089.png,26.5,Male
37092.png,46.3,Male
37093.png,32.8,Male
37095.png,64.2,Male
37098.png,46.0,Male
37100.png,27.9,Male
37101.png,56.5,Male
37104.png,29.4,Male
37105.png,48.7,Male
37108.png,12.7,Male
37110.png,39.6,Male
37118.png,39.4,Male
37122.png,31.3,Male
37125.png,32.3,Male
37128.png,29.8,Male
37132.png,45.4,Male
37143.png,30.1,Male
37144.png,45.5,Male
37146.png,18.4,Male
37148.png,28.4,Male
37150.png,51.0,Male
37151.png,42.8,Male
37152.png,74.7,Male
37156.png,22.3,Male
37167.png,14.1,Male
37171.png,1.5,Male
37172.png,46.8,Male
37173.png,43.8,Male
37178.png,25.8,Male
37182.png,37.9,Male
37184.png,33.1,Male
37185.png,27.0,Male
37189.png,21.9,Male
37192.png,46.4,Male
37196.png,53.6,Male
37200.png,30.2,Male
37209.png,55.3,Male
37212.png,68.3,Male
37214.png,41.6,Male
37219.png,44.2,Male
37226.png,41.7,Male
37230.png,22.2,Male
37236.png,32.7,Male
37237.png,6.7,Male
37239.png,11.5,Male
37243.png,31.2,Male
37247.png,45.7,Male
37249.png,51.5,Male
37252.png,35.9,Male
37254.png,50.2,Male
37255.png,3.4,Male
37256.png,35.3,Male
37261.png,26.3,Male
37266.png,45.9,Male
37268.png,21.4,Male
37269.png,19.8,Male
37272.png,40.5,Male
37274.png,23.6,Male
37279.png,52.4,Male
37281.png,37.2,Male
37282.png,29.9,Male
37283.png,27.0,Male
37287.png,40.4,Male
37288.png,57.2,Male
37289.png,30.8,Male
37294.png,20.4,Male
37298.png,58.5,Male
37304.png,34.9,Male
37309.png,37.2,Male
37313.png,69.3,Male
37316.png,55.3,Male
37324.png,11.0,Male
37328.png,5.0,Male
37330.png,28.4,Male
37334.png,22.3,Male
37341.png,59.2,Male
37342.png,29.0,Male
37344.png,40.5,Male
37345.png,22.2,Male
37346.png,16.6,Male
37347.png,49.0,Male
37350.png,33.2,Male
37353.png,27.1,Male
37359.png,19.8,Male
37360.png,18.9,Male
37361.png,32.7,Male
37362.png,37.4,Male
37363.png,25.2,Male
37364.png,63.5,Male
37367.png,1.3,Male
37373.png,35.8,Male
37375.png,50.3,Male
37382.png,57.3,Male
37387.png,35.6,Male
37388.png,39.1,Male
37389.png,26.9,Male
37396.png,54.9,Male
37397.png,9.5,Male
37400.png,24.9,Male
37401.png,40.2,Male
37405.png,9.5,Male
37408.png,25.9,Male
37409.png,52.9,Male
37415.png,56.1,Male
37416.png,61.2,Male
37425.png,8.4,Male
37427.png,16.5,Male
37431.png,10.2,Male
37447.png,26.3,Male
37450.png,20.3,Male
37453.png,53.4,Male
37455.png,56.2,Male
37464.png,23.2,Male
37465.png,49.0,Male
37467.png,27.0,Male
37469.png,50.7,Male
37475.png,36.1,Male
37477.png,18.2,Male
37487.png,25.7,Male
37492.png,26.4,Male
37498.png,62.5,Male
37501.png,44.5,Male
37512.png,50.6,Male
37523.png,23.1,Male
37544.png,24.7,Male
37547.png,52.7,Male
37548.png,29.0,Male
37550.png,56.0,Male
37554.png,30.6,Male
37555.png,36.0,Male
37560.png,46.0,Male
37565.png,6.9,Male
37566.png,51.4,Male
37567.png,26.5,Male
37568.png,16.5,Male
37572.png,39.9,Male
37576.png,31.3,Male
37580.png,35.5,Male
37585.png,62.6,Male
37586.png,34.8,Male
37587.png,27.1,Male
37590.png,35.4,Male
37593.png,8.6,Male
37594.png,48.9,Male
37596.png,58.7,Male
37597.png,34.4,Male
37599.png,54.9,Male
37601.png,47.1,Male
37602.png,29.3,Male
37606.png,9.8,Male
37609.png,25.5,Male
37618.png,28.5,Male
37621.png,30.2,Male
37623.png,42.3,Male
37626.png,47.9,Male
37627.png,48.8,Male
37629.png,48.0,Male
37641.png,28.1,Male
37642.png,36.1,Male
37643.png,30.5,Male
37644.png,49.1,Male
37645.png,8.0,Male
37649.png,67.9,Male
37653.png,21.9,Male
37655.png,44.4,Male
37657.png,4.9,Male
37660.png,35.2,Male
37664.png,65.7,Male
37667.png,28.2,Male
37672.png,3.4,Male
37679.png,2.1,Male
37681.png,46.2,Male
37683.png,16.4,Male
37690.png,29.4,Male
37699.png,10.9,Male
37700.png,35.6,Male
37701.png,45.2,Male
37704.png,34.4,Male
37707.png,24.0,Male
37710.png,21.7,Male
37712.png,16.6,Male
37721.png,58.7,Male
37723.png,20.6,Male
37726.png,32.3,Male
37728.png,61.4,Male
37737.png,36.4,Male
37743.png,7.8,Male
37745.png,53.4,Male
37747.png,47.2,Male
37750.png,46.7,Male
37752.png,23.3,Male
37753.png,59.8,Male
37757.png,60.7,Male
37762.png,37.3,Male
37767.png,84.0,Male
37777.png,7.7,Male
37780.png,17.8,Male
37782.png,9.7,Male
37784.png,18.0,Male
37790.png,18.7,Male
37793.png,28.8,Male
37797.png,10.0,Male
37802.png,28.3,Male
37805.png,38.3,Male
37808.png,19.5,Male
37810.png,25.2,Male
37811.png,19.6,Male
37821.png,0.9,Male
37823.png,59.1,Male
37827.png,40.8,Male
37828.png,32.0,Male
37831.png,41.0,Male
37836.png,61.8,Male
37839.png,76.0,Male
37848.png,57.1,Male
37850.png,49.7,Male
37851.png,57.3,Male
37852.png,43.7,Male
37854.png,5.4,Male
37858.png,30.7,Male
37872.png,36.5,Male
37873.png,28.9,Male
37876.png,46.3,Male
37877.png,17.1,Male
37880.png,39.8,Male
37889.png,63.6,Male
37892.png,51.2,Male
37893.png,25.7,Male
37899.png,47.3,Male
37904.png,22.9,Male
37907.png,8.3,Male
37912.png,51.1,Male
37914.png,9.2,Male
37915.png,37.3,Male
37917.png,30.6,Male
37921.png,33.2,Male
37923.png,49.6,Male
37925.png,38.4,Male
37927.png,36.4,Male
37930.png,24.2,Male
37938.png,59.2,Male
37940.png,6.4,Male
37941.png,45.7,Male
37947.png,22.9,Male
37957.png,27.4,Male
37960.png,25.9,Male
37963.png,63.8,Male
37965.png,62.7,Male
37967.png,50.9,Male
37971.png,24.1,Male
37976.png,33.2,Male
37980.png,36.0,Male
37982.png,42.6,Male
37988.png,38.7,Male
37989.png,36.6,Male
37990.png,21.6,Male
37992.png,7.9,Male
37994.png,14.3,Male
37997.png,36.8,Male
37998.png,20.8,Male
38005.png,78.6,Male
38008.png,1.2,Male
38012.png,41.1,Male
38015.png,45.2,Male
38018.png,25.6,Male
38019.png,49.2,Male
38026.png,27.5,Male
38027.png,31.2,Male
38034.png,29.5,Male
38035.png,43.4,Male
38036.png,23.6,Male
38038.png,20.9,Male
38048.png,25.0,Male
38058.png,59.5,Male
38060.png,32.9,Male
38063.png,1.0,Male
38068.png,48.2,Male
38070.png,29.3,Male
38074.png,11.2,Male
38077.png,6.7,Male
38085.png,29.6,Male
38086.png,11.5,Male
38088.png,20.5,Male
38089.png,25.1,Male
38091.png,35.5,Male
38096.png,20.0,Male
38097.png,32.7,Male
38099.png,39.7,Male
38103.png,20.7,Male
38112.png,39.2,Male
38114.png,56.7,Male
38115.png,10.2,Male
38116.png,34.9,Male
38119.png,61.4,Male
38121.png,22.8,Male
38125.png,63.1,Male
38132.png,2.9,Male
38138.png,12.5,Male
38141.png,47.0,Male
38150.png,21.4,Male
38152.png,48.8,Male
38155.png,1.8,Male
38164.png,19.5,Male
38165.png,29.0,Male
38168.png,23.7,Male
38170.png,58.0,Male
38173.png,58.4,Male
38175.png,59.5,Male
38177.png,25.1,Male
38185.png,33.8,Male
38187.png,2.1,Male
38188.png,40.8,Male
38191.png,33.2,Male
38196.png,28.0,Male
38197.png,39.2,Male
38198.png,14.6,Male
38200.png,50.1,Male
38202.png,61.0,Male
38206.png,60.7,Male
38207.png,26.1,Male
38209.png,11.7,Male
38217.png,62.9,Male
38219.png,31.2,Male
38223.png,35.8,Male
38225.png,18.5,Male
38228.png,17.7,Male
38230.png,29.1,Male
38232.png,50.2,Male
38240.png,21.6,Male
38247.png,10.7,Male
38248.png,14.8,Male
38249.png,8.7,Male
38252.png,37.9,Male
38253.png,54.7,Male
38254.png,63.2,Male
38255.png,28.2,Male
38258.png,57.0,Male
38259.png,21.3,Male
38262.png,25.1,Male
38264.png,22.0,Male
38270.png,25.9,Male
38277.png,34.1,Male
38284.png,37.4,Male
38288.png,38.6,Male
38289.png,52.3,Male
38290.png,7.9,Male
38291.png,55.5,Male
38293.png,34.8,Male
38304.png,26.8,Male
38307.png,4.1,Male
38309.png,49.3,Male
38314.png,11.3,Male
38316.png,35.3,Male
38318.png,49.4,Male
38327.png,40.0,Male
38331.png,8.5,Male
38337.png,85.3,Male
38343.png,40.3,Male
38353.png,43.1,Male
38356.png,70.3,Male
38360.png,26.2,Male
38361.png,32.9,Male
38362.png,22.7,Male
38365.png,36.3,Male
38367.png,34.5,Male
38371.png,26.5,Male
38375.png,32.6,Male
38382.png,25.6,Male
38384.png,33.1,Male
38393.png,41.2,Male
38398.png,24.6,Male
38399.png,2.7,Male
38401.png,55.2,Male
38408.png,28.8,Male
38412.png,5.0,Male
38415.png,40.5,Male
38420.png,24.8,Male
38421.png,40.3,Male
38424.png,21.9,Male
38425.png,61.9,Male
38426.png,25.0,Male
38427.png,34.5,Male
38435.png,51.7,Male
38445.png,36.1,Male
38448.png,24.7,Male
38449.png,22.2,Male
38452.png,38.4,Male
38455.png,32.6,Male
38456.png,5.5,Male
38459.png,41.1,Male
38462.png,26.7,Male
38463.png,51.4,Male
38465.png,59.5,Male
38466.png,4.5,Male
38469.png,72.4,Male
38475.png,15.2,Male
38477.png,7.4,Male
38479.png,27.9,Male
38482.png,56.7,Male
38484.png,46.6,Male
38488.png,38.1,Male
38489.png,9.1,Male
38504.png,33.0,Male
38506.png,43.7,Male
38510.png,23.7,Male
38513.png,57.6,Male
38517.png,29.3,Male
38523.png,32.9,Male
38525.png,38.2,Male
38528.png,59.7,Male
38532.png,52.9,Male
38535.png,44.0,Male
38537.png,25.4,Male
38541.png,33.3,Male
38543.png,22.0,Male
38549.png,1.0,Male
38554.png,51.7,Male
38556.png,57.6,Male
38557.png,45.7,Male
38558.png,60.6,Male
38559.png,35.4,Male
38560.png,28.9,Male
38561.png,38.2,Male
38564.png,69.1,Male
38566.png,2.2,Male
38568.png,42.1,Male
38577.png,47.1,Male
38588.png,33.9,Male
38590.png,46.8,Male
38591.png,46.8,Male
38602.png,5.8,Male
38603.png,28.9,Male
38604.png,34.7,Male
38606.png,2.6,Male
38607.png,75.1,Male
38609.png,27.6,Male
38616.png,10.8,Male
38621.png,53.5,Male
38626.png,27.2,Male
38628.png,36.0,Male
38630.png,61.6,Male
38639.png,31.7,Male
38641.png,69.8,Male
38644.png,10.9,Male
38650.png,33.3,Male
38652.png,55.9,Male
38653.png,50.5,Male
38654.png,78.4,Male
38655.png,63.0,Male
38657.png,26.0,Male
38658.png,8.7,Male
38663.png,13.8,Male
38664.png,38.9,Male
38666.png,62.1,Male
38668.png,26.3,Male
38669.png,42.5,Male
38671.png,5.7,Male
38672.png,45.2,Male
38680.png,47.7,Male
38684.png,36.5,Male
38686.png,63.4,Male
38687.png,29.6,Male
38691.png,25.2,Male
38696.png,31.1,Male
38697.png,38.6,Male
38701.png,77.4,Male
38702.png,79.1,Male
38704.png,45.5,Male
38712.png,9.9,Male
38715.png,39.9,Male
38720.png,57.4,Male
38721.png,66.5,Male
38722.png,9.5,Male
38728.png,51.7,Male
38729.png,6.8,Male
38734.png,68.0,Male
38736.png,34.2,Male
38737.png,32.2,Male
38738.png,1.9,Male
38739.png,33.8,Male
38745.png,35.1,Male
38747.png,48.3,Male
38748.png,33.1,Male
38749.png,11.9,Male
38750.png,21.9,Male
38752.png,60.0,Male
38754.png,67.0,Male
38759.png,45.7,Male
38761.png,20.0,Male
38769.png,64.0,Male
38770.png,22.2,Male
38774.png,19.8,Male
38780.png,54.0,Male
38795.png,61.0,Male
38797.png,16.8,Male
38800.png,24.0,Male
38806.png,61.8,Male
38810.png,57.7,Male
38811.png,41.0,Male
38816.png,58.1,Male
38822.png,18.0,Male
38824.png,28.7,Male
38828.png,21.4,Male
38829.png,45.1,Male
38832.png,6.1,Male
38840.png,57.6,Male
38844.png,30.5,Male
38851.png,29.4,Male
38854.png,18.2,Male
38862.png,20.2,Male
38863.png,52.8,Male
38874.png,9.6,Male
38875.png,50.4,Male
38877.png,13.9,Male
38879.png,48.3,Male
38883.png,33.9,Male
38890.png,36.8,Male
38891.png,49.5,Male
38892.png,11.8,Male
38894.png,2.4,Male
38895.png,5.8,Male
38898.png,28.4,Male
38901.png,15.2,Male
38905.png,26.9,Male
38908.png,54.9,Male
38915.png,57.1,Male
38918.png,62.8,Male
38919.png,1.9,Male
38944.png,38.9,Male
38955.png,34.7,Male
38970.png,4.0,Male
38972.png,65.6,Male
38974.png,25.2,Male
38980.png,59.1,Male
38983.png,43.1,Male
38985.png,58.6,Male
38986.png,6.4,Male
38987.png,28.4,Male
38989.png,37.3,Male
38992.png,23.3,Male
38995.png,19.0,Male
38999.png,57.8,Male
39002.png,37.9,Male
39005.png,21.2,Male
39008.png,59.3,Male
39010.png,11.7,Male
39013.png,49.0,Male
39017.png,46.6,Male
39021.png,48.0,Male
39025.png,28.5,Male
39035.png,47.3,Male
39041.png,26.8,Male
39043.png,28.5,Male
39048.png,25.4,Male
39053.png,55.2,Male
39054.png,45.8,Male
39056.png,5.0,Male
39062.png,32.8,Male
39066.png,37.6,Male
39077.png,51.4,Male
39080.png,60.4,Male
39082.png,40.3,Male
39084.png,22.6,Male
39085.png,42.7,Male
39089.png,52.7,Male
39093.png,34.6,Male
39094.png,42.4,Male
39098.png,48.7,Male
39103.png,61.4,Male
39104.png,74.6,Male
39105.png,21.1,Male
39106.png,37.5,Male
39107.png,64.5,Male
39110.png,32.3,Male
39117.png,57.9,Male
39120.png,4.1,Male
39121.png,27.9,Male
39124.png,28.2,Male
39129.png,28.5,Male
39131.png,57.9,Male
39132.png,55.7,Male
39135.png,27.9,Male
39139.png,62.0,Male
39144.png,38.1,Male
39152.png,53.5,Male
39156.png,75.2,Male
39158.png,30.4,Male
39163.png,28.9,Male
39166.png,46.8,Male
39167.png,29.0,Male
39169.png,65.4,Male
39171.png,24.9,Male
39173.png,49.7,Male
39178.png,59.9,Male
39179.png,39.9,Male
39201.png,45.9,Male
39202.png,64.4,Male
39203.png,67.5,Male
39209.png,27.5,Male
39210.png,26.3,Male
39213.png,38.5,Male
39216.png,46.8,Male
39221.png,28.5,Male
39223.png,34.0,Male
39226.png,7.5,Male
39227.png,42.0,Male
39228.png,55.6,Male
39229.png,44.7,Male
39234.png,26.0,Male
39235.png,4.1,Male
39240.png,36.7,Male
39251.png,53.8,Male
39252.png,42.2,Male
39257.png,8.7,Male
39258.png,21.4,Male
39263.png,60.8,Male
39265.png,14.4,Male
39268.png,53.5,Male
39270.png,39.7,Male
39273.png,9.0,Male
39274.png,34.0,Male
39278.png,9.6,Male
39283.png,31.0,Male
39286.png,36.4,Male
39289.png,35.0,Male
39292.png,62.2,Male
39294.png,69.4,Male
39298.png,56.7,Male
39301.png,33.7,Male
39302.png,55.2,Male
39305.png,52.7,Male
39306.png,41.5,Male
39307.png,63.2,Male
39308.png,67.7,Male
39309.png,10.0,Male
39311.png,54.2,Male
39315.png,32.3,Male
39316.png,23.4,Male
39318.png,24.4,Male
39319.png,41.5,Male
39320.png,24.7,Male
39321.png,46.0,Male
39326.png,34.0,Male
39329.png,17.5,Male
39332.png,20.3,Male
39334.png,1.5,Male
39335.png,39.0,Male
39343.png,68.8,Male
39344.png,4.0,Male
39347.png,21.2,Male
39348.png,28.4,Male
39349.png,35.9,Male
39351.png,13.6,Male
39352.png,47.4,Male
39353.png,27.0,Male
39355.png,24.7,Male
39356.png,27.4,Male
39357.png,58.8,Male
39358.png,10.8,Male
39361.png,29.1,Male
39363.png,39.0,Male
39365.png,25.3,Male
39366.png,53.1,Male
39373.png,27.6,Male
39375.png,26.9,Male
39378.png,6.1,Male
39384.png,47.7,Male
39387.png,39.6,Male
39389.png,6.8,Male
39396.png,20.7,Male
39397.png,26.9,Male
39400.png,30.4,Male
39405.png,59.4,Male
39412.png,29.7,Male
39418.png,39.4,Male
39423.png,8.7,Male
39437.png,1.6,Male
39438.png,24.3,Male
39441.png,33.7,Male
39446.png,52.6,Male
39452.png,54.1,Male
39460.png,49.7,Male
39462.png,71.1,Male
39466.png,56.5,Male
39467.png,30.5,Male
39468.png,5.0,Male
39469.png,58.3,Male
39470.png,7.6,Male
39472.png,39.6,Male
39478.png,47.2,Male
39479.png,49.5,Male
39486.png,42.3,Male
39489.png,33.0,Male
39496.png,3.3,Male
39498.png,8.6,Male
39499.png,14.9,Male
39500.png,38.0,Male
39507.png,57.7,Male
39508.png,25.3,Male
39513.png,36.9,Male
39514.png,35.6,Male
39515.png,28.4,Male
39522.png,36.2,Male
39526.png,54.8,Male
39529.png,20.1,Male
39535.png,3.2,Male
39537.png,11.0,Male
39546.png,19.6,Male
39552.png,45.5,Male
39553.png,37.1,Male
39562.png,29.0,Male
39563.png,29.8,Male
39566.png,44.2,Male
39575.png,65.5,Male
39576.png,40.5,Male
39580.png,32.9,Male
39581.png,40.8,Male
39582.png,18.5,Male
39586.png,49.4,Male
39589.png,21.1,Male
39590.png,21.7,Male
39595.png,31.4,Male
39596.png,34.2,Male
39597.png,30.4,Male
39599.png,63.3,Male
39602.png,34.0,Male
39603.png,29.5,Male
39608.png,18.6,Male
39612.png,35.8,Male
39618.png,32.3,Male
39620.png,61.2,Male
39623.png,30.3,Male
39625.png,34.0,Male
39626.png,3.0,Male
39634.png,25.5,Male
39647.png,42.7,Male
39649.png,50.3,Male
39650.png,43.4,Male
39651.png,25.6,Male
39654.png,6.1,Male
39655.png,31.2,Male
39656.png,28.2,Male
39666.png,68.3,Male
39669.png,2.8,Male
39673.png,37.5,Male
39674.png,5.7,Male
39676.png,24.7,Male
39677.png,22.1,Male
39678.png,5.7,Male
39682.png,35.0,Male
39683.png,52.9,Male
39687.png,38.7,Male
39688.png,57.4,Male
39691.png,40.6,Male
39692.png,12.1,Male
39696.png,15.9,Male
39703.png,56.7,Male
39705.png,58.5,Male
39707.png,22.0,Male
39708.png,56.5,Male
39709.png,42.5,Male
39716.png,29.3,Male
39720.png,34.5,Male
39722.png,39.4,Male
39728.png,55.2,Male
39738.png,58.6,Male
39739.png,21.6,Male
39740.png,42.1,Male
39741.png,55.0,Male
39745.png,58.4,Male
39746.png,47.5,Male
39748.png,15.5,Male
39749.png,68.1,Male
39755.png,62.6,Male
39759.png,26.4,Male
39760.png,41.9,Male
39763.png,29.9,Male
39768.png,7.1,Male
39769.png,64.1,Male
39773.png,44.9,Male
39779.png,25.7,Male
39783.png,28.5,Male
39789.png,36.1,Male
39790.png,25.3,Male
39795.png,67.6,Male
39798.png,44.4,Male
39799.png,57.2,Male
39800.png,26.8,Male
39809.png,63.0,Male
39817.png,47.6,Male
39818.png,3.3,Male
39824.png,32.2,Male
39829.png,2.3,Male
39833.png,7.2,Male
39834.png,55.7,Male
39838.png,31.8,Male
39846.png,1.8,Male
39850.png,43.5,Male
39854.png,44.4,Male
39855.png,59.7,Male
39856.png,58.2,Male
39857.png,61.6,Male
39860.png,9.3,Male
39862.png,24.7,Male
39870.png,1.5,Male
39874.png,59.1,Male
39876.png,1.8,Male
39883.png,2.2,Male
39885.png,61.2,Male
39888.png,44.7,Male
39892.png,24.6,Male
39893.png,35.0,Male
39896.png,27.2,Male
39913.png,53.8,Male
39916.png,40.8,Male
39917.png,60.6,Male
39918.png,71.8,Male
39924.png,36.3,Male
39926.png,5.4,Male
39929.png,51.5,Male
39930.png,31.7,Male
39932.png,20.4,Male
39935.png,38.0,Male
39936.png,21.5,Male
39938.png,75.6,Male
39940.png,27.2,Male
39941.png,52.5,Male
39943.png,48.3,Male
39948.png,17.4,Male
39953.png,30.9,Male
39955.png,69.8,Male
39959.png,31.7,Male
39962.png,18.1,Male
39965.png,28.5,Male
39967.png,37.5,Male
39968.png,19.4,Male
39971.png,3.1,Male
39976.png,62.5,Male
39985.png,16.9,Male
39986.png,7.0,Male
39988.png,55.3,Male
39992.png,61.0,Male
39995.png,7.5,Male
39996.png,38.8,Male
39998.png,61.8,Male
40001.png,39.2,Male
40012.png,20.0,Male
40019.png,16.2,Male
40023.png,1.1,Male
40026.png,65.7,Male
40027.png,47.9,Male
40037.png,2.1,Male
40038.png,53.3,Male
40039.png,44.2,Male
40042.png,59.3,Male
40043.png,4.4,Male
40048.png,57.5,Male
40051.png,51.4,Male
40053.png,13.5,Male
40054.png,54.9,Male
40060.png,11.4,Male
40063.png,27.4,Male
40065.png,8.5,Male
40072.png,30.6,Male
40075.png,40.4,Male
40084.png,10.5,Male
40086.png,9.7,Male
40088.png,20.5,Male
40094.png,26.4,Male
40101.png,37.1,Male
40107.png,28.1,Male
40112.png,4.8,Male
40116.png,65.6,Male
40117.png,48.7,Male
40123.png,27.6,Male
40130.png,41.7,Male
40134.png,9.8,Male
40135.png,45.3,Male
40138.png,42.9,Male
40142.png,30.3,Male
40144.png,50.0,Male
40152.png,31.5,Male
40153.png,8.3,Male
40159.png,38.1,Male
40160.png,38.5,Male
40166.png,29.8,Male
40172.png,5.7,Male
40173.png,48.4,Male
40180.png,44.9,Male
40189.png,64.7,Male
40191.png,41.2,Male
40193.png,15.6,Male
40194.png,31.9,Male
40202.png,5.4,Male
40207.png,23.1,Male
40212.png,30.5,Male
40213.png,30.7,Male
40215.png,43.9,Male
40218.png,55.0,Male
40225.png,2.8,Male
40231.png,44.9,Male
40234.png,57.6,Male
40238.png,45.7,Male
40243.png,10.9,Male
40250.png,32.0,Male
40251.png,21.6,Male
40254.png,13.6,Male
40258.png,40.2,Male
40265.png,36.3,Male
40270.png,58.6,Male
40272.png,35.3,Male
40278.png,48.6,Male
40283.png,27.4,Male
40285.png,52.9,Male
40288.png,63.0,Male
40289.png,65.5,Male
40290.png,64.9,Male
40291.png,49.2,Male
40295.png,77.4,Male
40302.png,64.2,Male
40304.png,32.3,Male
40306.png,57.2,Male
40308.png,34.9,Male
40312.png,37.9,Male
40315.png,58.5,Male
40316.png,15.0,Male
40317.png,31.7,Male
40319.png,39.6,Male
40324.png,30.1,Male
40327.png,38.9,Male
40332.png,59.0,Male
40334.png,19.6,Male
40340.png,4.8,Male
40341.png,46.5,Male
40345.png,27.0,Male
40352.png,63.7,Male
40365.png,56.2,Male
40367.png,3.1,Male
40371.png,27.1,Male
40372.png,31.2,Male
40374.png,48.8,Male
40376.png,25.8,Male
40378.png,69.6,Male
40380.png,26.1,Male
40381.png,28.8,Male
40383.png,22.0,Male
40388.png,39.6,Male
40392.png,16.5,Male
40404.png,48.4,Male
40405.png,46.8,Male
40407.png,37.3,Male
40410.png,33.2,Male
40412.png,43.0,Male
40414.png,52.0,Male
40416.png,66.6,Male
40420.png,7.8,Male
40425.png,72.2,Male
40433.png,49.2,Male
40434.png,13.1,Male
40437.png,12.8,Male
40438.png,25.1,Male
40441.png,20.8,Male
40444.png,35.6,Male
40449.png,20.3,Male
40458.png,21.8,Male
40470.png,39.1,Male
40475.png,22.5,Male
40481.png,30.0,Male
40483.png,53.4,Male
40487.png,8.8,Male
40492.png,28.4,Male
40494.png,55.8,Male
40499.png,45.7,Male
40501.png,18.6,Male
40507.png,4.0,Male
40508.png,33.2,Male
40516.png,42.9,Male
40517.png,20.1,Male
40525.png,29.8,Male
40536.png,3.8,Male
40537.png,65.8,Male
40538.png,52.4,Male
40539.png,43.3,Male
40541.png,38.2,Male
40543.png,27.6,Male
40544.png,58.5,Male
40549.png,7.7,Male
40562.png,51.1,Male
40563.png,3.8,Male
40565.png,35.2,Male
40567.png,38.9,Male
40568.png,21.0,Male
40569.png,31.4,Male
40572.png,47.4,Male
40575.png,1.1,Male
40577.png,16.4,Male
40579.png,33.8,Male
40582.png,53.4,Male
40587.png,39.9,Male
40593.png,23.7,Male
40598.png,65.8,Male
40600.png,62.3,Male
40601.png,55.6,Male
40607.png,33.6,Male
40609.png,8.6,Male
40613.png,69.4,Male
40619.png,65.7,Male
40620.png,31.9,Male
40629.png,75.1,Male
40635.png,32.3,Male
40642.png,12.6,Male
40645.png,38.9,Male
40648.png,36.6,Male
40653.png,56.8,Male
40654.png,36.6,Male
40660.png,9.8,Male
40662.png,51.7,Male
40668.png,17.5,Male
40673.png,42.7,Male
40677.png,20.8,Male
40679.png,48.1,Male
40683.png,55.2,Male
40685.png,23.9,Male
40686.png,23.1,Male
40687.png,26.8,Male
40696.png,58.8,Male
40699.png,7.7,Male
40701.png,20.6,Male
40703.png,36.1,Male
40711.png,24.2,Male
40712.png,54.6,Male
40713.png,23.4,Male
40723.png,64.8,Male
40728.png,58.6,Male
40729.png,27.9,Male
40730.png,2.2,Male
40736.png,41.9,Male
40737.png,23.5,Male
40744.png,29.7,Male
40749.png,70.9,Male
40756.png,23.5,Male
40757.png,26.6,Male
40760.png,36.9,Male
40762.png,48.2,Male
40763.png,36.9,Male
40768.png,26.1,Male
40775.png,45.9,Male
40779.png,25.4,Male
40781.png,30.6,Male
40784.png,25.2,Male
40786.png,21.4,Male
40788.png,34.8,Male
40789.png,43.9,Male
40793.png,27.6,Male
40811.png,42.3,Male
40812.png,48.5,Male
40819.png,8.3,Male
40823.png,52.7,Male
40824.png,3.3,Male
40826.png,4.3,Male
40827.png,37.0,Male
40838.png,9.3,Male
40840.png,51.0,Male
40841.png,37.1,Male
40842.png,27.7,Male
40844.png,12.0,Male
40846.png,3.0,Male
40850.png,16.4,Male
40853.png,22.3,Male
40857.png,24.5,Male
40862.png,31.2,Male
40863.png,36.3,Male
40871.png,46.6,Male
40873.png,1.9,Male
40880.png,20.3,Male
40888.png,25.2,Male
40889.png,7.3,Male
40895.png,6.8,Male
40901.png,2.7,Male
40902.png,19.6,Male
40906.png,3.4,Male
40907.png,43.2,Male
40908.png,30.8,Male
40913.png,48.9,Male
40917.png,43.7,Male
40919.png,58.7,Male
40925.png,9.6,Male
40927.png,36.2,Male
40928.png,69.0,Male
40940.png,7.4,Male
40944.png,61.4,Male
40946.png,57.9,Male
40948.png,3.6,Male
40952.png,24.4,Male
40953.png,35.9,Male
40954.png,58.0,Male
40957.png,37.6,Male
40959.png,11.2,Male
40963.png,17.3,Male
40964.png,23.3,Male
40965.png,24.2,Male
40966.png,32.1,Male
40970.png,30.5,Male
40976.png,34.5,Male
40980.png,2.6,Male
40987.png,12.2,Male
40988.png,0.8,Male
40991.png,3.3,Male
41005.png,4.4,Male
41012.png,11.0,Male
41015.png,19.1,Male
41017.png,36.0,Male
41018.png,37.6,Male
41019.png,31.4,Male
41024.png,4.1,Male
41026.png,37.8,Male
41027.png,54.5,Male
41032.png,47.8,Male
41033.png,51.5,Male
41035.png,54.1,Male
41036.png,68.4,Male
41039.png,30.1,Male
41044.png,20.5,Male
41048.png,40.3,Male
41049.png,56.3,Male
41050.png,37.0,Male
41052.png,72.1,Male
41053.png,23.8,Male
41054.png,60.5,Male
41059.png,36.9,Male
41060.png,39.0,Male
41062.png,2.8,Male
41064.png,8.5,Male
41071.png,27.6,Male
41072.png,43.3,Male
41074.png,42.0,Male
41078.png,16.2,Male
41079.png,58.0,Male
41085.png,2.3,Male
41087.png,22.3,Male
41088.png,12.7,Male
41089.png,23.7,Male
41096.png,27.6,Male
41098.png,8.9,Male
41101.png,22.6,Male
41102.png,34.6,Male
41104.png,11.5,Male
41110.png,17.3,Male
41111.png,8.3,Male
41114.png,29.5,Male
41116.png,1.6,Male
41119.png,3.8,Male
41120.png,17.0,Male
41123.png,80.8,Male
41124.png,43.2,Male
41129.png,29.0,Male
41134.png,27.8,Male
41136.png,63.5,Male
41139.png,56.8,Male
41140.png,6.8,Male
41144.png,38.5,Male
41145.png,59.0,Male
41149.png,39.6,Male
41150.png,55.5,Male
41151.png,35.0,Male
41158.png,10.6,Male
41160.png,13.5,Male
41168.png,10.0,Male
41171.png,27.4,Male
41173.png,28.6,Male
41178.png,8.9,Male
41180.png,19.2,Male
41182.png,40.5,Male
41184.png,6.3,Male
41187.png,59.9,Male
41192.png,47.7,Male
41193.png,59.0,Male
41195.png,4.9,Male
41203.png,19.2,Male
41204.png,18.7,Male
41207.png,29.6,Male
41215.png,56.8,Male
41216.png,24.3,Male
41218.png,35.2,Male
41220.png,27.9,Male
41222.png,30.3,Male
41224.png,21.2,Male
41228.png,31.7,Male
41229.png,44.8,Male
41232.png,41.1,Male
41245.png,42.9,Male
41252.png,23.1,Male
41254.png,43.8,Male
41259.png,5.0,Male
41262.png,57.7,Male
41263.png,27.0,Male
41269.png,29.0,Male
41274.png,5.9,Male
41275.png,21.0,Male
41276.png,36.5,Male
41285.png,40.1,Male
41286.png,28.5,Male
41288.png,40.6,Male
41293.png,32.1,Male
41295.png,21.3,Male
41297.png,11.6,Male
41302.png,49.7,Male
41304.png,59.9,Male
41307.png,24.9,Male
41309.png,54.9,Male
41311.png,37.2,Male
41312.png,56.9,Male
41315.png,15.3,Male
41317.png,10.0,Male
41321.png,34.0,Male
41322.png,42.8,Male
41331.png,48.6,Male
41333.png,43.7,Male
41340.png,55.5,Male
41342.png,37.9,Male
41343.png,47.9,Male
41347.png,56.1,Male
41353.png,43.1,Male
41358.png,38.5,Male
41359.png,33.9,Male
41365.png,5.7,Male
41369.png,39.1,Male
41373.png,39.8,Male
41377.png,35.4,Male
41383.png,63.3,Male
41385.png,55.3,Male
41393.png,39.1,Male
41399.png,41.7,Male
41405.png,26.6,Male
41409.png,22.7,Male
41414.png,19.7,Male
41419.png,27.3,Male
41423.png,31.9,Male
41426.png,33.4,Male
41436.png,23.0,Male
41441.png,37.5,Male
41442.png,34.0,Male
41446.png,48.1,Male
41450.png,5.1,Male
41462.png,49.4,Male
41465.png,29.7,Male
41467.png,46.2,Male
41469.png,2.4,Male
41470.png,30.2,Male
41471.png,29.0,Male
41472.png,58.8,Male
41480.png,3.8,Male
41481.png,21.9,Male
41482.png,11.7,Male
41483.png,30.0,Male
41486.png,38.7,Male
41488.png,23.8,Male
41497.png,34.5,Male
41500.png,43.7,Male
41504.png,64.2,Male
41505.png,31.1,Male
41506.png,28.8,Male
41507.png,30.5,Male
41512.png,21.6,Male
41513.png,4.3,Male
41515.png,50.1,Male
41533.png,38.5,Male
41534.png,57.2,Male
41541.png,64.2,Male
41542.png,30.8,Male
41546.png,51.7,Male
41548.png,2.1,Male
41552.png,53.3,Male
41553.png,30.3,Male
41555.png,43.3,Male
41558.png,69.1,Male
41573.png,32.6,Male
41574.png,63.2,Male
41586.png,30.5,Male
41587.png,30.0,Male
41588.png,48.6,Male
41591.png,38.9,Male
41592.png,17.2,Male
41593.png,73.2,Male
41599.png,20.0,Male
41611.png,31.5,Male
41614.png,54.7,Male
41615.png,20.0,Male
41618.png,46.1,Male
41620.png,40.3,Male
41622.png,6.6,Male
41628.png,18.4,Male
41630.png,28.0,Male
41640.png,55.4,Male
41647.png,35.0,Male
41648.png,43.2,Male
41649.png,2.4,Male
41651.png,4.4,Male
41652.png,41.2,Male
41654.png,12.8,Male
41661.png,54.1,Male
41662.png,7.2,Male
41665.png,26.6,Male
41670.png,3.3,Male
41674.png,28.6,Male
41676.png,4.4,Male
41679.png,58.1,Male
41680.png,23.7,Male
41681.png,36.9,Male
41687.png,24.6,Male
41688.png,50.7,Male
41697.png,49.7,Male
41701.png,51.6,Male
41704.png,54.2,Male
41709.png,45.4,Male
41713.png,32.9,Male
41714.png,3.6,Male
41717.png,26.7,Male
41719.png,33.7,Male
41720.png,35.0,Male
41721.png,59.1,Male
41724.png,36.3,Male
41725.png,8.4,Male
41727.png,15.4,Male
41733.png,26.7,Male
41735.png,7.5,Male
41736.png,17.8,Male
41738.png,6.7,Male
41744.png,26.6,Male
41746.png,46.1,Male
41750.png,11.7,Male
41751.png,44.4,Male
41754.png,36.9,Male
41755.png,54.8,Male
41756.png,4.6,Male
41758.png,28.0,Male
41761.png,63.7,Male
41766.png,39.4,Male
41770.png,42.5,Male
41771.png,34.7,Male
41774.png,34.1,Male
41777.png,72.0,Male
41779.png,55.4,Male
41793.png,52.9,Male
41795.png,5.3,Male
41796.png,54.4,Male
41799.png,36.4,Male
41800.png,68.3,Male
41803.png,8.3,Male
41806.png,31.6,Male
41814.png,44.1,Male
41815.png,3.0,Male
41820.png,54.5,Male
41827.png,16.9,Male
41830.png,13.4,Male
41831.png,36.8,Male
41839.png,22.8,Male
41851.png,21.3,Male
41853.png,38.6,Male
41854.png,41.7,Male
41855.png,42.6,Male
41864.png,23.9,Male
41869.png,31.5,Male
41872.png,32.5,Male
41878.png,29.5,Male
41879.png,7.8,Male
41881.png,23.2,Male
41888.png,24.0,Male
41889.png,37.7,Male
41894.png,38.2,Male
41896.png,38.6,Male
41899.png,28.9,Male
41901.png,38.1,Male
41904.png,58.9,Male
41910.png,34.6,Male
41915.png,58.1,Male
41922.png,3.2,Male
41926.png,32.0,Male
41930.png,51.3,Male
41934.png,63.2,Male
41936.png,69.6,Male
41943.png,63.3,Male
41945.png,56.6,Male
41947.png,42.0,Male
41948.png,2.9,Male
41950.png,54.5,Male
41958.png,23.7,Male
41961.png,62.5,Male
41963.png,7.5,Male
41967.png,4.3,Male
41969.png,19.2,Male
41971.png,45.4,Male
41973.png,41.3,Male
41976.png,36.9,Male
41983.png,40.2,Male
41984.png,24.9,Male
41991.png,51.0,Male
41992.png,46.3,Male
41996.png,21.7,Male
41999.png,76.0,Male
42000.png,42.1,Male
42003.png,47.9,Male
42006.png,18.6,Male
42008.png,54.2,Male
42015.png,19.4,Male
42016.png,45.8,Male
42023.png,57.8,Male
42026.png,52.2,Male
42027.png,29.9,Male
42030.png,2.9,Male
42034.png,61.8,Male
42036.png,18.7,Male
42039.png,66.0,Male
42054.png,41.0,Male
42056.png,50.9,Male
42058.png,26.6,Male
42065.png,18.8,Male
42067.png,13.7,Male
42068.png,25.1,Male
42072.png,4.6,Male
42079.png,44.3,Male
42081.png,5.8,Male
42083.png,4.4,Male
42084.png,1.9,Male
42086.png,49.2,Male
42089.png,71.7,Male
42092.png,54.0,Male
42094.png,22.2,Male
42096.png,37.5,Male
42101.png,65.5,Male
42102.png,13.4,Male
42104.png,20.5,Male
42109.png,60.8,Male
42111.png,26.1,Male
42118.png,48.9,Male
42120.png,68.6,Male
42125.png,58.3,Male
42126.png,49.8,Male
42127.png,38.3,Male
42132.png,32.7,Male
42141.png,68.1,Male
42143.png,19.6,Male
42147.png,29.4,Male
42151.png,34.2,Male
42153.png,37.6,Male
42154.png,29.3,Male
42157.png,19.1,Male
42158.png,20.9,Male
42159.png,62.2,Male
42160.png,30.5,Male
42161.png,47.8,Male
42163.png,37.6,Male
42165.png,32.4,Male
42173.png,31.1,Male
42174.png,30.5,Male
42176.png,21.0,Male
42179.png,34.7,Male
42182.png,11.0,Male
42183.png,10.1,Male
42184.png,28.8,Male
42186.png,1.8,Male
42187.png,48.3,Male
42189.png,51.9,Male
42193.png,33.7,Male
42194.png,44.9,Male
42208.png,26.0,Male
42215.png,32.7,Male
42217.png,14.3,Male
42219.png,5.1,Male
42226.png,24.5,Male
42229.png,25.2,Male
42233.png,42.8,Male
42237.png,62.0,Male
42240.png,8.8,Male
42245.png,11.4,Male
42247.png,44.0,Male
42253.png,31.5,Male
42255.png,44.4,Male
42258.png,33.0,Male
42260.png,45.4,Male
42267.png,24.7,Male
42268.png,52.1,Male
42270.png,48.1,Male
42274.png,60.5,Male
42281.png,43.1,Male
42283.png,41.3,Male
42284.png,28.3,Male
42287.png,42.9,Male
42290.png,41.7,Male
42291.png,38.3,Male
42294.png,38.3,Male
42297.png,26.3,Male
42300.png,71.8,Male
42304.png,55.9,Male
42310.png,22.1,Male
42312.png,54.8,Male
42317.png,35.6,Male
42318.png,33.4,Male
42319.png,61.6,Male
42320.png,42.4,Male
42323.png,40.8,Male
42329.png,30.0,Male
42331.png,28.0,Male
42335.png,63.8,Male
42336.png,39.2,Male
42338.png,32.0,Male
42339.png,32.0,Male
42343.png,70.1,Male
42344.png,40.2,Male
42348.png,39.2,Male
42358.png,23.8,Male
42361.png,39.5,Male
42363.png,8.1,Male
42368.png,32.1,Male
42371.png,34.5,Male
42372.png,39.1,Male
42373.png,29.3,Male
42379.png,36.0,Male
42380.png,53.5,Male
42384.png,7.6,Male
42389.png,3.8,Male
42390.png,32.1,Male
42391.png,23.4,Male
42395.png,51.5,Male
42396.png,26.2,Male
42406.png,40.0,Male
42412.png,38.6,Male
42413.png,34.9,Male
42415.png,57.9,Male
42421.png,34.8,Male
42422.png,48.5,Male
42424.png,47.5,Male
42425.png,39.2,Male
42431.png,43.7,Male
42432.png,43.2,Male
42436.png,35.1,Male
42437.png,25.3,Male
42445.png,26.1,Male
42452.png,55.2,Male
42456.png,25.4,Male
42457.png,17.6,Male
42458.png,41.9,Male
42459.png,28.4,Male
42461.png,26.4,Male
42464.png,24.5,Male
42469.png,37.5,Male
42476.png,24.0,Male
42477.png,54.3,Male
42487.png,53.3,Male
42488.png,34.0,Male
42495.png,10.3,Male
42498.png,15.9,Male
42501.png,30.5,Male
42504.png,39.6,Male
42506.png,37.9,Male
42508.png,12.5,Male
42513.png,32.6,Male
42515.png,33.6,Male
42516.png,37.7,Male
42517.png,63.7,Male
42523.png,36.1,Male
42526.png,42.8,Male
42534.png,50.0,Male
42538.png,63.5,Male
42539.png,27.7,Male
42540.png,36.5,Male
42541.png,29.9,Male
42547.png,37.5,Male
42550.png,62.4,Male
42553.png,34.9,Male
42558.png,34.4,Male
42561.png,41.1,Male
42562.png,46.9,Male
42567.png,33.8,Male
42568.png,62.6,Male
42583.png,53.2,Male
42584.png,41.3,Male
42587.png,23.9,Male
42598.png,41.0,Male
42600.png,22.3,Male
42601.png,22.9,Male
42604.png,25.5,Male
42610.png,19.6,Male
42611.png,31.3,Male
42613.png,35.9,Male
42616.png,41.1,Male
42622.png,62.4,Male
42624.png,61.0,Male
42626.png,6.6,Male
42628.png,61.6,Male
42630.png,36.8,Male
42636.png,43.3,Male
42646.png,32.9,Male
42647.png,8.8,Male
42650.png,32.0,Male
42655.png,22.5,Male
42661.png,37.6,Male
42662.png,61.9,Male
42667.png,21.2,Male
42672.png,24.3,Male
42687.png,39.4,Male
42688.png,12.5,Male
42700.png,50.5,Male
42701.png,13.6,Male
42706.png,27.2,Male
42710.png,31.8,Male
42712.png,45.5,Male
42714.png,59.1,Male
42725.png,12.2,Male
42726.png,58.2,Male
42727.png,17.9,Male
42730.png,17.6,Male
42731.png,42.1,Male
42734.png,1.8,Male
42737.png,28.7,Male
42739.png,35.3,Male
42744.png,40.5,Male
42746.png,5.5,Male
42749.png,49.3,Male
42753.png,49.2,Male
42755.png,60.1,Male
42762.png,40.4,Male
42763.png,51.7,Male
42769.png,1.8,Male
42777.png,32.0,Male
42778.png,49.4,Male
42781.png,46.9,Male
42788.png,56.6,Male
42795.png,55.2,Male
42799.png,42.8,Male
42800.png,30.9,Male
42806.png,58.9,Male
42809.png,29.1,Male
42810.png,59.4,Male
42813.png,6.6,Male
42816.png,54.3,Male
42823.png,42.2,Male
42827.png,4.0,Male
42830.png,37.8,Male
42837.png,56.5,Male
42838.png,58.5,Male
42840.png,22.1,Male
42842.png,35.7,Male
42844.png,38.5,Male
42848.png,5.0,Male
42854.png,15.0,Male
42868.png,39.8,Male
42869.png,55.9,Male
42872.png,10.1,Male
42875.png,33.0,Male
42879.png,10.2,Male
42888.png,28.2,Male
42890.png,46.8,Male
42894.png,34.9,Male
42898.png,36.5,Male
42899.png,52.2,Male
42903.png,64.7,Male
42904.png,36.0,Male
42906.png,11.1,Male
42907.png,34.0,Male
42908.png,55.0,Male
42909.png,20.1,Male
42910.png,18.8,Male
42911.png,53.4,Male
42914.png,35.9,Male
42917.png,19.5,Male
42918.png,41.6,Male
42920.png,32.4,Male
42922.png,20.8,Male
42931.png,35.9,Male
42936.png,40.4,Male
42946.png,27.9,Male
42949.png,32.9,Male
42951.png,11.6,Male
42957.png,60.5,Male
42959.png,38.8,Male
42960.png,47.3,Male
42962.png,24.8,Male
42964.png,32.6,Male
42970.png,37.4,Male
42971.png,26.0,Male
42975.png,72.6,Male
42977.png,5.6,Male
42978.png,57.3,Male
42981.png,33.8,Male
42982.png,44.2,Male
42984.png,6.5,Male
42987.png,18.2,Male
42992.png,1.3,Male
43003.png,36.1,Male
43004.png,26.1,Male
43006.png,36.7,Male
43007.png,28.0,Male
43011.png,36.2,Male
43013.png,23.7,Male
43016.png,56.3,Male
43017.png,41.0,Male
43025.png,32.6,Male
43036.png,36.6,Male
43050.png,29.9,Male
43051.png,22.5,Male
43054.png,15.8,Male
43061.png,39.1,Male
43063.png,52.7,Male
43064.png,50.2,Male
43065.png,11.8,Male
43066.png,8.3,Male
43068.png,22.2,Male
43069.png,24.6,Male
43072.png,39.0,Male
43073.png,57.8,Male
43075.png,47.9,Male
43076.png,23.6,Male
43077.png,39.0,Male
43078.png,35.6,Male
43081.png,11.2,Male
43082.png,26.8,Male
43086.png,30.7,Male
43087.png,44.6,Male
43090.png,52.5,Male
43093.png,2.3,Male
43098.png,52.5,Male
43100.png,43.6,Male
43101.png,39.8,Male
43103.png,82.1,Male
43105.png,47.9,Male
43108.png,35.4,Male
43116.png,25.2,Male
43117.png,57.3,Male
43135.png,21.9,Male
43150.png,40.7,Male
43152.png,24.9,Male
43154.png,39.0,Male
43158.png,60.0,Male
43160.png,33.1,Male
43165.png,56.0,Male
43169.png,26.1,Male
43172.png,33.1,Male
43178.png,43.9,Male
43186.png,12.9,Male
43189.png,32.2,Male
43190.png,45.9,Male
43193.png,34.0,Male
43194.png,50.4,Male
43202.png,37.2,Male
43204.png,32.8,Male
43207.png,2.8,Male
43212.png,42.9,Male
43213.png,34.5,Male
43217.png,31.3,Male
43228.png,34.1,Male
43231.png,8.6,Male
43236.png,20.6,Male
43238.png,19.4,Male
43246.png,7.1,Male
43253.png,46.7,Male
43257.png,56.1,Male
43260.png,60.7,Male
43266.png,38.0,Male
43272.png,16.8,Male
43273.png,43.4,Male
43274.png,50.6,Male
43276.png,30.9,Male
43278.png,42.3,Male
43279.png,53.7,Male
43283.png,57.6,Male
43286.png,79.2,Male
43287.png,4.2,Male
43288.png,41.8,Male
43292.png,25.2,Male
43296.png,38.9,Male
43297.png,60.4,Male
43300.png,22.6,Male
43307.png,35.4,Male
43309.png,48.9,Male
43310.png,16.4,Male
43321.png,24.9,Male
43323.png,57.1,Male
43325.png,38.0,Male
43327.png,37.7,Male
43331.png,72.6,Male
43332.png,30.6,Male
43335.png,20.2,Male
43338.png,27.3,Male
43340.png,20.3,Male
43343.png,24.8,Male
43351.png,34.6,Male
43352.png,12.7,Male
43354.png,58.8,Male
43357.png,31.6,Male
43361.png,54.0,Male
43364.png,68.7,Male
43365.png,39.9,Male
43369.png,32.4,Male
43370.png,30.6,Male
43371.png,28.5,Male
43374.png,4.9,Male
43383.png,60.1,Male
43387.png,60.4,Male
43388.png,21.5,Male
43389.png,36.7,Male
43392.png,12.9,Male
43393.png,45.1,Male
43397.png,44.6,Male
43399.png,39.5,Male
43401.png,25.6,Male
43403.png,31.0,Male
43404.png,33.9,Male
43406.png,28.8,Male
43410.png,23.8,Male
43412.png,33.3,Male
43416.png,52.2,Male
43418.png,32.3,Male
43420.png,18.0,Male
43421.png,41.2,Male
43425.png,8.4,Male
43426.png,56.9,Male
43435.png,70.6,Male
43437.png,10.6,Male
43438.png,47.2,Male
43439.png,31.6,Male
43440.png,32.3,Male
43444.png,53.4,Male
43449.png,16.8,Male
43450.png,69.0,Male
43451.png,49.8,Male
43452.png,18.7,Male
43456.png,69.6,Male
43457.png,34.1,Male
43458.png,45.0,Male
43461.png,48.6,Male
43463.png,39.6,Male
43476.png,38.7,Male
43478.png,42.9,Male
43479.png,42.9,Male
43480.png,39.3,Male
43481.png,18.3,Male
43483.png,54.0,Male
43487.png,3.7,Male
43488.png,25.1,Male
43498.png,52.3,Male
43499.png,38.3,Male
43500.png,24.3,Male
43506.png,22.2,Male
43512.png,13.6,Male
43515.png,41.3,Male
43517.png,63.8,Male
43521.png,48.8,Male
43522.png,36.0,Male
43525.png,21.6,Male
43532.png,48.9,Male
43534.png,6.3,Male
43536.png,35.0,Male
43540.png,44.5,Male
43544.png,25.7,Male
43553.png,44.9,Male
43554.png,17.7,Male
43557.png,3.2,Male
43559.png,34.9,Male
43572.png,22.2,Male
43573.png,3.4,Male
43574.png,55.6,Male
43583.png,15.0,Male
43595.png,55.7,Male
43597.png,6.8,Male
43598.png,2.3,Male
43601.png,51.6,Male
43603.png,29.5,Male
43610.png,40.1,Male
43611.png,54.3,Male
43618.png,28.9,Male
43620.png,25.1,Male
43621.png,4.4,Male
43628.png,46.9,Male
43633.png,19.3,Male
43634.png,70.6,Male
43636.png,57.8,Male
43642.png,62.4,Male
43648.png,33.5,Male
43649.png,39.9,Male
43652.png,23.4,Male
43655.png,22.6,Male
43665.png,54.4,Male
43666.png,26.0,Male
43673.png,36.8,Male
43677.png,24.0,Male
43681.png,28.3,Male
43684.png,34.6,Male
43687.png,53.3,Male
43688.png,3.0,Male
43691.png,48.9,Male
43694.png,7.2,Male
43695.png,40.5,Male
43703.png,20.0,Male
43704.png,42.8,Male
43707.png,46.1,Male
43710.png,32.6,Male
43713.png,7.1,Male
43714.png,35.1,Male
43715.png,54.0,Male
43717.png,59.1,Male
43718.png,41.3,Male
43719.png,43.5,Male
43721.png,28.3,Male
43724.png,27.5,Male
43727.png,23.8,Male
43741.png,64.7,Male
43743.png,18.2,Male
43745.png,68.3,Male
43746.png,71.2,Male
43747.png,35.7,Male
43749.png,7.8,Male
43750.png,62.4,Male
43758.png,1.8,Male
43760.png,37.4,Male
43769.png,56.6,Male
43777.png,32.6,Male
43778.png,10.9,Male
43779.png,62.4,Male
43783.png,37.9,Male
43785.png,36.0,Male
43786.png,17.3,Male
43788.png,51.8,Male
43800.png,6.3,Male
43813.png,24.4,Male
43815.png,24.3,Male
43816.png,30.2,Male
43817.png,37.3,Male
43818.png,27.8,Male
43829.png,54.8,Male
43841.png,80.8,Male
43842.png,33.7,Male
43845.png,32.7,Male
43846.png,41.7,Male
43848.png,67.8,Male
43850.png,34.1,Male
43855.png,32.6,Male
43857.png,72.2,Male
43863.png,21.5,Male
43864.png,25.1,Male
43870.png,35.7,Male
43871.png,43.7,Male
43874.png,17.3,Male
43877.png,49.6,Male
43888.png,27.1,Male
43892.png,27.4,Male
43895.png,23.5,Male
43899.png,54.6,Male
43904.png,45.0,Male
43907.png,39.6,Male
43908.png,2.8,Male
43910.png,34.6,Male
43911.png,3.1,Male
43914.png,66.7,Male
43915.png,10.9,Male
43916.png,28.0,Male
43917.png,1.7,Male
43920.png,21.2,Male
43922.png,25.2,Male
43923.png,31.9,Male
43933.png,18.0,Male
43934.png,28.8,Male
43938.png,63.9,Male
43940.png,52.5,Male
43946.png,6.3,Male
43947.png,36.6,Male
43953.png,62.8,Male
43961.png,26.5,Male
43963.png,42.3,Male
43970.png,41.0,Male
43975.png,16.7,Male
43982.png,23.0,Male
43989.png,58.6,Male
43992.png,9.0,Male
43995.png,30.5,Male
43997.png,1.8,Male
44000.png,54.8,Male
44007.png,36.3,Male
44017.png,33.4,Male
44020.png,27.8,Male
44024.png,26.7,Male
44025.png,38.8,Male
44035.png,6.5,Male
44038.png,28.2,Male
44054.png,26.2,Male
44057.png,41.0,Male
44059.png,9.7,Male
44062.png,33.4,Male
44063.png,29.9,Male
44068.png,58.0,Male
44069.png,28.1,Male
44076.png,24.6,Male
44077.png,21.2,Male
44089.png,39.8,Male
44092.png,21.8,Male
44106.png,21.7,Male
44112.png,57.8,Male
44113.png,25.5,Male
44118.png,43.8,Male
44123.png,2.1,Male
44124.png,25.7,Male
44126.png,30.7,Male
44128.png,10.9,Male
44129.png,25.5,Male
44140.png,27.5,Male
44141.png,3.1,Male
44142.png,47.8,Male
44146.png,63.1,Male
44149.png,18.6,Male
44150.png,44.0,Male
44151.png,17.7,Male
44166.png,18.2,Male
44171.png,19.2,Male
44175.png,65.0,Male
44181.png,2.7,Male
44185.png,26.2,Male
44186.png,18.1,Male
44191.png,39.0,Male
44194.png,24.5,Male
44199.png,5.0,Male
44204.png,20.7,Male
44205.png,63.3,Male
44208.png,21.3,Male
44212.png,47.3,Male
44215.png,49.8,Male
44216.png,37.8,Male
44217.png,27.4,Male
44218.png,14.4,Male
44220.png,40.1,Male
44221.png,75.0,Male
44222.png,40.5,Male
44223.png,26.1,Male
44224.png,34.0,Male
44225.png,53.4,Male
44231.png,49.8,Male
44235.png,17.9,Male
44236.png,42.3,Male
44238.png,56.4,Male
44239.png,37.6,Male
44240.png,28.9,Male
44241.png,79.4,Male
44245.png,52.5,Male
44247.png,37.1,Male
44249.png,45.5,Male
44250.png,30.1,Male
44252.png,15.5,Male
44255.png,8.3,Male
44260.png,45.7,Male
44262.png,25.0,Male
44265.png,35.1,Male
44267.png,26.3,Male
44270.png,7.0,Male
44272.png,28.4,Male
44276.png,36.2,Male
44279.png,46.0,Male
44280.png,6.5,Male
44284.png,21.5,Male
44285.png,10.5,Male
44286.png,2.3,Male
44287.png,13.7,Male
44293.png,53.2,Male
44294.png,17.5,Male
44295.png,38.2,Male
44296.png,28.8,Male
44304.png,42.0,Male
44308.png,12.3,Male
44313.png,71.2,Male
44321.png,34.7,Male
44323.png,16.0,Male
44336.png,26.1,Male
44341.png,21.4,Male
44342.png,61.3,Male
44344.png,51.5,Male
44346.png,49.6,Male
44347.png,54.4,Male
44350.png,31.3,Male
44352.png,40.4,Male
44353.png,8.3,Male
44357.png,58.6,Male
44359.png,64.0,Male
44364.png,9.3,Male
44366.png,29.0,Male
44368.png,59.8,Male
44373.png,52.1,Male
44374.png,32.3,Male
44375.png,9.4,Male
44378.png,52.2,Male
44383.png,21.0,Male
44385.png,16.8,Male
44388.png,11.9,Male
44392.png,12.3,Male
44396.png,32.7,Male
44397.png,44.3,Male
44399.png,32.3,Male
44411.png,31.1,Male
44413.png,7.6,Male
44417.png,10.3,Male
44420.png,55.5,Male
44424.png,36.3,Male
44427.png,49.2,Male
44428.png,35.4,Male
44429.png,54.5,Male
44430.png,44.6,Male
44433.png,64.5,Male
44436.png,16.1,Male
44438.png,41.4,Male
44444.png,24.2,Male
44448.png,11.6,Male
44453.png,25.4,Male
44456.png,44.7,Male
44470.png,40.8,Male
44471.png,48.6,Male
44473.png,44.0,Male
44490.png,65.0,Male
44496.png,44.1,Male
44500.png,56.3,Male
44503.png,59.1,Male
44504.png,21.0,Male
44510.png,35.6,Male
44514.png,15.9,Male
44517.png,50.3,Male
44520.png,38.6,Male
44521.png,39.2,Male
44527.png,27.0,Male
44535.png,22.7,Male
44536.png,35.3,Male
44539.png,54.7,Male
44540.png,10.2,Male
44541.png,32.6,Male
44542.png,59.1,Male
44543.png,43.5,Male
44544.png,22.7,Male
44548.png,34.6,Male
44549.png,34.2,Male
44553.png,59.6,Male
44555.png,26.2,Male
44556.png,29.6,Male
44558.png,42.1,Male
44560.png,33.1,Male
44561.png,43.8,Male
44572.png,55.0,Male
44573.png,42.0,Male
44579.png,3.6,Male
44582.png,42.5,Male
44585.png,34.0,Male
44587.png,55.6,Male
44588.png,22.7,Male
44589.png,41.7,Male
44595.png,40.4,Male
44597.png,46.8,Male
44599.png,44.6,Male
44601.png,22.2,Male
44602.png,23.7,Male
44605.png,40.2,Male
44606.png,26.7,Male
44608.png,44.4,Male
44614.png,33.6,Male
44623.png,31.5,Male
44625.png,50.9,Male
44634.png,32.2,Male
44642.png,33.9,Male
44650.png,34.8,Male
44656.png,16.2,Male
44657.png,45.6,Male
44658.png,16.3,Male
44659.png,59.4,Male
44663.png,32.9,Male
44669.png,29.5,Male
44671.png,32.9,Male
44676.png,30.3,Male
44681.png,47.9,Male
44688.png,8.4,Male
44693.png,40.2,Male
44696.png,59.4,Male
44708.png,71.5,Male
44710.png,24.4,Male
44713.png,45.5,Male
44714.png,51.9,Male
44725.png,43.8,Male
44729.png,44.1,Male
44734.png,28.0,Male
44737.png,6.0,Male
44739.png,42.5,Male
44740.png,10.0,Male
44741.png,26.0,Male
44742.png,57.7,Male
44743.png,56.1,Male
44744.png,37.8,Male
44747.png,63.5,Male
44749.png,71.9,Male
44752.png,51.0,Male
44754.png,37.4,Male
44755.png,36.8,Male
44758.png,30.3,Male
44759.png,25.3,Male
44767.png,35.7,Male
44770.png,6.8,Male
44778.png,34.4,Male
44780.png,26.5,Male
44786.png,22.0,Male
44789.png,10.0,Male
44791.png,28.9,Male
44793.png,53.5,Male
44798.png,35.9,Male
44801.png,1.3,Male
44813.png,2.0,Male
44815.png,52.4,Male
44825.png,7.2,Male
44829.png,60.9,Male
44832.png,53.6,Male
44839.png,26.6,Male
44843.png,59.3,Male
44845.png,31.3,Male
44846.png,74.6,Male
44849.png,2.2,Male
44850.png,43.5,Male
44852.png,30.4,Male
44855.png,43.7,Male
44864.png,29.5,Male
44868.png,32.0,Male
44869.png,52.5,Male
44874.png,56.5,Male
44875.png,24.0,Male
44877.png,38.4,Male
44880.png,48.8,Male
44882.png,69.7,Male
44883.png,29.6,Male
44884.png,36.6,Male
44898.png,27.1,Male
44906.png,4.6,Male
44909.png,23.5,Male
44914.png,10.5,Male
44917.png,20.0,Male
44920.png,17.0,Male
44921.png,53.0,Male
44922.png,32.4,Male
44923.png,48.8,Male
44930.png,64.0,Male
44932.png,72.8,Male
44937.png,1.8,Male
44939.png,40.8,Male
44942.png,10.1,Male
44944.png,36.5,Male
44945.png,60.4,Male
44949.png,51.7,Male
44950.png,47.1,Male
44951.png,19.2,Male
44952.png,32.1,Male
44966.png,41.3,Male
44967.png,59.4,Male
44970.png,43.9,Male
44972.png,6.5,Male
44974.png,32.3,Male
44979.png,11.6,Male
44987.png,23.6,Male
44989.png,62.0,Male
44990.png,32.3,Male
44991.png,44.1,Male
44993.png,47.0,Male
44996.png,43.1,Male
45000.png,32.6,Male
45003.png,38.8,Male
45005.png,56.4,Male
45013.png,29.9,Male
45015.png,19.8,Male
45017.png,57.3,Male
45026.png,37.5,Male
45029.png,23.5,Male
45032.png,42.3,Male
45033.png,36.2,Male
45038.png,32.9,Male
45039.png,5.4,Male
45043.png,27.7,Male
45054.png,30.7,Male
45056.png,2.6,Male
45061.png,18.5,Male
45064.png,32.5,Male
45066.png,31.2,Male
45068.png,6.4,Male
45069.png,32.8,Male
45071.png,56.7,Male
45073.png,59.8,Male
45075.png,36.1,Male
45082.png,28.2,Male
45084.png,13.7,Male
45093.png,16.2,Male
45095.png,31.3,Male
45104.png,25.2,Male
45107.png,24.7,Male
45109.png,28.5,Male
45114.png,5.7,Male
45116.png,32.8,Male
45118.png,57.6,Male
45121.png,50.9,Male
45123.png,46.6,Male
45129.png,53.5,Male
45134.png,16.9,Male
45135.png,19.8,Male
45140.png,12.1,Male
45143.png,38.5,Male
45145.png,47.1,Male
45146.png,36.0,Male
45156.png,62.7,Male
45157.png,7.2,Male
45158.png,69.5,Male
45160.png,33.9,Male
45169.png,44.7,Male
45178.png,22.3,Male
45182.png,61.7,Male
45185.png,10.9,Male
45187.png,9.5,Male
45188.png,35.3,Male
45193.png,34.9,Male
45208.png,29.2,Male
45209.png,5.0,Male
45212.png,19.8,Male
45214.png,38.5,Male
45215.png,64.3,Male
45220.png,18.6,Male
45224.png,32.5,Male
45227.png,20.1,Male
45229.png,60.1,Male
45231.png,58.2,Male
45236.png,22.9,Male
45237.png,26.8,Male
45238.png,55.8,Male
45239.png,16.0,Male
45242.png,13.1,Male
45243.png,31.5,Male
45249.png,58.6,Male
45251.png,25.5,Male
45252.png,11.8,Male
45258.png,35.9,Male
45259.png,10.4,Male
45264.png,50.7,Male
45265.png,40.4,Male
45268.png,55.6,Male
45269.png,47.3,Male
45270.png,46.9,Male
45293.png,32.6,Male
45309.png,44.2,Male
45314.png,33.2,Male
45318.png,39.0,Male
45323.png,35.1,Male
45327.png,28.8,Male
45330.png,21.5,Male
45332.png,16.4,Male
45344.png,2.6,Male
45349.png,5.1,Male
45351.png,41.9,Male
45353.png,23.4,Male
45364.png,24.5,Male
45365.png,33.1,Male
45371.png,15.3,Male
45382.png,17.0,Male
45387.png,3.0,Male
45388.png,30.1,Male
45392.png,59.0,Male
45398.png,33.7,Male
45406.png,46.4,Male
45417.png,32.0,Male
45431.png,71.9,Male
45433.png,47.9,Male
45434.png,4.3,Male
45436.png,9.6,Male
45442.png,35.8,Male
45443.png,46.7,Male
45444.png,9.1,Male
45451.png,26.9,Male
45453.png,28.8,Male
45454.png,35.9,Male
45457.png,36.0,Male
45458.png,43.0,Male
45462.png,60.6,Male
45463.png,31.0,Male
45464.png,49.5,Male
45467.png,65.5,Male
45471.png,35.5,Male
45472.png,20.5,Male
45476.png,61.2,Male
45481.png,34.4,Male
45485.png,52.1,Male
45496.png,44.3,Male
45504.png,66.5,Male
45508.png,46.9,Male
45519.png,29.2,Male
45521.png,6.4,Male
45523.png,50.0,Male
45526.png,47.4,Male
45527.png,12.1,Male
45530.png,70.1,Male
45537.png,38.9,Male
45539.png,13.6,Male
45542.png,47.4,Male
45544.png,44.4,Male
45555.png,13.8,Male
45557.png,23.1,Male
45561.png,53.5,Male
45563.png,40.2,Male
45564.png,46.8,Male
45569.png,38.7,Male
45573.png,12.2,Male
45579.png,38.0,Male
45582.png,28.8,Male
45587.png,32.3,Male
45591.png,36.5,Male
45592.png,33.7,Male
45593.png,27.4,Male
45594.png,35.4,Male
45603.png,33.1,Male
45605.png,67.7,Male
45607.png,27.2,Male
45617.png,30.4,Male
45621.png,61.0,Male
45624.png,20.1,Male
45625.png,25.6,Male
45636.png,7.5,Male
45640.png,27.1,Male
45643.png,38.4,Male
45645.png,40.1,Male
45652.png,30.6,Male
45653.png,6.7,Male
45654.png,49.8,Male
45656.png,54.3,Male
45657.png,25.6,Male
45663.png,15.8,Male
45678.png,22.7,Male
45680.png,62.9,Male
45681.png,52.9,Male
45682.png,25.7,Male
45683.png,61.7,Male
45685.png,35.5,Male
45688.png,55.6,Male
45693.png,42.1,Male
45698.png,47.7,Male
45700.png,25.9,Male
45702.png,58.0,Male
45705.png,57.7,Male
45706.png,27.2,Male
45718.png,34.0,Male
45720.png,24.6,Male
45722.png,28.1,Male
45723.png,13.5,Male
45725.png,7.6,Male
45727.png,25.7,Male
45731.png,41.4,Male
45735.png,49.3,Male
45738.png,53.7,Male
45739.png,53.3,Male
45745.png,28.9,Male
45746.png,36.1,Male
45751.png,47.6,Male
45757.png,44.0,Male
45758.png,49.3,Male
45780.png,11.7,Male
45782.png,53.1,Male
45783.png,37.1,Male
45785.png,39.4,Male
45787.png,21.5,Male
45789.png,50.3,Male
45791.png,44.7,Male
45793.png,6.2,Male
45794.png,59.8,Male
45796.png,3.9,Male
45817.png,29.5,Male
45820.png,2.5,Male
45823.png,2.6,Male
45824.png,24.9,Male
45829.png,35.0,Male
45830.png,3.4,Male
45831.png,48.6,Male
45838.png,31.6,Male
45839.png,78.3,Male
45843.png,31.8,Male
45844.png,60.9,Male
45848.png,28.6,Male
45851.png,3.0,Male
45867.png,37.6,Male
45870.png,33.8,Male
45871.png,60.7,Male
45876.png,15.3,Male
45886.png,26.9,Male
45890.png,25.6,Male
45903.png,47.8,Male
45908.png,23.8,Male
45916.png,74.2,Male
45919.png,32.3,Male
45921.png,20.4,Male
45922.png,47.1,Male
45926.png,36.1,Male
45928.png,6.4,Male
45934.png,39.1,Male
45938.png,41.7,Male
45943.png,49.3,Male
45947.png,48.7,Male
45953.png,33.0,Male
45954.png,22.5,Male
45955.png,21.9,Male
45957.png,41.4,Male
45964.png,23.7,Male
45974.png,22.0,Male
45977.png,31.4,Male
45982.png,8.3,Male
45986.png,20.6,Male
46009.png,33.9,Male
46013.png,53.8,Male
46014.png,60.9,Male
46017.png,51.9,Male
46018.png,20.2,Male
46019.png,48.3,Male
46023.png,5.0,Male
46025.png,41.4,Male
46030.png,28.2,Male
46032.png,23.7,Male
46036.png,70.0,Male
46040.png,48.7,Male
46041.png,52.3,Male
46052.png,18.6,Male
46056.png,21.4,Male
46059.png,36.9,Male
46061.png,54.9,Male
46062.png,14.0,Male
46064.png,14.3,Male
46071.png,18.8,Male
46073.png,37.7,Male
46076.png,5.4,Male
46077.png,42.8,Male
46081.png,32.3,Male
46088.png,9.4,Male
46090.png,30.2,Male
46094.png,31.6,Male
46095.png,33.7,Male
46101.png,42.2,Male
46105.png,39.4,Male
46106.png,25.1,Male
46109.png,27.5,Male
46110.png,29.5,Male
46111.png,38.6,Male
46112.png,31.3,Male
46118.png,39.6,Male
46119.png,14.0,Male
46123.png,55.5,Male
46125.png,31.3,Male
46128.png,20.0,Male
46129.png,49.1,Male
46131.png,3.4,Male
46133.png,22.5,Male
46135.png,54.4,Male
46140.png,67.0,Male
46145.png,23.3,Male
46151.png,8.1,Male
46152.png,68.3,Male
46156.png,37.3,Male
46160.png,35.2,Male
46163.png,13.9,Male
46165.png,52.5,Male
46168.png,31.9,Male
46169.png,6.9,Male
46170.png,4.1,Male
46173.png,43.1,Male
46176.png,48.2,Male
46179.png,81.2,Male
46182.png,24.4,Male
46186.png,49.9,Male
46191.png,1.8,Male
46194.png,26.1,Male
46200.png,22.4,Male
46205.png,14.7,Male
46210.png,6.9,Male
46212.png,33.4,Male
46217.png,56.9,Male
46219.png,9.7,Male
46224.png,68.2,Male
46229.png,63.3,Male
46230.png,48.8,Male
46234.png,52.7,Male
46237.png,34.1,Male
46244.png,64.4,Male
46254.png,34.2,Male
46255.png,31.7,Male
46257.png,27.2,Male
46260.png,26.9,Male
46267.png,21.0,Male
46268.png,4.3,Male
46269.png,54.1,Male
46271.png,35.4,Male
46281.png,70.6,Male
46284.png,25.6,Male
46285.png,55.4,Male
46291.png,38.8,Male
46298.png,29.7,Male
46299.png,33.8,Male
46303.png,22.7,Male
46306.png,67.7,Male
46309.png,44.9,Male
46310.png,32.9,Male
46312.png,52.8,Male
46316.png,29.5,Male
46338.png,34.1,Male
46340.png,44.2,Male
46346.png,35.7,Male
46348.png,61.9,Male
46351.png,42.6,Male
46357.png,30.7,Male
46362.png,6.2,Male
46363.png,28.0,Male
46365.png,53.5,Male
46369.png,36.4,Male
46373.png,42.1,Male
46376.png,55.7,Male
46377.png,22.4,Male
46380.png,49.4,Male
46381.png,55.6,Male
46385.png,34.4,Male
46386.png,36.6,Male
46388.png,56.3,Male
46390.png,29.2,Male
46391.png,53.7,Male
46392.png,15.6,Male
46397.png,29.5,Male
46399.png,47.9,Male
46401.png,39.3,Male
46404.png,27.6,Male
46405.png,34.9,Male
46421.png,24.2,Male
46424.png,24.1,Male
46428.png,47.9,Male
46437.png,23.1,Male
46438.png,20.1,Male
46439.png,34.9,Male
46440.png,3.7,Male
46447.png,16.6,Male
46453.png,53.1,Male
46455.png,67.6,Male
46457.png,28.4,Male
46461.png,39.9,Male
46469.png,41.5,Male
46479.png,56.8,Male
46481.png,34.4,Male
46482.png,3.8,Male
46483.png,34.3,Male
46484.png,20.1,Male
46486.png,22.5,Male
46488.png,43.8,Male
46490.png,61.8,Male
46492.png,28.6,Male
46494.png,27.4,Male
46500.png,17.3,Male
46501.png,23.2,Male
46504.png,57.9,Male
46507.png,20.3,Male
46512.png,51.4,Male
46525.png,36.9,Male
46529.png,54.6,Male
46531.png,30.3,Male
46538.png,59.7,Male
46539.png,5.9,Male
46540.png,40.8,Male
46544.png,22.2,Male
46548.png,22.9,Male
46550.png,61.7,Male
46551.png,26.4,Male
46562.png,12.3,Male
46566.png,39.3,Male
46567.png,21.8,Male
46570.png,61.6,Male
46574.png,81.0,Male
46575.png,47.2,Male
46580.png,27.2,Male
46581.png,21.4,Male
46585.png,4.9,Male
46590.png,42.8,Male
46593.png,29.1,Male
46598.png,15.3,Male
46605.png,19.9,Male
46607.png,23.3,Male
46612.png,26.8,Male
46616.png,41.5,Male
46627.png,23.7,Male
46628.png,37.0,Male
46631.png,35.3,Male
46634.png,30.2,Male
46636.png,36.7,Male
46640.png,24.3,Male
46643.png,30.1,Male
46647.png,69.3,Male
46648.png,38.0,Male
46659.png,46.9,Male
46665.png,39.0,Male
46668.png,8.4,Male
46674.png,51.4,Male
46683.png,20.2,Male
46692.png,23.2,Male
46693.png,33.6,Male
46695.png,64.3,Male
46696.png,53.9,Male
46698.png,19.8,Male
46704.png,18.9,Male
46714.png,39.7,Male
46725.png,52.9,Male
46727.png,30.4,Male
46728.png,44.3,Male
46729.png,38.4,Male
46737.png,5.2,Male
46743.png,49.1,Male
46746.png,26.1,Male
46748.png,25.5,Male
46752.png,49.5,Male
46758.png,45.4,Male
46769.png,28.2,Male
46770.png,43.0,Male
46771.png,39.3,Male
46777.png,48.9,Male
46779.png,2.5,Male
46781.png,40.0,Male
46784.png,20.3,Male
46787.png,19.1,Male
46789.png,40.1,Male
46798.png,17.4,Male
46801.png,31.0,Male
46802.png,23.4,Male
46803.png,38.4,Male
46805.png,25.7,Male
46807.png,35.2,Male
46809.png,30.8,Male
46810.png,40.3,Male
46813.png,25.2,Male
46818.png,15.7,Male
46824.png,51.2,Male
46825.png,38.0,Male
46829.png,21.5,Male
46833.png,69.7,Male
46837.png,28.4,Male
46840.png,24.2,Male
46843.png,56.3,Male
46844.png,4.0,Male
46846.png,56.6,Male
46849.png,30.9,Male
46855.png,28.3,Male
46860.png,27.9,Male
46861.png,31.5,Male
46865.png,47.3,Male
46876.png,18.3,Male
46884.png,11.7,Male
46890.png,27.4,Male
46891.png,45.6,Male
46898.png,53.0,Male
46900.png,32.6,Male
46907.png,28.1,Male
46908.png,42.6,Male
46911.png,58.8,Male
46913.png,64.9,Male
46918.png,49.2,Male
46919.png,16.4,Male
46924.png,55.8,Male
46934.png,58.0,Male
46935.png,7.7,Male
46936.png,6.8,Male
46937.png,30.4,Male
46938.png,45.0,Male
46939.png,19.0,Male
46941.png,59.2,Male
46945.png,47.6,Male
46952.png,27.8,Male
46955.png,47.4,Male
46961.png,20.7,Male
46965.png,28.7,Male
46969.png,38.5,Male
46971.png,44.6,Male
46974.png,19.2,Male
46976.png,48.5,Male
46984.png,20.7,Male
46985.png,26.2,Male
46988.png,23.2,Male
46990.png,47.5,Male
46998.png,32.5,Male
47000.png,22.8,Male
47001.png,4.4,Male
47002.png,26.7,Male
47011.png,22.8,Male
47012.png,46.8,Male
47013.png,30.5,Male
47014.png,78.2,Male
47018.png,60.0,Male
47020.png,45.1,Male
47022.png,45.7,Male
47026.png,38.5,Male
47027.png,5.1,Male
47028.png,38.6,Male
47039.png,28.2,Male
47044.png,47.2,Male
47046.png,34.5,Male
47049.png,33.3,Male
47052.png,61.5,Male
47056.png,37.6,Male
47059.png,29.6,Male
47060.png,2.1,Male
47063.png,37.0,Male
47066.png,51.7,Male
47067.png,20.2,Male
47069.png,19.6,Male
47073.png,6.9,Male
47077.png,21.9,Male
47085.png,11.2,Male
47086.png,20.8,Male
47087.png,54.0,Male
47088.png,29.9,Male
47089.png,3.8,Male
47091.png,37.8,Male
47109.png,66.8,Male
47115.png,18.2,Male
47118.png,17.6,Male
47123.png,59.3,Male
47124.png,25.5,Male
47127.png,23.5,Male
47128.png,40.0,Male
47131.png,48.2,Male
47139.png,26.7,Male
47151.png,9.5,Male
47154.png,20.3,Male
47167.png,38.8,Male
47170.png,19.8,Male
47173.png,27.6,Male
47174.png,51.0,Male
47175.png,54.8,Male
47178.png,48.7,Male
47187.png,37.2,Male
47199.png,40.1,Male
47202.png,39.8,Male
47203.png,36.1,Male
47210.png,3.8,Male
47212.png,65.5,Male
47214.png,5.9,Male
47216.png,7.7,Male
47219.png,15.0,Male
47223.png,48.4,Male
47226.png,18.0,Male
47227.png,22.8,Male
47229.png,31.0,Male
47232.png,40.9,Male
47235.png,39.6,Male
47237.png,69.3,Male
47241.png,68.0,Male
47242.png,40.8,Male
47250.png,5.5,Male
47257.png,7.1,Male
47260.png,63.0,Male
47263.png,36.2,Male
47265.png,53.2,Male
47270.png,6.0,Male
47277.png,36.6,Male
47279.png,60.4,Male
47281.png,46.7,Male
47290.png,58.4,Male
47294.png,18.9,Male
47298.png,31.5,Male
47301.png,14.1,Male
47303.png,9.6,Male
47307.png,20.5,Male
47308.png,47.3,Male
47312.png,18.2,Male
47315.png,50.6,Male
47325.png,25.2,Male
47329.png,27.1,Male
47332.png,26.1,Male
47333.png,2.8,Male
47338.png,28.3,Male
47344.png,26.6,Male
47347.png,21.8,Male
47349.png,45.9,Male
47352.png,33.2,Male
47357.png,41.5,Male
47358.png,59.6,Male
47359.png,38.5,Male
47360.png,27.9,Male
47362.png,11.2,Male
47367.png,43.1,Male
47369.png,5.9,Male
47371.png,22.7,Male
47373.png,53.1,Male
47377.png,25.0,Male
47378.png,42.4,Male
47379.png,34.2,Male
47380.png,38.6,Male
47381.png,36.9,Male
47383.png,45.7,Male
47386.png,21.5,Male
47395.png,2.8,Male
47396.png,30.4,Male
47399.png,50.6,Male
47400.png,35.2,Male
47402.png,45.9,Male
47404.png,17.4,Male
47408.png,41.1,Male
47409.png,30.9,Male
47411.png,5.0,Male
47416.png,46.3,Male
47418.png,38.9,Male
47419.png,4.1,Male
47422.png,35.0,Male
47423.png,54.6,Male
47424.png,47.8,Male
47425.png,31.3,Male
47428.png,22.2,Male
47432.png,38.2,Male
47435.png,48.1,Male
47443.png,30.4,Male
47447.png,50.9,Male
47449.png,33.1,Male
47451.png,17.9,Male
47453.png,75.8,Male
47454.png,55.1,Male
47460.png,29.2,Male
47467.png,23.2,Male
47472.png,19.6,Male
47474.png,57.2,Male
47477.png,59.3,Male
47483.png,55.7,Male
47484.png,51.9,Male
47486.png,37.7,Male
47498.png,24.4,Male
47500.png,20.3,Male
47502.png,42.1,Male
47516.png,43.9,Male
47517.png,52.8,Male
47520.png,24.7,Male
47522.png,6.3,Male
47523.png,2.2,Male
47526.png,30.9,Male
47534.png,27.1,Male
47537.png,40.4,Male
47540.png,36.8,Male
47542.png,69.6,Male
47543.png,11.0,Male
47546.png,18.5,Male
47555.png,43.9,Male
47560.png,40.8,Male
47571.png,29.5,Male
47576.png,37.5,Male
47578.png,52.8,Male
47579.png,42.1,Male
47581.png,19.9,Male
47600.png,8.6,Male
47602.png,56.6,Male
47603.png,41.2,Male
47614.png,58.4,Male
47617.png,53.4,Male
47618.png,44.6,Male
47619.png,25.0,Male
47622.png,58.9,Male
47623.png,26.3,Male
47624.png,43.2,Male
47626.png,50.7,Male
47628.png,29.1,Male
47629.png,24.6,Male
47633.png,42.5,Male
47636.png,42.9,Male
47638.png,36.2,Male
47641.png,10.0,Male
47652.png,48.1,Male
47654.png,54.7,Male
47655.png,19.5,Male
47656.png,69.1,Male
47659.png,1.9,Male
47663.png,68.9,Male
47669.png,47.0,Male
47672.png,49.3,Male
47675.png,41.0,Male
47681.png,33.1,Male
47682.png,9.5,Male
47683.png,46.3,Male
47692.png,53.0,Male
47696.png,54.1,Male
47706.png,39.2,Male
47707.png,24.5,Male
47708.png,45.2,Male
47714.png,33.0,Male
47720.png,39.2,Male
47721.png,45.3,Male
47731.png,31.7,Male
47734.png,25.0,Male
47735.png,44.4,Male
47737.png,29.4,Male
47739.png,25.6,Male
47740.png,38.0,Male
47746.png,46.9,Male
47748.png,39.9,Male
47749.png,1.5,Male
47750.png,49.3,Male
47774.png,28.1,Male
47775.png,28.2,Male
47777.png,40.7,Male
47785.png,38.2,Male
47795.png,28.1,Male
47796.png,34.6,Male
47798.png,66.3,Male
47805.png,39.9,Male
47819.png,3.3,Male
47823.png,6.0,Male
47826.png,28.6,Male
47843.png,67.2,Male
47844.png,29.5,Male
47850.png,32.7,Male
47851.png,21.0,Male
47852.png,57.5,Male
47863.png,38.8,Male
47867.png,22.1,Male
47869.png,34.0,Male
47873.png,56.5,Male
47876.png,44.3,Male
47880.png,61.4,Male
47887.png,9.6,Male
47889.png,40.2,Male
47890.png,12.7,Male
47895.png,5.1,Male
47896.png,24.4,Male
47916.png,7.5,Male
47917.png,48.4,Male
47918.png,62.5,Male
47920.png,7.3,Male
47924.png,22.3,Male
47925.png,12.9,Male
47931.png,74.6,Male
47932.png,21.1,Male
47934.png,41.1,Male
47938.png,47.3,Male
47942.png,33.2,Male
47943.png,20.5,Male
47945.png,49.3,Male
47946.png,34.0,Male
47948.png,26.8,Male
47951.png,14.7,Male
47953.png,28.3,Male
47962.png,32.4,Male
47964.png,60.2,Male
47965.png,23.4,Male
47968.png,52.3,Male
47973.png,27.2,Male
47977.png,25.4,Male
47979.png,9.7,Male
47986.png,17.8,Male
47988.png,16.4,Male
47992.png,56.2,Male
47996.png,48.0,Male
47999.png,57.8,Male
48004.png,36.5,Male
48005.png,44.5,Male
48010.png,6.3,Male
48015.png,78.6,Male
48016.png,50.7,Male
48018.png,6.5,Male
48026.png,26.2,Male
48029.png,12.2,Male
48030.png,65.5,Male
48033.png,7.0,Male
48049.png,52.6,Male
48050.png,42.8,Male
48052.png,42.2,Male
48056.png,27.2,Male
48059.png,53.5,Male
48060.png,27.5,Male
48062.png,44.4,Male
48066.png,53.8,Male
48067.png,16.5,Male
48068.png,31.8,Male
48072.png,55.5,Male
48076.png,8.7,Male
48080.png,19.8,Male
48081.png,51.2,Male
48085.png,55.5,Male
48089.png,38.7,Male
48094.png,43.2,Male
48096.png,20.6,Male
48099.png,27.8,Male
48110.png,28.3,Male
48114.png,44.4,Male
48117.png,49.9,Male
48118.png,26.3,Male
48125.png,58.4,Male
48128.png,18.9,Male
48131.png,53.7,Male
48139.png,27.8,Male
48140.png,28.3,Male
48142.png,17.8,Male
48145.png,55.4,Male
48147.png,36.5,Male
48148.png,62.9,Male
48159.png,22.5,Male
48161.png,3.9,Male
48163.png,18.8,Male
48167.png,7.4,Male
48169.png,29.7,Male
48170.png,56.2,Male
48174.png,63.5,Male
48176.png,11.5,Male
48177.png,30.5,Male
48182.png,7.3,Male
48187.png,32.5,Male
48193.png,36.1,Male
48196.png,37.5,Male
48200.png,19.8,Male
48213.png,51.4,Male
48216.png,38.9,Male
48222.png,26.8,Male
48224.png,33.3,Male
48226.png,38.6,Male
48230.png,56.7,Male
48235.png,30.5,Male
48237.png,45.9,Male
48241.png,7.2,Male
48244.png,43.4,Male
48249.png,49.5,Male
48253.png,58.6,Male
48258.png,55.5,Male
48265.png,26.0,Male
48266.png,6.4,Male
48268.png,5.9,Male
48270.png,23.1,Male
48272.png,56.0,Male
48273.png,55.0,Male
48274.png,45.1,Male
48280.png,27.4,Male
48281.png,37.1,Male
48283.png,34.4,Male
48290.png,5.1,Male
48299.png,41.9,Male
48305.png,14.9,Male
48308.png,25.6,Male
48309.png,51.8,Male
48310.png,33.5,Male
48311.png,37.8,Male
48317.png,58.6,Male
48318.png,20.9,Male
48319.png,27.0,Male
48323.png,30.5,Male
48330.png,10.8,Male
48331.png,40.8,Male
48333.png,53.6,Male
48342.png,30.3,Male
48343.png,32.0,Male
48348.png,30.0,Male
48349.png,48.3,Male
48350.png,48.4,Male
48351.png,9.7,Male
48353.png,24.7,Male
48354.png,39.3,Male
48356.png,19.9,Male
48362.png,18.7,Male
48368.png,25.9,Male
48371.png,25.9,Male
48373.png,62.5,Male
48374.png,55.7,Male
48380.png,64.6,Male
48382.png,36.4,Male
48390.png,57.9,Male
48393.png,27.6,Male
48394.png,45.7,Male
48395.png,38.5,Male
48404.png,7.0,Male
48409.png,47.6,Male
48414.png,53.4,Male
48415.png,28.1,Male
48418.png,8.5,Male
48422.png,24.3,Male
48423.png,19.9,Male
48424.png,61.0,Male
48433.png,65.0,Male
48434.png,58.4,Male
48435.png,44.3,Male
48436.png,36.5,Male
48439.png,62.9,Male
48442.png,42.6,Male
48443.png,15.7,Male
48448.png,49.2,Male
48449.png,28.7,Male
48453.png,28.3,Male
48460.png,29.4,Male
48466.png,18.1,Male
48467.png,5.9,Male
48469.png,50.9,Male
48471.png,32.0,Male
48473.png,7.0,Male
48480.png,59.0,Male
48487.png,30.5,Male
48488.png,32.6,Male
48492.png,17.8,Male
48497.png,53.5,Male
48499.png,35.2,Male
48502.png,40.0,Male
48503.png,67.6,Male
48504.png,35.2,Male
48506.png,53.2,Male
48516.png,35.0,Male
48520.png,26.1,Male
48522.png,27.0,Male
48524.png,51.5,Male
48526.png,41.8,Male
48527.png,33.6,Male
48530.png,25.7,Male
48535.png,46.0,Male
48545.png,57.1,Male
48546.png,37.9,Male
48549.png,11.1,Male
48551.png,25.7,Male
48554.png,33.2,Male
48559.png,37.3,Male
48564.png,49.8,Male
48566.png,45.2,Male
48567.png,19.5,Male
48569.png,55.5,Male
48570.png,20.3,Male
48571.png,24.3,Male
48589.png,28.0,Male
48590.png,34.1,Male
48593.png,20.5,Male
48599.png,32.5,Male
48600.png,27.0,Male
48604.png,20.4,Male
48605.png,33.5,Male
48606.png,9.8,Male
48608.png,54.4,Male
48611.png,1.2,Male
48613.png,9.6,Male
48614.png,56.8,Male
48619.png,40.6,Male
48621.png,1.9,Male
48622.png,48.0,Male
48623.png,5.3,Male
48625.png,8.6,Male
48626.png,45.6,Male
48627.png,27.6,Male
48629.png,28.1,Male
48630.png,33.1,Male
48631.png,37.1,Male
48636.png,20.4,Male
48637.png,49.9,Male
48653.png,54.6,Male
48655.png,3.9,Male
48658.png,68.3,Male
48660.png,52.5,Male
48662.png,50.2,Male
48663.png,46.9,Male
48674.png,12.4,Male
48679.png,7.9,Male
48680.png,40.9,Male
48683.png,27.3,Male
48688.png,28.7,Male
48689.png,52.7,Male
48690.png,62.4,Male
48697.png,49.3,Male
48698.png,47.8,Male
48702.png,16.5,Male
48704.png,47.2,Male
48705.png,51.4,Male
48710.png,54.5,Male
48714.png,52.5,Male
48717.png,26.6,Male
48718.png,52.4,Male
48719.png,34.3,Male
48722.png,57.9,Male
48725.png,3.6,Male
48730.png,63.7,Male
48732.png,3.0,Male
48738.png,19.0,Male
48740.png,22.2,Male
48741.png,23.4,Male
48745.png,63.4,Male
48752.png,45.1,Male
48754.png,33.0,Male
48760.png,33.2,Male
48773.png,45.9,Male
48774.png,13.5,Male
48777.png,27.7,Male
48780.png,19.0,Male
48784.png,36.6,Male
48790.png,39.6,Male
48795.png,26.5,Male
48799.png,11.6,Male
48804.png,15.0,Male
48806.png,53.7,Male
48808.png,45.5,Male
48809.png,16.6,Male
48815.png,46.6,Male
48816.png,29.2,Male
48819.png,56.3,Male
48822.png,36.4,Male
48823.png,29.6,Male
48824.png,61.2,Male
48825.png,9.3,Male
48829.png,71.2,Male
48840.png,36.1,Male
48843.png,14.0,Male
48846.png,32.4,Male
48855.png,43.1,Male
48859.png,25.4,Male
48863.png,15.9,Male
48864.png,36.2,Male
48865.png,31.1,Male
48866.png,27.3,Male
48867.png,19.1,Male
48869.png,64.7,Male
48870.png,49.3,Male
48878.png,18.4,Male
48880.png,7.9,Male
48884.png,52.1,Male
48887.png,38.7,Male
48891.png,44.6,Male
48892.png,21.8,Male
48896.png,30.0,Male
48903.png,10.9,Male
48904.png,61.9,Male
48905.png,26.5,Male
48906.png,43.0,Male
48908.png,30.4,Male
48909.png,25.4,Male
48913.png,45.5,Male
48915.png,3.0,Male
48916.png,38.5,Male
48918.png,47.8,Male
48920.png,27.5,Male
48924.png,56.4,Male
48927.png,50.0,Male
48929.png,33.7,Male
48931.png,59.6,Male
48932.png,31.7,Male
48936.png,60.9,Male
48940.png,30.7,Male
48944.png,61.2,Male
48952.png,33.7,Male
48953.png,63.2,Male
48959.png,43.6,Male
48963.png,58.5,Male
48967.png,5.5,Male
48971.png,19.5,Male
48973.png,15.5,Male
48974.png,54.5,Male
48977.png,37.4,Male
48979.png,59.0,Male
48994.png,40.7,Male
48997.png,22.1,Male
49002.png,45.7,Male
49005.png,18.3,Male
49006.png,23.0,Male
49008.png,37.6,Male
49009.png,16.5,Male
49012.png,2.8,Male
49015.png,48.3,Male
49017.png,50.0,Male
49025.png,7.0,Male
49034.png,13.7,Male
49036.png,43.1,Male
49042.png,38.0,Male
49045.png,20.1,Male
49047.png,62.0,Male
49049.png,39.9,Male
49050.png,40.4,Male
49051.png,47.7,Male
49052.png,27.8,Male
49054.png,12.4,Male
49055.png,66.5,Male
49060.png,32.3,Male
49061.png,9.6,Male
49063.png,22.5,Male
49068.png,18.5,Male
49074.png,4.6,Male
49081.png,70.6,Male
49082.png,54.7,Male
49089.png,21.0,Male
49090.png,33.4,Male
49091.png,27.2,Male
49105.png,50.8,Male
49106.png,42.0,Male
49112.png,41.6,Male
49113.png,29.6,Male
49114.png,30.9,Male
49121.png,25.9,Male
49125.png,32.6,Male
49127.png,12.6,Male
49130.png,35.0,Male
49131.png,23.9,Male
49140.png,1.9,Male
49146.png,19.8,Male
49147.png,52.0,Male
49151.png,34.3,Male
49154.png,57.6,Male
49155.png,23.1,Male
49157.png,25.1,Male
49160.png,49.7,Male
49166.png,15.6,Male
49170.png,59.0,Male
49171.png,53.3,Male
49174.png,74.3,Male
49175.png,45.3,Male
49177.png,6.9,Male
49183.png,59.4,Male
49185.png,36.8,Male
49189.png,50.8,Male
49192.png,65.8,Male
49194.png,5.9,Male
49197.png,36.4,Male
49200.png,37.8,Male
49201.png,51.5,Male
49207.png,47.4,Male
49208.png,46.6,Male
49209.png,67.3,Male
49212.png,28.3,Male
49219.png,58.2,Male
49220.png,27.3,Male
49221.png,29.3,Male
49227.png,22.2,Male
49236.png,10.5,Male
49239.png,47.1,Male
49241.png,32.7,Male
49250.png,37.6,Male
49253.png,30.8,Male
49259.png,18.1,Male
49260.png,32.3,Male
49265.png,14.1,Male
49271.png,58.6,Male
49273.png,37.3,Male
49275.png,23.7,Male
49277.png,6.9,Male
49278.png,61.6,Male
49279.png,27.0,Male
49280.png,16.7,Male
49284.png,55.9,Male
49290.png,62.0,Male
49291.png,57.0,Male
49292.png,25.2,Male
49298.png,25.5,Male
49300.png,48.7,Male
49308.png,50.8,Male
49310.png,62.8,Male
49319.png,32.9,Male
49321.png,29.7,Male
49324.png,24.8,Male
49326.png,50.7,Male
49327.png,33.7,Male
49332.png,55.9,Male
49343.png,49.3,Male
49345.png,36.6,Male
49351.png,25.4,Male
49352.png,63.8,Male
49355.png,61.9,Male
49356.png,13.8,Male
49359.png,53.2,Male
49362.png,8.1,Male
49369.png,24.0,Male
49372.png,41.0,Male
49375.png,16.3,Male
49377.png,37.0,Male
49379.png,26.5,Male
49380.png,32.0,Male
49391.png,7.5,Male
49393.png,33.2,Male
49394.png,38.0,Male
49397.png,31.2,Male
49398.png,22.6,Male
49401.png,28.7,Male
49404.png,58.1,Male
49408.png,43.1,Male
49411.png,46.2,Male
49412.png,32.9,Male
49415.png,31.9,Male
49417.png,34.6,Male
49418.png,6.4,Male
49421.png,59.5,Male
49422.png,31.3,Male
49424.png,4.7,Male
49425.png,54.8,Male
49431.png,26.0,Male
49434.png,23.9,Male
49436.png,37.2,Male
49440.png,24.0,Male
49441.png,29.4,Male
49444.png,31.4,Male
49446.png,43.1,Male
49449.png,33.9,Male
49452.png,46.7,Male
49454.png,21.1,Male
49456.png,30.5,Male
49464.png,36.8,Male
49465.png,34.2,Male
49469.png,59.0,Male
49474.png,25.2,Male
49479.png,10.8,Male
49482.png,31.4,Male
49487.png,19.4,Male
49496.png,7.4,Male
49498.png,51.9,Male
49501.png,29.7,Male
49507.png,31.1,Male
49508.png,43.3,Male
49509.png,46.2,Male
49510.png,9.2,Male
49514.png,37.0,Male
49516.png,24.8,Male
49518.png,32.3,Male
49522.png,25.2,Male
49526.png,47.2,Male
49528.png,55.8,Male
49531.png,61.8,Male
49533.png,1.4,Male
49534.png,51.1,Male
49535.png,30.2,Male
49542.png,38.4,Male
49556.png,51.1,Male
49559.png,42.3,Male
49560.png,26.2,Male
49563.png,29.2,Male
49570.png,33.6,Male
49572.png,8.2,Male
49584.png,33.7,Male
49592.png,39.7,Male
49595.png,24.6,Male
49598.png,46.2,Male
49601.png,31.8,Male
49602.png,65.9,Male
49604.png,43.4,Male
49610.png,13.4,Male
49613.png,34.7,Male
49615.png,38.1,Male
49620.png,14.5,Male
49628.png,31.2,Male
49634.png,21.9,Male
49638.png,4.3,Male
49640.png,52.1,Male
49650.png,27.8,Male
49655.png,9.5,Male
49663.png,62.0,Male
49664.png,14.7,Male
49666.png,21.9,Male
49668.png,51.5,Male
49672.png,38.8,Male
49674.png,28.7,Male
49681.png,35.0,Male
49682.png,29.0,Male
49688.png,45.8,Male
49689.png,24.8,Male
49691.png,35.0,Male
49692.png,67.3,Male
49695.png,34.2,Male
49700.png,17.7,Male
49701.png,32.6,Male
49710.png,5.8,Male
49712.png,28.6,Male
49716.png,10.6,Male
49719.png,21.3,Male
49724.png,64.5,Male
49725.png,48.5,Male
49727.png,21.0,Male
49729.png,14.5,Male
49732.png,48.8,Male
49734.png,36.0,Male
49735.png,52.8,Male
49739.png,21.1,Male
49742.png,59.8,Male
49749.png,4.4,Male
49752.png,4.2,Male
49756.png,42.2,Male
49767.png,32.1,Male
49774.png,47.9,Male
49781.png,47.2,Male
49785.png,5.0,Male
49786.png,42.9,Male
49787.png,70.9,Male
49790.png,26.2,Male
49792.png,54.8,Male
49797.png,27.2,Male
49803.png,4.7,Male
49807.png,28.6,Male
49808.png,59.9,Male
49809.png,5.8,Male
49811.png,63.0,Male
49816.png,33.1,Male
49823.png,20.9,Male
49825.png,43.0,Male
49827.png,31.2,Male
49828.png,17.2,Male
49832.png,41.5,Male
49834.png,25.7,Male
49840.png,30.6,Male
49842.png,42.7,Male
49844.png,35.0,Male
49845.png,49.6,Male
49853.png,14.1,Male
49856.png,35.1,Male
49857.png,37.1,Male
49861.png,52.0,Male
49866.png,58.3,Male
49868.png,42.8,Male
49872.png,3.3,Male
49873.png,3.1,Male
49882.png,51.9,Male
49886.png,22.2,Male
49894.png,28.7,Male
49895.png,4.4,Male
49899.png,2.6,Male
49903.png,27.7,Male
49914.png,22.9,Male
49921.png,51.2,Male
49923.png,35.0,Male
49925.png,25.2,Male
49930.png,25.6,Male
49931.png,39.5,Male
49934.png,33.6,Male
49939.png,23.9,Male
49941.png,14.8,Male
49947.png,34.6,Male
49948.png,34.4,Male
49950.png,3.4,Male
49955.png,52.8,Male
49958.png,5.7,Male
49959.png,29.5,Male
49966.png,33.9,Male
49968.png,22.7,Male
49969.png,54.6,Male
49972.png,22.2,Male
49976.png,49.0,Male
49980.png,29.8,Male
49982.png,48.4,Male
49986.png,61.3,Male
49987.png,22.4,Male
49989.png,35.2,Male
49992.png,15.5,Male
49993.png,61.2,Male
49994.png,20.9,Male
49996.png,58.4,Male
49998.png,26.7,Male
50001.png,73.1,Male
50002.png,36.4,Male
50004.png,31.8,Male
50006.png,37.9,Male
50010.png,28.8,Male
50012.png,53.2,Male
50014.png,20.2,Male
50019.png,36.8,Male
50023.png,56.2,Male
50026.png,38.4,Male
50032.png,62.7,Male
50039.png,1.2,Male
50040.png,55.5,Male
50047.png,36.3,Male
50052.png,14.2,Male
50058.png,4.9,Male
50067.png,35.8,Male
50070.png,69.6,Male
50072.png,10.7,Male
50079.png,38.7,Male
50082.png,72.0,Male
50084.png,5.5,Male
50087.png,67.6,Male
50096.png,41.1,Male
50098.png,55.2,Male
50099.png,9.1,Male
50104.png,32.1,Male
50109.png,35.8,Male
50111.png,5.2,Male
50118.png,61.0,Male
50122.png,53.1,Male
50123.png,30.3,Male
50125.png,3.1,Male
50126.png,58.3,Male
50129.png,45.2,Male
50132.png,63.7,Male
50133.png,25.5,Male
50134.png,32.3,Male
50135.png,13.9,Male
50137.png,36.3,Male
50140.png,40.0,Male
50144.png,33.4,Male
50145.png,57.8,Male
50146.png,64.4,Male
50150.png,43.6,Male
50151.png,34.4,Male
50152.png,30.2,Male
50157.png,46.0,Male
50160.png,10.6,Male
50164.png,24.5,Male
50165.png,35.1,Male
50172.png,2.0,Male
50173.png,33.2,Male
50174.png,42.6,Male
50176.png,56.8,Male
50181.png,21.7,Male
50191.png,12.3,Male
50193.png,17.2,Male
50194.png,32.4,Male
50196.png,20.4,Male
50197.png,24.7,Male
50202.png,24.4,Male
50205.png,28.6,Male
50206.png,48.8,Male
50209.png,1.7,Male
50213.png,21.9,Male
50222.png,72.4,Male
50224.png,24.2,Male
50236.png,43.8,Male
50242.png,44.7,Male
50246.png,5.4,Male
50262.png,53.5,Male
50264.png,59.6,Male
50265.png,56.0,Male
50269.png,33.5,Male
50272.png,4.9,Male
50275.png,7.8,Male
50277.png,49.3,Male
50279.png,38.5,Male
50283.png,7.1,Male
50293.png,55.3,Male
50294.png,29.8,Male
50296.png,52.4,Male
50298.png,41.2,Male
50299.png,45.0,Male
50307.png,63.9,Male
50309.png,33.4,Male
50311.png,3.5,Male
50317.png,51.8,Male
50321.png,19.0,Male
50322.png,67.9,Male
50323.png,29.9,Male
50324.png,63.2,Male
50326.png,50.0,Male
50328.png,11.2,Male
50330.png,22.8,Male
50335.png,21.6,Male
50336.png,19.3,Male
50338.png,21.0,Male
50340.png,43.8,Male
50342.png,22.9,Male
50343.png,36.4,Male
50344.png,60.2,Male
50350.png,43.8,Male
50351.png,2.6,Male
50353.png,28.1,Male
50354.png,41.6,Male
50356.png,38.1,Male
50357.png,27.3,Male
50361.png,36.9,Male
50367.png,43.9,Male
50369.png,18.8,Male
50371.png,41.1,Male
50374.png,48.5,Male
50377.png,41.8,Male
50379.png,21.1,Male
50386.png,42.9,Male
50387.png,23.9,Male
50390.png,48.8,Male
50393.png,48.6,Male
50394.png,47.0,Male
50407.png,57.2,Male
50409.png,45.2,Male
50413.png,26.6,Male
50418.png,35.6,Male
50422.png,69.7,Male
50425.png,60.3,Male
50429.png,52.0,Male
50430.png,24.5,Male
50432.png,8.8,Male
50434.png,7.2,Male
50436.png,10.9,Male
50437.png,39.5,Male
50439.png,61.0,Male
50444.png,36.0,Male
50446.png,57.3,Male
50449.png,55.0,Male
50465.png,60.9,Male
50466.png,45.9,Male
50469.png,34.9,Male
50470.png,44.7,Male
50475.png,44.9,Male
50488.png,33.2,Male
50493.png,48.1,Male
50494.png,41.0,Male
50499.png,35.6,Male
50504.png,38.1,Male
50506.png,2.1,Male
50507.png,5.3,Male
50510.png,53.5,Male
50512.png,11.5,Male
50523.png,26.2,Male
50532.png,29.7,Male
50536.png,28.8,Male
50538.png,50.0,Male
50540.png,60.0,Male
50546.png,49.3,Male
50548.png,29.9,Male
50551.png,43.8,Male
50556.png,49.0,Male
50570.png,49.3,Male
50572.png,5.9,Male
50576.png,7.3,Male
50577.png,30.5,Male
50578.png,36.8,Male
50579.png,4.3,Male
50585.png,59.4,Male
50589.png,35.7,Male
50593.png,19.3,Male
50600.png,43.3,Male
50604.png,39.0,Male
50606.png,2.3,Male
50608.png,10.2,Male
50609.png,42.9,Male
50615.png,64.4,Male
50624.png,23.7,Male
50625.png,41.5,Male
50630.png,51.8,Male
50631.png,61.2,Male
50635.png,31.8,Male
50639.png,17.4,Male
50641.png,29.8,Male
50648.png,26.1,Male
50650.png,34.8,Male
50662.png,32.9,Male
50666.png,50.8,Male
50667.png,63.0,Male
50674.png,50.2,Male
50678.png,63.7,Male
50680.png,23.7,Male
50685.png,35.1,Male
50692.png,57.5,Male
50694.png,7.1,Male
50700.png,38.4,Male
50701.png,20.5,Male
50703.png,6.8,Male
50706.png,12.0,Male
50709.png,25.0,Male
50711.png,2.2,Male
50718.png,6.9,Male
50720.png,22.0,Male
50723.png,46.6,Male
50728.png,28.7,Male
50737.png,36.9,Male
50738.png,23.2,Male
50741.png,26.8,Male
50747.png,8.4,Male
50749.png,33.7,Male
50752.png,29.4,Male
50755.png,53.4,Male
50760.png,14.6,Male
50764.png,15.7,Male
50768.png,8.5,Male
50773.png,39.8,Male
50777.png,37.7,Male
50778.png,26.9,Male
50779.png,37.0,Male
50780.png,40.5,Male
50783.png,57.7,Male
50784.png,22.6,Male
50785.png,45.7,Male
50788.png,7.8,Male
50789.png,30.2,Male
50793.png,38.5,Male
50797.png,31.2,Male
50800.png,65.2,Male
50801.png,61.3,Male
50805.png,78.7,Male
50806.png,51.8,Male
50807.png,13.1,Male
50816.png,20.3,Male
50818.png,56.7,Male
50822.png,45.4,Male
50829.png,70.8,Male
50831.png,11.3,Male
50836.png,61.8,Male
50837.png,54.4,Male
50840.png,26.3,Male
50841.png,63.4,Male
50842.png,51.2,Male
50845.png,27.0,Male
50847.png,43.3,Male
50849.png,41.5,Male
50859.png,61.7,Male
50860.png,52.0,Male
50864.png,34.9,Male
50867.png,44.1,Male
50868.png,14.1,Male
50870.png,20.0,Male
50871.png,45.2,Male
50873.png,64.1,Male
50875.png,17.7,Male
50879.png,23.4,Male
50882.png,37.0,Male
50885.png,26.4,Male
50888.png,34.5,Male
50890.png,59.1,Male
50891.png,24.9,Male
50900.png,53.2,Male
50903.png,67.5,Male
50905.png,71.2,Male
50907.png,40.3,Male
50910.png,37.6,Male
50911.png,30.7,Male
50913.png,47.9,Male
50915.png,62.3,Male
50916.png,14.8,Male
50917.png,4.9,Male
50921.png,58.4,Male
50922.png,48.3,Male
50930.png,47.3,Male
50933.png,30.5,Male
50934.png,30.2,Male
50939.png,27.4,Male
50940.png,29.5,Male
50950.png,38.0,Male
50956.png,39.6,Male
50957.png,23.1,Male
50960.png,36.9,Male
50961.png,23.2,Male
50965.png,33.7,Male
50966.png,46.6,Male
50967.png,50.5,Male
50968.png,48.3,Male
50969.png,26.6,Male
50972.png,23.1,Male
50978.png,57.6,Male
50986.png,23.4,Male
50987.png,13.3,Male
50990.png,3.8,Male
50992.png,34.8,Male
50995.png,29.0,Male
50997.png,4.0,Male
50998.png,22.4,Male
51000.png,34.4,Male
51003.png,28.3,Male
51005.png,24.6,Male
51007.png,47.6,Male
51011.png,11.8,Male
51014.png,50.5,Male
51018.png,35.9,Male
51023.png,31.7,Male
51024.png,46.8,Male
51031.png,34.2,Male
51039.png,22.3,Male
51043.png,32.0,Male
51047.png,19.7,Male
51049.png,43.1,Male
51050.png,53.0,Male
51052.png,24.7,Male
51060.png,37.2,Male
51061.png,37.8,Male
51062.png,12.1,Male
51067.png,45.0,Male
51068.png,28.9,Male
51076.png,30.1,Male
51081.png,19.2,Male
51088.png,5.9,Male
51091.png,2.4,Male
51097.png,31.0,Male
51098.png,20.2,Male
51100.png,39.2,Male
51102.png,32.9,Male
51107.png,26.7,Male
51109.png,28.7,Male
51110.png,26.7,Male
51111.png,81.0,Male
51115.png,34.6,Male
51116.png,6.8,Male
51117.png,36.5,Male
51126.png,17.9,Male
51127.png,28.1,Male
51131.png,49.5,Male
51136.png,35.6,Male
51138.png,13.4,Male
51142.png,52.5,Male
51150.png,65.9,Male
51157.png,40.7,Male
51166.png,51.3,Male
51167.png,29.4,Male
51170.png,60.4,Male
51171.png,50.3,Male
51172.png,56.0,Male
51173.png,37.9,Male
51177.png,33.4,Male
51181.png,46.6,Male
51183.png,57.2,Male
51195.png,42.6,Male
51196.png,2.9,Male
51197.png,31.4,Male
51199.png,27.7,Male
51201.png,33.8,Male
51202.png,19.2,Male
51206.png,22.9,Male
51207.png,56.6,Male
51208.png,31.1,Male
51210.png,24.3,Male
51211.png,26.8,Male
51213.png,28.4,Male
51214.png,11.4,Male
51216.png,10.5,Male
51218.png,43.2,Male
51219.png,4.6,Male
51221.png,32.7,Male
51222.png,62.7,Male
51224.png,29.7,Male
51228.png,19.3,Male
51229.png,6.9,Male
51231.png,6.8,Male
51234.png,42.9,Male
51238.png,30.6,Male
51239.png,4.2,Male
51248.png,1.5,Male
51249.png,46.0,Male
51252.png,70.5,Male
51257.png,48.8,Male
51259.png,36.6,Male
51260.png,72.6,Male
51262.png,35.8,Male
51265.png,44.4,Male
51266.png,44.6,Male
51269.png,6.5,Male
51270.png,5.4,Male
51273.png,30.7,Male
51277.png,27.4,Male
51280.png,31.7,Male
51287.png,69.8,Male
51290.png,37.7,Male
51292.png,3.5,Male
51296.png,57.8,Male
51298.png,22.1,Male
51299.png,42.4,Male
51303.png,12.1,Male
51316.png,32.6,Male
51327.png,30.2,Male
51328.png,20.8,Male
51331.png,8.8,Male
51337.png,1.4,Male
51345.png,18.8,Male
51346.png,12.3,Male
51347.png,48.4,Male
51348.png,24.8,Male
51352.png,32.4,Male
51355.png,34.1,Male
51361.png,36.9,Male
51364.png,3.6,Male
51366.png,33.1,Male
51368.png,31.6,Male
51369.png,31.3,Male
51374.png,34.1,Male
51378.png,45.3,Male
51381.png,27.4,Male
51390.png,3.5,Male
51393.png,60.1,Male
51402.png,22.1,Male
51407.png,3.1,Male
51410.png,50.6,Male
51417.png,34.8,Male
51418.png,5.2,Male
51432.png,7.2,Male
51435.png,37.3,Male
51445.png,49.0,Male
51451.png,35.3,Male
51456.png,50.4,Male
51462.png,42.1,Male
51463.png,20.3,Male
51466.png,42.4,Male
51468.png,11.8,Male
51472.png,48.2,Male
51483.png,9.2,Male
51485.png,51.8,Male
51487.png,50.2,Male
51488.png,26.8,Male
51491.png,53.0,Male
51495.png,31.4,Male
51496.png,35.8,Male
51497.png,44.8,Male
51498.png,66.6,Male
51502.png,60.1,Male
51505.png,76.8,Male
51508.png,23.8,Male
51509.png,38.7,Male
51514.png,48.3,Male
51516.png,22.8,Male
51518.png,47.8,Male
51520.png,60.1,Male
51521.png,50.0,Male
51522.png,21.2,Male
51534.png,48.8,Male
51543.png,10.2,Male
51544.png,46.4,Male
51546.png,24.7,Male
51552.png,33.5,Male
51554.png,35.9,Male
51556.png,47.2,Male
51558.png,39.7,Male
51559.png,2.4,Male
51561.png,6.0,Male
51562.png,42.0,Male
51563.png,13.9,Male
51573.png,45.4,Male
51574.png,34.7,Male
51576.png,36.1,Male
51577.png,58.4,Male
51582.png,9.5,Male
51583.png,19.3,Male
51592.png,55.3,Male
51593.png,5.3,Male
51595.png,7.7,Male
51597.png,3.0,Male
51605.png,3.0,Male
51608.png,31.7,Male
51612.png,36.8,Male
51615.png,6.0,Male
51616.png,7.7,Male
51622.png,69.2,Male
51629.png,31.4,Male
51633.png,19.6,Male
51642.png,61.4,Male
51645.png,42.2,Male
51648.png,62.9,Male
51651.png,58.2,Male
51653.png,59.8,Male
51657.png,59.5,Male
51662.png,10.4,Male
51664.png,13.9,Male
51666.png,8.6,Male
51668.png,64.5,Male
51673.png,27.0,Male
51677.png,30.5,Male
51684.png,13.7,Male
51687.png,12.7,Male
51688.png,51.0,Male
51693.png,55.9,Male
51694.png,19.9,Male
51697.png,36.0,Male
51698.png,60.0,Male
51707.png,60.8,Male
51710.png,28.7,Male
51711.png,82.5,Male
51712.png,68.0,Male
51713.png,44.9,Male
51716.png,57.4,Male
51717.png,17.3,Male
51721.png,55.3,Male
51724.png,51.0,Male
51727.png,34.4,Male
51729.png,1.5,Male
51733.png,18.1,Male
51736.png,26.3,Male
51740.png,28.6,Male
51744.png,52.1,Male
51745.png,25.9,Male
51747.png,28.0,Male
51748.png,62.6,Male
51758.png,8.7,Male
51761.png,4.2,Male
51764.png,30.1,Male
51768.png,63.6,Male
51769.png,29.1,Male
51773.png,48.6,Male
51775.png,11.3,Male
51781.png,4.8,Male
51788.png,56.1,Male
51790.png,36.4,Male
51792.png,13.2,Male
51798.png,37.7,Male
51805.png,35.7,Male
51807.png,57.5,Male
51813.png,41.7,Male
51814.png,64.7,Male
51815.png,53.6,Male
51820.png,1.9,Male
51825.png,33.0,Male
51833.png,75.9,Male
51834.png,40.5,Male
51838.png,38.4,Male
51841.png,14.1,Male
51842.png,11.5,Male
51843.png,40.4,Male
51849.png,40.3,Male
51850.png,16.8,Male
51851.png,18.0,Male
51853.png,9.3,Male
51856.png,31.8,Male
51857.png,46.1,Male
51864.png,25.9,Male
51871.png,39.5,Male
51873.png,58.3,Male
51876.png,25.1,Male
51877.png,34.9,Male
51879.png,66.9,Male
51881.png,53.6,Male
51887.png,70.2,Male
51891.png,34.6,Male
51897.png,42.9,Male
51902.png,48.2,Male
51903.png,60.3,Male
51908.png,57.9,Male
51910.png,40.1,Male
51911.png,55.7,Male
51915.png,36.9,Male
51928.png,21.9,Male
51932.png,20.0,Male
51934.png,60.2,Male
51935.png,32.1,Male
51936.png,32.6,Male
51944.png,22.9,Male
51948.png,31.8,Male
51949.png,32.1,Male
51950.png,23.0,Male
51951.png,21.0,Male
51952.png,2.2,Male
51955.png,4.1,Male
51960.png,63.3,Male
51961.png,4.5,Male
51964.png,43.2,Male
51968.png,28.1,Male
51976.png,26.0,Male
51987.png,44.5,Male
51989.png,30.7,Male
51990.png,50.3,Male
51992.png,13.2,Male
51996.png,6.0,Male
51997.png,51.5,Male
52003.png,58.8,Male
52004.png,41.9,Male
52007.png,30.8,Male
52011.png,37.3,Male
52021.png,49.0,Male
52022.png,48.1,Male
52026.png,22.0,Male
52028.png,32.3,Male
52032.png,9.0,Male
52034.png,8.7,Male
52035.png,9.5,Male
52037.png,31.5,Male
52041.png,38.5,Male
52044.png,42.5,Male
52045.png,29.9,Male
52047.png,15.4,Male
52048.png,35.9,Male
52052.png,54.3,Male
52055.png,43.9,Male
52059.png,46.3,Male
52069.png,49.2,Male
52072.png,31.7,Male
52076.png,24.3,Male
52081.png,58.6,Male
52082.png,49.6,Male
52089.png,35.8,Male
52095.png,8.6,Male
52096.png,34.4,Male
52098.png,12.0,Male
52099.png,9.6,Male
52100.png,27.0,Male
52101.png,3.0,Male
52103.png,63.3,Male
52106.png,17.9,Male
52108.png,20.4,Male
52111.png,39.3,Male
52120.png,45.6,Male
52122.png,49.3,Male
52126.png,67.2,Male
52127.png,61.7,Male
52129.png,54.3,Male
52138.png,30.0,Male
52142.png,28.7,Male
52144.png,27.7,Male
52148.png,6.4,Male
52149.png,13.0,Male
52150.png,43.3,Male
52151.png,38.9,Male
52153.png,63.7,Male
52157.png,34.9,Male
52158.png,21.4,Male
52162.png,63.2,Male
52163.png,16.3,Male
52165.png,52.9,Male
52166.png,48.2,Male
52171.png,32.2,Male
52178.png,24.4,Male
52180.png,34.4,Male
52183.png,27.2,Male
52184.png,35.6,Male
52185.png,21.6,Male
52186.png,42.3,Male
52187.png,24.8,Male
52190.png,7.4,Male
52193.png,28.4,Male
52194.png,49.5,Male
52196.png,34.5,Male
52198.png,69.2,Male
52205.png,4.0,Male
52206.png,39.5,Male
52213.png,37.7,Male
52215.png,35.8,Male
52218.png,46.5,Male
52219.png,62.1,Male
52220.png,32.5,Male
52222.png,57.6,Male
52227.png,21.6,Male
52228.png,40.3,Male
52231.png,64.9,Male
52232.png,20.5,Male
52235.png,42.2,Male
52244.png,6.8,Male
52250.png,84.2,Male
52254.png,37.0,Male
52255.png,6.5,Male
52257.png,1.8,Male
52260.png,14.8,Male
52262.png,55.6,Male
52264.png,26.6,Male
52274.png,51.6,Male
52279.png,12.7,Male
52282.png,48.9,Male
52284.png,22.7,Male
52286.png,19.5,Male
52288.png,32.8,Male
52296.png,23.9,Male
52297.png,29.7,Male
52310.png,38.1,Male
52312.png,26.9,Male
52317.png,65.9,Male
52321.png,27.8,Male
52322.png,6.6,Male
52326.png,25.0,Male
52328.png,60.5,Male
52329.png,10.1,Male
52330.png,2.6,Male
52334.png,25.4,Male
52336.png,6.1,Male
52341.png,8.7,Male
52342.png,1.8,Male
52344.png,20.7,Male
52345.png,29.6,Male
52350.png,20.8,Male
52352.png,33.5,Male
52354.png,56.7,Male
52378.png,37.9,Male
52383.png,69.8,Male
52385.png,23.4,Male
52386.png,54.6,Male
52390.png,52.9,Male
52402.png,35.3,Male
52403.png,41.5,Male
52404.png,28.8,Male
52409.png,43.1,Male
52412.png,9.4,Male
52413.png,52.6,Male
52421.png,49.7,Male
52425.png,32.2,Male
52431.png,17.2,Male
52435.png,52.3,Male
52436.png,40.0,Male
52437.png,33.6,Male
52439.png,44.3,Male
52442.png,57.8,Male
52445.png,5.8,Male
52450.png,61.1,Male
52453.png,15.2,Male
52455.png,40.4,Male
52456.png,9.9,Male
52459.png,54.2,Male
52461.png,24.5,Male
52468.png,8.6,Male
52469.png,12.5,Male
52473.png,61.8,Male
52481.png,44.3,Male
52487.png,37.7,Male
52488.png,47.0,Male
52489.png,51.8,Male
52502.png,26.8,Male
52505.png,39.3,Male
52506.png,36.4,Male
52508.png,44.2,Male
52509.png,20.2,Male
52510.png,39.9,Male
52513.png,39.5,Male
52515.png,65.6,Male
52517.png,3.8,Male
52521.png,16.7,Male
52525.png,28.7,Male
52527.png,73.5,Male
52530.png,59.9,Male
52531.png,24.8,Male
52534.png,38.6,Male
52535.png,2.6,Male
52538.png,61.1,Male
52540.png,17.6,Male
52542.png,52.6,Male
52543.png,68.1,Male
52545.png,36.0,Male
52548.png,5.4,Male
52550.png,48.8,Male
52551.png,30.1,Male
52552.png,25.4,Male
52564.png,4.0,Male
52565.png,43.8,Male
52572.png,56.6,Male
52575.png,31.7,Male
52579.png,40.6,Male
52581.png,21.3,Male
52590.png,26.1,Male
52595.png,11.8,Male
52596.png,39.6,Male
52597.png,43.6,Male
52598.png,11.7,Male
52600.png,45.0,Male
52601.png,32.8,Male
52602.png,51.9,Male
52609.png,46.7,Male
52610.png,6.9,Male
52615.png,48.8,Male
52617.png,74.9,Male
52618.png,40.3,Male
52620.png,31.4,Male
52621.png,65.1,Male
52623.png,15.1,Male
52628.png,21.5,Male
52632.png,42.0,Male
52640.png,46.8,Male
52642.png,2.2,Male
52645.png,22.7,Male
52649.png,56.2,Male
52652.png,10.3,Male
52654.png,42.8,Male
52655.png,5.4,Male
52662.png,48.3,Male
52663.png,37.2,Male
52664.png,57.3,Male
52665.png,32.0,Male
52674.png,40.7,Male
52684.png,61.9,Male
52685.png,34.2,Male
52691.png,6.1,Male
52692.png,11.3,Male
52694.png,38.7,Male
52698.png,30.0,Male
52699.png,64.6,Male
52705.png,67.3,Male
52708.png,17.3,Male
52709.png,21.8,Male
52716.png,33.0,Male
52719.png,9.5,Male
52720.png,47.8,Male
52721.png,42.7,Male
52725.png,61.7,Male
52727.png,42.6,Male
52730.png,38.0,Male
52732.png,74.7,Male
52742.png,36.1,Male
52743.png,76.1,Male
52748.png,5.8,Male
52750.png,37.6,Male
52751.png,52.2,Male
52755.png,25.2,Male
52757.png,1.7,Male
52761.png,43.0,Male
52766.png,21.8,Male
52772.png,37.6,Male
52776.png,40.7,Male
52777.png,62.6,Male
52781.png,52.6,Male
52782.png,43.8,Male
52789.png,30.7,Male
52793.png,44.0,Male
52797.png,39.2,Male
52799.png,28.2,Male
52802.png,26.2,Male
52803.png,51.7,Male
52813.png,23.0,Male
52814.png,33.8,Male
52818.png,37.3,Male
52819.png,59.0,Male
52822.png,8.8,Male
52837.png,37.4,Male
52844.png,29.1,Male
52847.png,27.2,Male
52850.png,45.6,Male
52852.png,21.8,Male
52853.png,22.2,Male
52855.png,18.9,Male
52857.png,29.6,Male
52858.png,35.2,Male
52860.png,1.0,Male
52862.png,17.5,Male
52870.png,57.5,Male
52872.png,57.7,Male
52873.png,44.8,Male
52876.png,33.1,Male
52879.png,42.0,Male
52891.png,34.2,Male
52892.png,48.7,Male
52894.png,22.0,Male
52907.png,38.9,Male
52909.png,9.6,Male
52915.png,37.6,Male
52923.png,50.1,Male
52928.png,25.9,Male
52931.png,30.1,Male
52939.png,25.1,Male
52941.png,5.8,Male
52944.png,43.4,Male
52947.png,50.0,Male
52948.png,10.5,Male
52952.png,32.3,Male
52953.png,52.4,Male
52956.png,53.3,Male
52963.png,18.1,Male
52965.png,31.2,Male
52970.png,65.2,Male
52972.png,60.2,Male
52976.png,21.6,Male
52978.png,23.0,Male
52980.png,25.2,Male
52984.png,37.3,Male
52989.png,30.7,Male
52990.png,25.4,Male
52994.png,43.5,Male
53004.png,3.6,Male
53005.png,71.9,Male
53008.png,25.2,Male
53010.png,48.9,Male
53011.png,9.8,Male
53015.png,26.2,Male
53019.png,38.2,Male
53021.png,49.8,Male
53022.png,13.5,Male
53025.png,52.9,Male
53026.png,40.7,Male
53031.png,34.9,Male
53032.png,38.3,Male
53033.png,20.1,Male
53036.png,25.5,Male
53045.png,49.2,Male
53046.png,20.5,Male
53054.png,2.0,Male
53060.png,21.7,Male
53062.png,39.1,Male
53066.png,33.1,Male
53067.png,50.1,Male
53071.png,17.1,Male
53075.png,63.8,Male
53082.png,37.6,Male
53083.png,33.7,Male
53087.png,34.6,Male
53088.png,42.0,Male
53090.png,19.3,Male
53093.png,61.0,Male
53095.png,45.2,Male
53096.png,52.9,Male
53097.png,63.1,Male
53101.png,39.6,Male
53104.png,23.0,Male
53108.png,6.4,Male
53110.png,38.1,Male
53113.png,41.7,Male
53117.png,17.7,Male
53120.png,15.3,Male
53125.png,29.6,Male
53127.png,54.6,Male
53131.png,42.0,Male
53138.png,47.1,Male
53143.png,33.9,Male
53145.png,59.5,Male
53148.png,3.6,Male
53150.png,6.6,Male
53154.png,32.5,Male
53155.png,60.7,Male
53166.png,39.8,Male
53170.png,58.7,Male
53171.png,5.8,Male
53174.png,53.1,Male
53180.png,25.7,Male
53183.png,33.2,Male
53188.png,30.8,Male
53191.png,37.6,Male
53194.png,52.7,Male
53197.png,57.8,Male
53201.png,16.4,Male
53205.png,53.8,Male
53213.png,43.2,Male
53218.png,55.7,Male
53219.png,32.8,Male
53223.png,4.2,Male
53225.png,25.7,Male
53227.png,27.1,Male
53228.png,56.1,Male
53230.png,0.9,Male
53231.png,19.7,Male
53234.png,28.7,Male
53240.png,61.8,Male
53242.png,30.9,Male
53245.png,41.5,Male
53248.png,60.9,Male
53253.png,23.3,Male
53258.png,26.6,Male
53260.png,72.3,Male
53261.png,2.2,Male
53264.png,50.2,Male
53265.png,50.9,Male
53266.png,28.9,Male
53267.png,26.0,Male
53269.png,27.1,Male
53271.png,55.4,Male
53272.png,61.2,Male
53282.png,32.2,Male
53284.png,36.0,Male
53285.png,54.3,Male
53290.png,19.0,Male
53296.png,33.5,Male
53297.png,33.4,Male
53300.png,35.9,Male
53307.png,4.8,Male
53311.png,59.6,Male
53313.png,36.4,Male
53317.png,31.4,Male
53329.png,50.9,Male
53330.png,54.4,Male
53334.png,27.0,Male
53336.png,25.3,Male
53346.png,32.9,Male
53347.png,47.6,Male
53354.png,35.9,Male
53356.png,70.7,Male
53363.png,4.2,Male
53364.png,60.5,Male
53367.png,21.7,Male
53368.png,36.1,Male
53370.png,29.9,Male
53371.png,31.8,Male
53372.png,20.3,Male
53378.png,17.9,Male
53382.png,68.2,Male
53383.png,24.0,Male
53385.png,48.0,Male
53390.png,43.4,Male
53396.png,51.8,Male
53398.png,7.6,Male
53404.png,45.7,Male
53406.png,48.3,Male
53408.png,39.0,Male
53411.png,30.1,Male
53413.png,58.8,Male
53419.png,60.1,Male
53420.png,32.2,Male
53421.png,26.7,Male
53422.png,32.4,Male
53424.png,34.3,Male
53427.png,3.4,Male
53429.png,22.1,Male
53430.png,2.5,Male
53432.png,6.6,Male
53435.png,8.4,Male
53444.png,29.5,Male
53449.png,38.4,Male
53453.png,9.6,Male
53454.png,35.4,Male
53465.png,27.0,Male
53476.png,49.4,Male
53477.png,9.1,Male
53480.png,32.1,Male
53483.png,9.6,Male
53492.png,35.6,Male
53495.png,32.8,Male
53500.png,23.6,Male
53501.png,53.2,Male
53504.png,40.3,Male
53511.png,26.7,Male
53515.png,27.4,Male
53516.png,30.4,Male
53522.png,68.7,Male
53523.png,30.1,Male
53526.png,56.0,Male
53528.png,43.5,Male
53529.png,49.1,Male
53533.png,58.8,Male
53541.png,73.9,Male
53543.png,35.9,Male
53545.png,33.6,Male
53546.png,20.5,Male
53547.png,55.5,Male
53549.png,48.9,Male
53554.png,4.8,Male
53555.png,69.3,Male
53556.png,57.3,Male
53557.png,38.4,Male
53558.png,33.2,Male
53562.png,55.0,Male
53564.png,15.3,Male
53578.png,30.9,Male
53580.png,5.8,Male
53581.png,4.3,Male
53588.png,41.3,Male
53591.png,45.3,Male
53592.png,40.5,Male
53602.png,65.2,Male
53605.png,6.5,Male
53609.png,61.1,Male
53612.png,35.3,Male
53613.png,5.6,Male
53626.png,31.1,Male
53627.png,57.0,Male
53633.png,23.5,Male
53635.png,21.8,Male
53636.png,7.8,Male
53641.png,34.0,Male
53643.png,33.6,Male
53645.png,3.3,Male
53648.png,44.1,Male
53665.png,7.3,Male
53668.png,46.5,Male
53669.png,31.7,Male
53674.png,47.4,Male
53686.png,36.7,Male
53690.png,69.2,Male
53697.png,36.2,Male
53704.png,57.9,Male
53706.png,45.2,Male
53707.png,9.6,Male
53713.png,70.4,Male
53714.png,36.1,Male
53716.png,26.9,Male
53717.png,73.7,Male
53721.png,50.4,Male
53723.png,31.5,Male
53727.png,36.7,Male
53728.png,53.4,Male
53729.png,46.0,Male
53736.png,41.2,Male
53740.png,35.2,Male
53744.png,51.2,Male
53752.png,7.7,Male
53754.png,27.8,Male
53759.png,49.0,Male
53763.png,9.9,Male
53768.png,31.9,Male
53773.png,57.8,Male
53778.png,52.8,Male
53780.png,23.3,Male
53781.png,11.2,Male
53787.png,32.9,Male
53788.png,26.0,Male
53790.png,69.2,Male
53799.png,27.2,Male
53806.png,19.5,Male
53813.png,63.9,Male
53819.png,35.8,Male
53833.png,26.0,Male
53835.png,46.2,Male
53836.png,44.0,Male
53840.png,49.0,Male
53841.png,58.6,Male
53843.png,47.8,Male
53845.png,27.2,Male
53848.png,39.6,Male
53849.png,34.6,Male
53852.png,26.9,Male
53855.png,57.7,Male
53856.png,9.2,Male
53857.png,32.2,Male
53860.png,40.4,Male
53862.png,1.8,Male
53864.png,56.0,Male
53873.png,27.2,Male
53883.png,3.7,Male
53884.png,10.0,Male
53885.png,48.5,Male
53887.png,19.7,Male
53888.png,32.3,Male
53895.png,69.0,Male
53898.png,34.6,Male
53900.png,21.2,Male
53903.png,27.1,Male
53907.png,70.9,Male
53908.png,41.4,Male
53914.png,27.0,Male
53935.png,6.9,Male
53939.png,29.9,Male
53941.png,23.7,Male
53947.png,54.0,Male
53948.png,42.6,Male
53950.png,45.5,Male
53952.png,11.6,Male
53955.png,28.8,Male
53961.png,26.7,Male
53963.png,15.6,Male
53964.png,37.8,Male
53967.png,36.4,Male
53970.png,30.6,Male
53976.png,25.0,Male
53983.png,62.3,Male
53988.png,58.4,Male
53992.png,55.1,Male
53993.png,36.5,Male
54000.png,60.5,Male
54002.png,41.0,Male
54003.png,26.8,Male
54005.png,24.4,Male
54008.png,40.6,Male
54017.png,38.9,Male
54018.png,37.6,Male
54020.png,23.2,Male
54028.png,50.6,Male
54029.png,4.1,Male
54036.png,32.0,Male
54038.png,34.2,Male
54040.png,30.9,Male
54044.png,63.3,Male
54046.png,78.9,Male
54048.png,57.0,Male
54053.png,12.7,Male
54055.png,2.1,Male
54057.png,21.4,Male
54059.png,41.8,Male
54076.png,9.2,Male
54079.png,59.8,Male
54085.png,22.4,Male
54086.png,53.2,Male
54087.png,40.5,Male
54090.png,41.5,Male
54099.png,38.9,Male
54104.png,72.8,Male
54106.png,25.6,Male
54109.png,6.4,Male
54116.png,37.9,Male
54118.png,38.4,Male
54120.png,36.1,Male
54124.png,66.4,Male
54125.png,69.1,Male
54127.png,51.4,Male
54129.png,12.6,Male
54135.png,3.9,Male
54138.png,44.0,Male
54140.png,45.8,Male
54141.png,52.2,Male
54146.png,47.0,Male
54149.png,7.2,Male
54154.png,6.1,Male
54158.png,33.8,Male
54159.png,26.1,Male
54160.png,5.5,Male
54162.png,52.9,Male
54165.png,4.8,Male
54166.png,50.7,Male
54167.png,7.7,Male
54169.png,3.0,Male
54171.png,33.4,Male
54172.png,35.7,Male
54179.png,64.9,Male
54184.png,17.1,Male
54185.png,50.0,Male
54186.png,26.3,Male
54187.png,31.5,Male
54190.png,31.7,Male
54199.png,8.2,Male
54201.png,60.6,Male
54203.png,40.6,Male
54206.png,17.4,Male
54209.png,50.7,Male
54214.png,51.9,Male
54216.png,32.5,Male
54224.png,32.0,Male
54225.png,20.3,Male
54230.png,21.3,Male
54232.png,46.5,Male
54233.png,32.6,Male
54234.png,11.3,Male
54238.png,49.2,Male
54239.png,52.4,Male
54246.png,23.5,Male
54253.png,40.0,Male
54254.png,35.5,Male
54256.png,54.1,Male
54257.png,61.7,Male
54261.png,48.8,Male
54262.png,34.7,Male
54264.png,40.4,Male
54266.png,22.4,Male
54269.png,21.6,Male
54270.png,59.9,Male
54276.png,25.9,Male
54277.png,24.0,Male
54278.png,55.7,Male
54285.png,26.0,Male
54287.png,61.8,Male
54289.png,45.6,Male
54293.png,5.5,Male
54301.png,53.5,Male
54304.png,47.6,Male
54305.png,69.6,Male
54306.png,48.9,Male
54321.png,42.8,Male
54322.png,49.1,Male
54325.png,27.0,Male
54328.png,51.9,Male
54331.png,36.4,Male
54332.png,19.6,Male
54336.png,13.5,Male
54339.png,3.2,Male
54344.png,18.0,Male
54346.png,62.9,Male
54356.png,18.8,Male
54357.png,25.8,Male
54358.png,11.2,Male
54369.png,4.4,Male
54377.png,46.9,Male
54378.png,60.5,Male
54379.png,16.2,Male
54380.png,44.6,Male
54381.png,9.4,Male
54385.png,2.7,Male
54386.png,38.8,Male
54387.png,42.3,Male
54396.png,52.0,Male
54397.png,32.1,Male
54401.png,45.4,Male
54404.png,61.3,Male
54405.png,53.3,Male
54411.png,46.1,Male
54415.png,26.4,Male
54419.png,46.8,Male
54432.png,54.5,Male
54443.png,55.9,Male
54444.png,75.7,Male
54446.png,35.3,Male
54450.png,36.0,Male
54451.png,13.1,Male
54454.png,31.5,Male
54459.png,39.2,Male
54460.png,4.8,Male
54461.png,41.0,Male
54462.png,23.2,Male
54464.png,47.8,Male
54470.png,26.4,Male
54471.png,32.9,Male
54474.png,69.8,Male
54476.png,25.4,Male
54477.png,63.8,Male
54478.png,57.3,Male
54484.png,55.4,Male
54488.png,54.9,Male
54493.png,37.4,Male
54496.png,53.1,Male
54499.png,32.3,Male
54502.png,33.7,Male
54505.png,31.2,Male
54507.png,23.3,Male
54511.png,32.3,Male
54516.png,23.0,Male
54519.png,55.9,Male
54521.png,64.3,Male
54522.png,56.2,Male
54523.png,41.8,Male
54524.png,35.1,Male
54525.png,50.1,Male
54529.png,50.4,Male
54536.png,38.0,Male
54548.png,1.3,Male
54555.png,45.2,Male
54557.png,53.8,Male
54558.png,48.2,Male
54559.png,42.2,Male
54565.png,57.6,Male
54566.png,5.6,Male
54568.png,11.9,Male
54571.png,26.1,Male
54572.png,65.4,Male
54575.png,54.9,Male
54577.png,51.7,Male
54580.png,47.5,Male
54590.png,42.0,Male
54592.png,21.6,Male
54594.png,28.8,Male
54596.png,61.0,Male
54600.png,30.8,Male
54602.png,59.9,Male
54607.png,68.7,Male
54624.png,4.4,Male
54627.png,36.7,Male
54635.png,34.8,Male
54636.png,37.8,Male
54638.png,62.1,Male
54643.png,72.8,Male
54645.png,25.7,Male
54646.png,28.5,Male
54649.png,29.6,Male
54650.png,53.2,Male
54651.png,52.1,Male
54657.png,23.8,Male
54664.png,34.3,Male
54668.png,32.3,Male
54673.png,19.0,Male
54675.png,29.9,Male
54677.png,13.9,Male
54680.png,38.2,Male
54687.png,35.3,Male
54689.png,53.4,Male
54695.png,49.3,Male
54698.png,29.8,Male
54700.png,5.3,Male
54702.png,40.2,Male
54719.png,28.8,Male
54720.png,56.1,Male
54723.png,58.2,Male
54725.png,33.0,Male
54731.png,57.7,Male
54732.png,30.2,Male
54734.png,5.7,Male
54746.png,63.8,Male
54747.png,2.6,Male
54749.png,65.0,Male
54752.png,39.4,Male
54753.png,6.5,Male
54758.png,28.2,Male
54767.png,19.2,Male
54771.png,42.2,Male
54773.png,54.4,Male
54778.png,61.6,Male
54784.png,28.2,Male
54786.png,26.2,Male
54790.png,47.8,Male
54797.png,16.6,Male
54798.png,33.8,Male
54801.png,31.3,Male
54803.png,13.4,Male
54805.png,32.8,Male
54807.png,34.1,Male
54808.png,40.1,Male
54811.png,3.9,Male
54815.png,14.5,Male
54817.png,22.5,Male
54819.png,66.8,Male
54820.png,63.5,Male
54823.png,32.6,Male
54827.png,25.8,Male
54828.png,28.5,Male
54831.png,60.8,Male
54835.png,40.7,Male
54837.png,66.8,Male
54839.png,42.3,Male
54842.png,54.7,Male
54859.png,53.2,Male
54862.png,32.8,Male
54869.png,30.5,Male
54870.png,31.9,Male
54874.png,53.0,Male
54875.png,25.1,Male
54876.png,24.8,Male
54877.png,33.0,Male
54879.png,38.4,Male
54884.png,27.2,Male
54890.png,67.1,Male
54891.png,29.8,Male
54896.png,16.7,Male
54899.png,24.5,Male
54912.png,39.0,Male
54914.png,28.1,Male
54916.png,30.7,Male
54919.png,62.8,Male
54920.png,36.9,Male
54921.png,21.2,Male
54924.png,68.1,Male
54927.png,24.5,Male
54929.png,10.2,Male
54931.png,18.2,Male
54932.png,31.0,Male
54935.png,36.6,Male
54936.png,12.2,Male
54938.png,2.9,Male
54947.png,58.6,Male
54948.png,35.2,Male
54949.png,5.9,Male
54950.png,4.9,Male
54955.png,27.2,Male
54957.png,32.8,Male
54959.png,7.2,Male
54967.png,66.8,Male
54982.png,64.0,Male
54986.png,45.7,Male
54987.png,53.3,Male
54994.png,64.4,Male
54995.png,46.6,Male
54997.png,33.8,Male
55003.png,49.8,Male
55004.png,54.6,Male
55008.png,2.8,Male
55009.png,23.0,Male
55010.png,64.4,Male
55013.png,19.5,Male
55014.png,64.8,Male
55020.png,31.0,Male
55021.png,30.2,Male
55022.png,73.1,Male
55023.png,40.3,Male
55026.png,31.9,Male
55027.png,68.8,Male
55028.png,52.4,Male
55032.png,43.3,Male
55033.png,56.0,Male
55034.png,9.4,Male
55038.png,66.9,Male
55048.png,34.3,Male
55050.png,39.2,Male
55052.png,22.5,Male
55057.png,32.4,Male
55058.png,49.2,Male
55067.png,34.4,Male
55069.png,24.5,Male
55072.png,42.6,Male
55073.png,10.1,Male
55079.png,1.4,Male
55082.png,38.3,Male
55087.png,17.4,Male
55096.png,40.6,Male
55097.png,24.1,Male
55103.png,36.6,Male
55108.png,30.4,Male
55112.png,13.6,Male
55114.png,34.2,Male
55116.png,34.5,Male
55130.png,33.2,Male
55132.png,23.0,Male
55134.png,50.0,Male
55137.png,20.9,Male
55138.png,54.7,Male
55139.png,12.7,Male
55144.png,56.6,Male
55145.png,13.9,Male
55146.png,43.1,Male
55150.png,10.6,Male
55163.png,61.6,Male
55164.png,20.1,Male
55170.png,65.3,Male
55176.png,34.4,Male
55179.png,59.0,Male
55182.png,46.1,Male
55183.png,25.3,Male
55184.png,62.8,Male
55188.png,32.4,Male
55191.png,52.6,Male
55193.png,34.7,Male
55194.png,29.9,Male
55199.png,25.2,Male
55203.png,23.8,Male
55210.png,30.4,Male
55212.png,40.2,Male
55213.png,26.8,Male
55215.png,40.0,Male
55217.png,32.7,Male
55218.png,51.3,Male
55220.png,22.5,Male
55234.png,4.0,Male
55236.png,7.9,Male
55241.png,43.2,Male
55249.png,35.1,Male
55255.png,51.3,Male
55259.png,66.1,Male
55264.png,56.1,Male
55269.png,61.5,Male
55270.png,17.2,Male
55275.png,7.9,Male
55277.png,31.1,Male
55278.png,2.9,Male
55279.png,34.1,Male
55280.png,46.1,Male
55288.png,59.0,Male
55289.png,27.1,Male
55290.png,18.6,Male
55291.png,64.5,Male
55293.png,57.8,Male
55296.png,40.4,Male
55299.png,41.2,Male
55301.png,6.8,Male
55302.png,45.9,Male
55304.png,48.8,Male
55307.png,59.4,Male
55311.png,57.7,Male
55312.png,10.5,Male
55314.png,48.7,Male
55315.png,28.6,Male
55320.png,40.3,Male
55323.png,17.9,Male
55328.png,21.1,Male
55333.png,20.4,Male
55336.png,46.2,Male
55341.png,41.0,Male
55343.png,9.2,Male
55344.png,33.2,Male
55345.png,46.7,Male
55352.png,56.7,Male
55353.png,51.4,Male
55358.png,31.0,Male
55359.png,57.4,Male
55360.png,57.7,Male
55363.png,57.1,Male
55369.png,14.3,Male
55372.png,8.8,Male
55374.png,61.4,Male
55375.png,23.5,Male
55376.png,34.5,Male
55381.png,15.1,Male
55382.png,46.8,Male
55386.png,47.7,Male
55389.png,2.8,Male
55392.png,51.9,Male
55403.png,24.0,Male
55404.png,37.7,Male
55407.png,28.4,Male
55410.png,22.5,Male
55422.png,59.7,Male
55423.png,25.5,Male
55426.png,20.1,Male
55428.png,38.0,Male
55433.png,40.5,Male
55434.png,42.3,Male
55435.png,39.4,Male
55436.png,47.0,Male
55438.png,65.7,Male
55441.png,41.3,Male
55442.png,10.4,Male
55444.png,72.1,Male
55448.png,46.3,Male
55450.png,48.3,Male
55452.png,46.1,Male
55455.png,53.8,Male
55460.png,4.5,Male
55461.png,66.7,Male
55464.png,46.5,Male
55465.png,2.7,Male
55466.png,62.2,Male
55468.png,54.6,Male
55473.png,14.4,Male
55475.png,13.4,Male
55476.png,53.5,Male
55477.png,62.1,Male
55478.png,55.1,Male
55480.png,6.1,Male
55481.png,48.5,Male
55492.png,40.3,Male
55496.png,16.3,Male
55498.png,37.8,Male
55505.png,41.7,Male
55508.png,31.4,Male
55511.png,54.6,Male
55514.png,28.1,Male
55515.png,24.5,Male
55517.png,9.5,Male
55518.png,30.2,Male
55519.png,30.8,Male
55520.png,66.3,Male
55524.png,38.8,Male
55529.png,38.0,Male
55531.png,21.5,Male
55534.png,52.5,Male
55535.png,59.1,Male
55540.png,25.8,Male
55542.png,26.7,Male
55545.png,35.2,Male
55549.png,41.5,Male
55550.png,72.6,Male
55552.png,60.0,Male
55554.png,38.8,Male
55556.png,54.2,Male
55559.png,64.2,Male
55567.png,20.9,Male
55572.png,25.0,Male
55576.png,44.9,Male
55579.png,20.5,Male
55583.png,30.2,Male
55584.png,36.2,Male
55586.png,30.0,Male
55590.png,43.7,Male
55591.png,6.1,Male
55592.png,34.0,Male
55598.png,33.1,Male
55601.png,49.7,Male
55603.png,34.2,Male
55611.png,33.9,Male
55615.png,30.7,Male
55636.png,43.6,Male
55638.png,22.3,Male
55640.png,56.3,Male
55641.png,54.1,Male
55652.png,37.8,Male
55665.png,69.9,Male
55666.png,22.5,Male
55667.png,59.0,Male
55675.png,41.0,Male
55680.png,34.3,Male
55681.png,35.0,Male
55683.png,23.3,Male
55685.png,14.3,Male
55686.png,33.5,Male
55687.png,8.7,Male
55690.png,33.2,Male
55694.png,22.2,Male
55702.png,26.2,Male
55703.png,39.7,Male
55704.png,63.6,Male
55708.png,19.3,Male
55716.png,50.0,Male
55723.png,45.4,Male
55724.png,29.8,Male
55725.png,36.2,Male
55727.png,64.8,Male
55731.png,33.7,Male
55735.png,57.8,Male
55737.png,43.4,Male
55739.png,37.1,Male
55744.png,44.8,Male
55750.png,33.7,Male
55752.png,11.2,Male
55758.png,58.3,Male
55760.png,67.8,Male
55765.png,38.0,Male
55767.png,56.3,Male
55769.png,55.8,Male
55770.png,49.9,Male
55771.png,7.5,Male
55779.png,41.2,Male
55782.png,18.5,Male
55784.png,13.5,Male
55785.png,7.8,Male
55789.png,30.7,Male
55795.png,54.2,Male
55796.png,40.8,Male
55797.png,51.5,Male
55798.png,59.4,Male
55799.png,55.2,Male
55800.png,37.1,Male
55810.png,60.7,Male
55816.png,14.0,Male
55822.png,47.3,Male
55823.png,22.3,Male
55824.png,9.6,Male
55827.png,41.4,Male
55830.png,42.3,Male
55836.png,55.5,Male
55838.png,18.4,Male
55839.png,47.1,Male
55846.png,49.5,Male
55850.png,55.5,Male
55851.png,40.1,Male
55856.png,15.7,Male
55858.png,31.2,Male
55862.png,30.4,Male
55864.png,58.7,Male
55868.png,28.7,Male
55869.png,26.2,Male
55872.png,21.2,Male
55876.png,55.6,Male
55878.png,53.5,Male
55882.png,60.2,Male
55884.png,22.1,Male
55885.png,19.3,Male
55888.png,23.7,Male
55895.png,33.6,Male
55897.png,20.6,Male
55898.png,38.1,Male
55902.png,34.7,Male
55904.png,3.7,Male
55905.png,27.8,Male
55910.png,41.2,Male
55914.png,47.8,Male
55918.png,21.3,Male
55919.png,8.5,Male
55923.png,25.2,Male
55927.png,29.3,Male
55932.png,17.7,Male
55933.png,68.0,Male
55935.png,43.0,Male
55936.png,26.6,Male
55944.png,43.2,Male
55945.png,25.9,Male
55950.png,41.7,Male
55956.png,29.9,Male
55965.png,7.9,Male
55974.png,34.3,Male
55977.png,56.8,Male
55980.png,6.2,Male
55981.png,36.0,Male
55982.png,34.5,Male
55983.png,51.0,Male
55985.png,6.6,Male
55987.png,8.5,Male
55994.png,50.6,Male
55996.png,29.9,Male
56000.png,65.2,Male
56003.png,10.1,Male
56010.png,34.9,Male
56011.png,14.7,Male
56012.png,52.4,Male
56019.png,4.6,Male
56020.png,19.5,Male
56027.png,68.7,Male
56032.png,6.2,Male
56033.png,32.5,Male
56034.png,22.1,Male
56039.png,33.1,Male
56040.png,41.6,Male
56047.png,34.0,Male
56051.png,29.1,Male
56055.png,52.3,Male
56057.png,34.5,Male
56059.png,45.2,Male
56060.png,26.9,Male
56062.png,15.5,Male
56063.png,43.0,Male
56068.png,35.8,Male
56069.png,79.3,Male
56072.png,52.2,Male
56083.png,23.3,Male
56084.png,10.5,Male
56087.png,44.1,Male
56088.png,38.1,Male
56093.png,46.1,Male
56102.png,37.7,Male
56112.png,26.7,Male
56113.png,34.2,Male
56114.png,31.8,Male
56118.png,58.1,Male
56120.png,31.4,Male
56122.png,43.7,Male
56133.png,22.3,Male
56139.png,35.7,Male
56143.png,14.4,Male
56148.png,6.1,Male
56149.png,51.8,Male
56151.png,36.9,Male
56152.png,55.0,Male
56155.png,31.6,Male
56160.png,30.1,Male
56164.png,1.7,Male
56165.png,25.3,Male
56167.png,53.6,Male
56168.png,41.3,Male
56169.png,48.1,Male
56173.png,21.1,Male
56175.png,27.4,Male
56178.png,42.8,Male
56179.png,2.5,Male
56181.png,4.5,Male
56186.png,46.5,Male
56189.png,40.0,Male
56197.png,41.5,Male
56202.png,66.4,Male
56206.png,10.3,Male
56207.png,47.6,Male
56217.png,59.9,Male
56219.png,52.5,Male
56221.png,31.2,Male
56223.png,57.3,Male
56224.png,37.3,Male
56229.png,29.2,Male
56233.png,5.8,Male
56234.png,35.6,Male
56238.png,29.7,Male
56243.png,58.3,Male
56244.png,45.0,Male
56250.png,9.2,Male
56260.png,29.4,Male
56261.png,38.6,Male
56264.png,49.6,Male
56267.png,33.2,Male
56270.png,48.6,Male
56272.png,61.4,Male
56277.png,53.8,Male
56280.png,54.1,Male
56283.png,5.6,Male
56289.png,62.5,Male
56293.png,6.7,Male
56295.png,53.6,Male
56299.png,15.2,Male
56300.png,18.2,Male
56302.png,6.5,Male
56314.png,7.5,Male
56317.png,23.3,Male
56319.png,41.5,Male
56321.png,2.5,Male
56324.png,17.6,Male
56328.png,29.8,Male
56333.png,38.2,Male
56335.png,68.1,Male
56343.png,49.1,Male
56344.png,15.3,Male
56346.png,2.9,Male
56347.png,60.3,Male
56349.png,57.8,Male
56355.png,6.6,Male
56357.png,16.1,Male
56360.png,33.7,Male
56362.png,24.9,Male
56363.png,33.1,Male
56369.png,32.4,Male
56370.png,2.0,Male
56371.png,58.4,Male
56372.png,48.8,Male
56373.png,25.6,Male
56374.png,29.6,Male
56375.png,45.4,Male
56385.png,23.4,Male
56387.png,30.0,Male
56392.png,60.9,Male
56401.png,39.1,Male
56403.png,28.8,Male
56408.png,39.5,Male
56411.png,52.8,Male
56414.png,54.2,Male
56418.png,44.6,Male
56419.png,80.0,Male
56420.png,64.2,Male
56431.png,46.1,Male
56436.png,79.1,Male
56438.png,19.4,Male
56440.png,39.1,Male
56441.png,1.4,Male
56442.png,3.4,Male
56446.png,75.8,Male
56450.png,31.0,Male
56455.png,46.5,Male
56464.png,60.9,Male
56466.png,28.9,Male
56468.png,37.7,Male
56469.png,66.2,Male
56472.png,47.1,Male
56477.png,46.2,Male
56479.png,68.0,Male
56482.png,44.6,Male
56485.png,30.9,Male
56489.png,56.7,Male
56498.png,27.6,Male
56503.png,63.6,Male
56505.png,56.8,Male
56511.png,18.8,Male
56512.png,26.1,Male
56521.png,63.7,Male
56523.png,49.0,Male
56524.png,23.0,Male
56525.png,46.1,Male
56531.png,11.0,Male
56532.png,23.8,Male
56533.png,5.5,Male
56534.png,16.4,Male
56536.png,70.1,Male
56547.png,66.8,Male
56550.png,36.4,Male
56552.png,55.1,Male
56554.png,47.0,Male
56555.png,61.6,Male
56557.png,57.4,Male
56559.png,28.2,Male
56572.png,2.3,Male
56573.png,52.4,Male
56582.png,52.9,Male
56585.png,24.0,Male
56588.png,30.0,Male
56594.png,24.3,Male
56595.png,23.7,Male
56596.png,4.7,Male
56599.png,28.5,Male
56602.png,52.6,Male
56603.png,26.7,Male
56606.png,31.3,Male
56614.png,47.5,Male
56615.png,49.8,Male
56616.png,45.6,Male
56618.png,70.9,Male
56621.png,53.3,Male
56622.png,42.3,Male
56623.png,34.7,Male
56625.png,34.1,Male
56626.png,3.1,Male
56629.png,34.6,Male
56633.png,72.1,Male
56640.png,24.9,Male
56645.png,52.7,Male
56648.png,58.6,Male
56649.png,47.3,Male
56651.png,32.4,Male
56657.png,50.8,Male
56669.png,26.7,Male
56670.png,29.5,Male
56675.png,36.3,Male
56685.png,30.0,Male
56686.png,20.2,Male
56687.png,30.6,Male
56688.png,69.7,Male
56689.png,37.8,Male
56694.png,68.3,Male
56704.png,4.1,Male
56720.png,17.8,Male
56729.png,18.5,Male
56731.png,24.1,Male
56732.png,40.8,Male
56734.png,30.1,Male
56735.png,40.3,Male
56742.png,43.8,Male
56744.png,33.1,Male
56747.png,47.8,Male
56750.png,31.6,Male
56757.png,35.8,Male
56769.png,62.5,Male
56773.png,24.5,Male
56774.png,62.2,Male
56784.png,34.8,Male
56788.png,10.7,Male
56792.png,24.7,Male
56803.png,14.6,Male
56804.png,30.5,Male
56807.png,35.7,Male
56810.png,62.5,Male
56811.png,26.3,Male
56813.png,22.0,Male
56814.png,56.6,Male
56815.png,4.7,Male
56822.png,13.4,Male
56828.png,47.9,Male
56836.png,40.8,Male
56840.png,4.3,Male
56841.png,33.0,Male
56847.png,50.7,Male
56848.png,24.9,Male
56849.png,42.7,Male
56850.png,12.6,Male
56854.png,5.3,Male
56858.png,28.1,Male
56859.png,39.9,Male
56861.png,3.8,Male
56862.png,65.1,Male
56864.png,51.2,Male
56866.png,41.5,Male
56868.png,22.9,Male
56872.png,36.6,Male
56873.png,7.7,Male
56880.png,38.6,Male
56881.png,45.5,Male
56892.png,64.7,Male
56893.png,54.0,Male
56894.png,35.0,Male
56895.png,8.1,Male
56899.png,32.6,Male
56904.png,28.7,Male
56906.png,12.1,Male
56909.png,31.5,Male
56911.png,43.2,Male
56917.png,49.4,Male
56919.png,48.4,Male
56925.png,26.4,Male
56927.png,8.7,Male
56928.png,52.2,Male
56935.png,16.0,Male
56939.png,36.2,Male
56948.png,55.2,Male
56949.png,49.0,Male
56958.png,22.5,Male
56959.png,55.3,Male
56963.png,50.0,Male
56966.png,8.2,Male
56967.png,2.2,Male
56973.png,32.8,Male
56975.png,46.0,Male
56980.png,51.7,Male
56981.png,1.5,Male
56982.png,20.6,Male
56985.png,56.0,Male
56987.png,58.7,Male
56989.png,29.1,Male
56996.png,49.0,Male
57001.png,64.6,Male
57002.png,53.6,Male
57004.png,74.7,Male
57008.png,4.9,Male
57012.png,49.3,Male
57013.png,30.9,Male
57014.png,8.0,Male
57028.png,34.2,Male
57030.png,34.6,Male
57031.png,28.6,Male
57033.png,37.8,Male
57034.png,24.9,Male
57036.png,47.5,Male
57037.png,57.5,Male
57041.png,17.9,Male
57043.png,33.7,Male
57045.png,42.5,Male
57047.png,29.3,Male
57050.png,10.4,Male
57052.png,62.3,Male
57060.png,4.5,Male
57061.png,28.0,Male
57062.png,54.1,Male
57064.png,15.5,Male
57065.png,26.5,Male
57067.png,14.7,Male
57068.png,26.4,Male
57070.png,31.5,Male
57071.png,47.4,Male
57074.png,34.4,Male
57079.png,31.4,Male
57080.png,43.6,Male
57086.png,29.7,Male
57091.png,52.9,Male
57098.png,50.1,Male
57104.png,22.2,Male
57105.png,37.9,Male
57106.png,9.0,Male
57113.png,47.2,Male
57117.png,19.9,Male
57119.png,33.3,Male
57121.png,68.6,Male
57123.png,58.7,Male
57125.png,40.3,Male
57127.png,38.1,Male
57129.png,44.3,Male
57131.png,60.3,Male
57132.png,69.4,Male
57133.png,33.1,Male
57135.png,34.8,Male
57137.png,17.3,Male
57140.png,17.7,Male
57146.png,31.9,Male
57154.png,24.2,Male
57155.png,57.9,Male
57156.png,53.9,Male
57162.png,42.3,Male
57163.png,20.4,Male
57164.png,42.7,Male
57166.png,69.0,Male
57168.png,32.5,Male
57171.png,49.2,Male
57172.png,35.9,Male
57176.png,33.4,Male
57177.png,37.8,Male
57178.png,33.4,Male
57185.png,31.5,Male
57186.png,40.0,Male
57191.png,52.0,Male
57199.png,17.0,Male
57202.png,68.6,Male
57203.png,66.1,Male
57208.png,52.4,Male
57215.png,39.4,Male
57216.png,4.4,Male
57219.png,39.8,Male
57224.png,10.7,Male
57232.png,1.4,Male
57233.png,1.8,Male
57240.png,40.6,Male
57243.png,32.6,Male
57250.png,59.2,Male
57253.png,51.2,Male
57261.png,24.6,Male
57264.png,53.5,Male
57269.png,23.0,Male
57270.png,1.9,Male
57271.png,19.6,Male
57272.png,28.8,Male
57273.png,38.8,Male
57280.png,6.9,Male
57284.png,61.8,Male
57288.png,12.1,Male
57290.png,27.9,Male
57292.png,36.4,Male
57301.png,51.6,Male
57302.png,43.8,Male
57305.png,57.4,Male
57310.png,4.8,Male
57321.png,8.4,Male
57325.png,32.4,Male
57331.png,17.5,Male
57333.png,40.6,Male
57337.png,38.3,Male
57340.png,31.0,Male
57342.png,32.7,Male
57343.png,38.4,Male
57344.png,23.8,Male
57345.png,77.7,Male
57348.png,49.6,Male
57349.png,19.9,Male
57350.png,40.6,Male
57357.png,40.1,Male
57361.png,9.5,Male
57365.png,38.7,Male
57366.png,9.1,Male
57367.png,29.0,Male
57372.png,8.9,Male
57373.png,17.9,Male
57375.png,58.7,Male
57376.png,32.5,Male
57377.png,40.5,Male
57379.png,16.6,Male
57386.png,43.4,Male
57389.png,50.0,Male
57392.png,62.8,Male
57397.png,30.1,Male
57400.png,20.5,Male
57403.png,23.3,Male
57407.png,34.4,Male
57414.png,3.7,Male
57417.png,60.1,Male
57422.png,25.7,Male
57423.png,29.0,Male
57424.png,29.9,Male
57425.png,31.0,Male
57426.png,58.7,Male
57429.png,36.4,Male
57430.png,44.0,Male
57431.png,40.4,Male
57432.png,30.7,Male
57433.png,3.9,Male
57438.png,3.2,Male
57443.png,52.8,Male
57445.png,19.5,Male
57451.png,41.0,Male
57456.png,43.1,Male
57458.png,34.1,Male
57460.png,69.5,Male
57461.png,25.9,Male
57464.png,28.9,Male
57469.png,33.0,Male
57477.png,40.1,Male
57478.png,70.9,Male
57481.png,10.2,Male
57482.png,57.8,Male
57484.png,29.3,Male
57486.png,16.1,Male
57496.png,35.8,Male
57498.png,33.9,Male
57503.png,39.4,Male
57513.png,29.7,Male
57520.png,13.1,Male
57523.png,44.6,Male
57524.png,19.7,Male
57528.png,42.2,Male
57529.png,4.5,Male
57534.png,34.2,Male
57535.png,30.6,Male
57536.png,31.9,Male
57537.png,65.5,Male
57541.png,30.1,Male
57542.png,23.2,Male
57544.png,57.0,Male
57549.png,52.9,Male
57554.png,56.0,Male
57557.png,10.3,Male
57560.png,39.1,Male
57564.png,46.1,Male
57565.png,25.4,Male
57571.png,33.5,Male
57577.png,57.8,Male
57579.png,49.1,Male
57583.png,26.1,Male
57586.png,18.8,Male
57587.png,41.0,Male
57595.png,26.7,Male
57602.png,22.2,Male
57603.png,35.5,Male
57610.png,20.5,Male
57613.png,36.5,Male
57616.png,78.5,Male
57619.png,32.2,Male
57621.png,6.2,Male
57624.png,27.0,Male
57627.png,4.8,Male
57630.png,29.9,Male
57637.png,26.0,Male
57640.png,21.2,Male
57646.png,34.3,Male
57653.png,60.5,Male
57654.png,32.4,Male
57658.png,36.9,Male
57659.png,55.7,Male
57667.png,73.0,Male
57668.png,29.3,Male
57670.png,55.5,Male
57674.png,31.5,Male
57675.png,23.9,Male
57676.png,21.0,Male
57677.png,43.2,Male
57682.png,30.9,Male
57684.png,18.2,Male
57685.png,21.5,Male
57690.png,48.7,Male
57691.png,17.9,Male
57695.png,9.4,Male
57700.png,20.3,Male
57703.png,50.8,Male
57708.png,35.0,Male
57711.png,28.9,Male
57712.png,31.3,Male
57717.png,26.8,Male
57718.png,29.7,Male
57725.png,2.5,Male
57726.png,40.6,Male
57729.png,65.0,Male
57732.png,24.2,Male
57733.png,45.8,Male
57741.png,12.0,Male
57742.png,36.5,Male
57746.png,55.0,Male
57747.png,44.6,Male
57748.png,42.8,Male
57749.png,38.4,Male
57756.png,24.2,Male
57757.png,16.8,Male
57761.png,49.8,Male
57763.png,44.9,Male
57764.png,15.8,Male
57767.png,38.8,Male
57779.png,33.1,Male
57780.png,8.4,Male
57788.png,46.1,Male
57794.png,51.5,Male
57799.png,60.0,Male
57805.png,43.6,Male
57807.png,39.1,Male
57811.png,51.0,Male
57816.png,51.6,Male
57817.png,54.9,Male
57831.png,13.2,Male
57839.png,11.0,Male
57840.png,41.7,Male
57847.png,24.3,Male
57850.png,59.5,Male
57852.png,33.8,Male
57855.png,37.7,Male
57870.png,48.6,Male
57872.png,18.5,Male
57873.png,31.7,Male
57878.png,52.3,Male
57883.png,25.5,Male
57887.png,61.3,Male
57892.png,42.7,Male
57896.png,19.3,Male
57898.png,54.6,Male
57905.png,12.7,Male
57912.png,34.9,Male
57915.png,25.5,Male
57917.png,9.8,Male
57918.png,28.6,Male
57920.png,24.6,Male
57923.png,21.3,Male
57924.png,39.5,Male
57925.png,2.6,Male
57927.png,51.9,Male
57932.png,58.6,Male
57933.png,37.7,Male
57936.png,31.9,Male
57939.png,24.9,Male
57941.png,45.3,Male
57944.png,28.8,Male
57947.png,59.7,Male
57952.png,62.4,Male
57954.png,48.6,Male
57958.png,68.4,Male
57960.png,29.0,Male
57961.png,62.0,Male
57963.png,28.6,Male
57965.png,6.8,Male
57967.png,23.8,Male
57973.png,8.3,Male
57978.png,25.0,Male
57979.png,55.7,Male
57981.png,3.5,Male
57983.png,68.5,Male
57984.png,48.3,Male
57986.png,49.9,Male
57997.png,20.3,Male
57999.png,26.8,Male
58001.png,25.6,Male
58002.png,26.3,Male
58004.png,55.4,Male
58006.png,53.7,Male
58007.png,57.9,Male
58008.png,41.4,Male
58009.png,20.7,Male
58014.png,51.2,Male
58017.png,6.7,Male
58024.png,61.0,Male
58028.png,53.1,Male
58034.png,38.1,Male
58036.png,4.6,Male
58040.png,16.1,Male
58041.png,68.3,Male
58045.png,46.9,Male
58051.png,39.7,Male
58057.png,58.5,Male
58058.png,20.4,Male
58059.png,27.9,Male
58062.png,51.8,Male
58065.png,42.7,Male
58066.png,73.4,Male
58073.png,43.4,Male
58077.png,46.0,Male
58079.png,7.4,Male
58082.png,59.6,Male
58085.png,25.8,Male
58089.png,22.2,Male
58090.png,49.1,Male
58103.png,11.4,Male
58106.png,36.0,Male
58114.png,1.9,Male
58115.png,53.3,Male
58117.png,27.5,Male
58118.png,83.0,Male
58121.png,59.1,Male
58124.png,35.9,Male
58135.png,15.7,Male
58138.png,41.4,Male
58143.png,40.7,Male
58148.png,46.4,Male
58149.png,15.9,Male
58150.png,24.8,Male
58153.png,25.2,Male
58160.png,57.1,Male
58166.png,25.8,Male
58168.png,41.4,Male
58170.png,50.2,Male
58171.png,35.5,Male
58172.png,60.1,Male
58176.png,33.8,Male
58177.png,65.2,Male
58181.png,55.4,Male
58183.png,52.8,Male
58186.png,29.7,Male
58188.png,30.1,Male
58189.png,54.6,Male
58190.png,33.0,Male
58191.png,30.3,Male
58192.png,54.1,Male
58194.png,61.7,Male
58198.png,45.8,Male
58205.png,48.8,Male
58207.png,24.2,Male
58209.png,38.3,Male
58213.png,52.4,Male
58214.png,24.0,Male
58220.png,4.9,Male
58222.png,24.6,Male
58223.png,2.6,Male
58224.png,30.3,Male
58226.png,41.8,Male
58236.png,23.7,Male
58237.png,23.3,Male
58238.png,53.9,Male
58239.png,42.3,Male
58240.png,10.8,Male
58246.png,24.0,Male
58249.png,25.2,Male
58252.png,22.5,Male
58255.png,24.3,Male
58258.png,39.2,Male
58262.png,7.6,Male
58271.png,7.6,Male
58273.png,24.4,Male
58277.png,26.9,Male
58283.png,31.4,Male
58284.png,36.0,Male
58286.png,26.4,Male
58287.png,41.0,Male
58288.png,48.1,Male
58292.png,6.8,Male
58297.png,47.1,Male
58302.png,52.0,Male
58303.png,34.8,Male
58304.png,14.5,Male
58306.png,28.8,Male
58313.png,60.5,Male
58314.png,25.3,Male
58316.png,15.9,Male
58328.png,39.6,Male
58333.png,46.8,Male
58334.png,35.4,Male
58335.png,21.4,Male
58336.png,40.5,Male
58340.png,26.2,Male
58341.png,59.9,Male
58342.png,25.9,Male
58349.png,51.2,Male
58350.png,19.2,Male
58351.png,53.4,Male
58355.png,42.2,Male
58360.png,4.9,Male
58361.png,36.4,Male
58365.png,27.0,Male
58368.png,51.4,Male
58369.png,20.4,Male
58373.png,48.7,Male
58385.png,44.6,Male
58387.png,17.0,Male
58390.png,41.0,Male
58394.png,41.0,Male
58398.png,56.9,Male
58400.png,23.4,Male
58402.png,14.4,Male
58407.png,41.5,Male
58412.png,59.3,Male
58414.png,7.5,Male
58422.png,4.0,Male
58427.png,62.1,Male
58428.png,33.4,Male
58429.png,42.7,Male
58436.png,64.4,Male
58437.png,7.3,Male
58442.png,64.9,Male
58446.png,45.7,Male
58447.png,38.6,Male
58449.png,9.9,Male
58450.png,60.7,Male
58454.png,56.9,Male
58455.png,49.6,Male
58459.png,30.4,Male
58465.png,39.6,Male
58467.png,7.9,Male
58468.png,54.9,Male
58470.png,52.6,Male
58471.png,3.3,Male
58473.png,5.3,Male
58478.png,22.8,Male
58479.png,37.8,Male
58482.png,6.5,Male
58487.png,35.8,Male
58491.png,52.9,Male
58493.png,39.7,Male
58495.png,19.1,Male
58502.png,40.9,Male
58511.png,9.4,Male
58515.png,21.4,Male
58517.png,21.5,Male
58520.png,38.0,Male
58522.png,31.8,Male
58525.png,49.3,Male
58529.png,41.0,Male
58536.png,21.7,Male
58538.png,57.4,Male
58540.png,71.4,Male
58541.png,24.3,Male
58543.png,55.7,Male
58547.png,1.4,Male
58549.png,63.0,Male
58552.png,45.5,Male
58554.png,46.0,Male
58556.png,57.6,Male
58559.png,33.4,Male
58560.png,4.5,Male
58564.png,30.5,Male
58565.png,32.3,Male
58566.png,9.1,Male
58580.png,22.4,Male
58591.png,41.9,Male
58598.png,64.2,Male
58599.png,49.4,Male
58600.png,12.4,Male
58606.png,36.0,Male
58610.png,56.2,Male
58611.png,9.7,Male
58618.png,8.3,Male
58619.png,52.0,Male
58626.png,49.0,Male
58632.png,44.6,Male
58642.png,5.0,Male
58645.png,9.3,Male
58648.png,30.1,Male
58652.png,33.7,Male
58653.png,21.9,Male
58654.png,45.7,Male
58665.png,31.5,Male
58672.png,52.7,Male
58673.png,4.1,Male
58688.png,27.9,Male
58694.png,49.6,Male
58696.png,40.9,Male
58697.png,16.4,Male
58707.png,48.1,Male
58711.png,20.4,Male
58718.png,44.7,Male
58723.png,55.8,Male
58733.png,22.7,Male
58738.png,25.6,Male
58743.png,44.2,Male
58745.png,53.2,Male
58748.png,19.9,Male
58751.png,11.7,Male
58755.png,44.9,Male
58756.png,44.1,Male
58762.png,7.1,Male
58767.png,50.4,Male
58775.png,19.7,Male
58776.png,1.6,Male
58779.png,53.1,Male
58781.png,33.0,Male
58783.png,62.8,Male
58785.png,37.1,Male
58790.png,1.9,Male
58792.png,52.7,Male
58794.png,24.6,Male
58796.png,50.2,Male
58799.png,35.4,Male
58800.png,59.4,Male
58802.png,36.0,Male
58803.png,34.1,Male
58805.png,7.1,Male
58811.png,26.8,Male
58816.png,36.8,Male
58820.png,42.9,Male
58827.png,72.7,Male
58828.png,10.2,Male
58830.png,19.9,Male
58832.png,34.7,Male
58833.png,22.6,Male
58837.png,10.0,Male
58838.png,60.2,Male
58839.png,34.0,Male
58840.png,34.7,Male
58841.png,31.8,Male
58842.png,43.7,Male
58847.png,35.8,Male
58849.png,51.1,Male
58851.png,9.5,Male
58854.png,69.2,Male
58856.png,3.5,Male
58857.png,79.8,Male
58859.png,21.1,Male
58860.png,59.6,Male
58861.png,39.5,Male
58868.png,5.4,Male
58873.png,29.2,Male
58877.png,19.5,Male
58878.png,55.8,Male
58884.png,30.5,Male
58886.png,39.7,Male
58887.png,4.3,Male
58891.png,22.3,Male
58893.png,37.6,Male
58894.png,54.3,Male
58896.png,28.5,Male
58900.png,24.7,Male
58901.png,32.1,Male
58903.png,22.4,Male
58904.png,60.4,Male
58905.png,42.1,Male
58911.png,41.9,Male
58912.png,57.7,Male
58914.png,34.1,Male
58917.png,6.5,Male
58918.png,67.3,Male
58920.png,6.5,Male
58925.png,5.5,Male
58926.png,27.7,Male
58929.png,17.3,Male
58931.png,44.9,Male
58932.png,16.5,Male
58935.png,6.9,Male
58939.png,47.0,Male
58944.png,27.3,Male
58947.png,32.3,Male
58950.png,32.2,Male
58953.png,7.4,Male
58954.png,41.0,Male
58959.png,32.5,Male
58961.png,32.7,Male
58963.png,25.1,Male
58965.png,31.3,Male
58972.png,10.1,Male
58973.png,24.0,Male
58974.png,33.0,Male
58975.png,52.9,Male
58978.png,57.6,Male
58979.png,26.5,Male
58988.png,35.2,Male
58990.png,27.7,Male
58991.png,28.6,Male
58994.png,27.1,Male
58997.png,66.6,Male
59000.png,63.7,Male
59009.png,26.9,Male
59012.png,26.4,Male
59015.png,32.1,Male
59017.png,44.9,Male
59020.png,50.8,Male
59023.png,12.8,Male
59026.png,32.4,Male
59028.png,28.8,Male
59029.png,41.1,Male
59031.png,34.9,Male
59037.png,62.1,Male
59038.png,4.1,Male
59048.png,18.9,Male
59049.png,61.4,Male
59050.png,27.1,Male
59054.png,40.5,Male
59055.png,53.3,Male
59058.png,21.5,Male
59063.png,34.7,Male
59067.png,50.4,Male
59069.png,60.0,Male
59077.png,39.4,Male
59080.png,63.0,Male
59082.png,33.8,Male
59083.png,26.8,Male
59085.png,42.7,Male
59087.png,31.5,Male
59095.png,41.2,Male
59096.png,38.1,Male
59097.png,59.1,Male
59098.png,48.4,Male
59099.png,36.6,Male
59105.png,64.0,Male
59110.png,29.5,Male
59113.png,32.6,Male
59126.png,57.6,Male
59129.png,32.3,Male
59130.png,18.6,Male
59132.png,19.2,Male
59133.png,26.5,Male
59139.png,20.2,Male
59151.png,5.4,Male
59159.png,56.4,Male
59161.png,34.9,Male
59162.png,23.5,Male
59168.png,53.2,Male
59175.png,63.6,Male
59177.png,21.7,Male
59178.png,49.4,Male
59183.png,22.3,Male
59186.png,30.4,Male
59193.png,60.3,Male
59198.png,52.0,Male
59204.png,40.7,Male
59208.png,45.9,Male
59210.png,48.8,Male
59214.png,42.7,Male
59225.png,17.4,Male
59226.png,12.2,Male
59230.png,20.9,Male
59232.png,47.0,Male
59233.png,24.0,Male
59234.png,28.7,Male
59241.png,59.0,Male
59243.png,4.0,Male
59245.png,30.0,Male
59250.png,14.7,Male
59251.png,32.8,Male
59255.png,27.2,Male
59258.png,28.2,Male
59259.png,20.0,Male
59260.png,18.6,Male
59267.png,51.3,Male
59270.png,3.1,Male
59276.png,4.3,Male
59279.png,35.9,Male
59285.png,41.7,Male
59286.png,39.0,Male
59290.png,3.8,Male
59291.png,41.4,Male
59293.png,40.4,Male
59297.png,28.8,Male
59298.png,16.2,Male
59301.png,58.7,Male
59302.png,2.7,Male
59303.png,17.7,Male
59311.png,39.0,Male
59314.png,13.4,Male
59318.png,37.5,Male
59322.png,26.8,Male
59323.png,24.9,Male
59325.png,28.0,Male
59326.png,11.1,Male
59327.png,35.9,Male
59328.png,1.0,Male
59338.png,67.3,Male
59343.png,23.4,Male
59345.png,32.3,Male
59347.png,52.8,Male
59350.png,23.0,Male
59355.png,36.7,Male
59363.png,37.4,Male
59370.png,40.9,Male
59371.png,44.9,Male
59372.png,3.0,Male
59376.png,28.9,Male
59382.png,24.5,Male
59383.png,7.3,Male
59388.png,20.2,Male
59389.png,19.0,Male
59393.png,65.8,Male
59394.png,58.6,Male
59400.png,27.1,Male
59401.png,24.2,Male
59405.png,26.0,Male
59409.png,71.9,Male
59412.png,5.0,Male
59413.png,14.5,Male
59419.png,40.3,Male
59424.png,43.6,Male
59429.png,12.8,Male
59432.png,44.5,Male
59433.png,4.4,Male
59436.png,6.0,Male
59437.png,5.1,Male
59441.png,53.0,Male
59442.png,79.8,Male
59444.png,20.4,Male
59445.png,59.7,Male
59446.png,18.4,Male
59450.png,2.4,Male
59454.png,59.6,Male
59456.png,19.6,Male
59459.png,30.2,Male
59460.png,54.0,Male
59461.png,2.1,Male
59464.png,21.4,Male
59468.png,45.9,Male
59469.png,30.9,Male
59470.png,34.4,Male
59471.png,37.4,Male
59472.png,28.8,Male
59473.png,30.5,Male
59475.png,8.8,Male
59486.png,53.9,Male
59488.png,40.0,Male
59489.png,30.1,Male
59494.png,6.0,Male
59497.png,26.5,Male
59509.png,22.1,Male
59510.png,16.7,Male
59511.png,27.1,Male
59512.png,23.2,Male
59513.png,29.8,Male
59515.png,15.3,Male
59516.png,32.8,Male
59517.png,4.5,Male
59520.png,55.2,Male
59522.png,56.0,Male
59535.png,31.0,Male
59540.png,23.9,Male
59545.png,22.8,Male
59546.png,47.5,Male
59547.png,52.7,Male
59551.png,27.5,Male
59552.png,54.4,Male
59554.png,39.4,Male
59558.png,17.7,Male
59559.png,53.4,Male
59561.png,21.3,Male
59562.png,1.4,Male
59563.png,22.9,Male
59566.png,34.7,Male
59568.png,51.6,Male
59569.png,36.3,Male
59579.png,79.0,Male
59582.png,15.0,Male
59589.png,20.1,Male
59591.png,33.5,Male
59593.png,56.4,Male
59594.png,39.2,Male
59596.png,25.8,Male
59597.png,5.7,Male
59598.png,3.4,Male
59600.png,1.5,Male
59604.png,8.6,Male
59606.png,8.8,Male
59609.png,63.8,Male
59612.png,38.0,Male
59614.png,44.9,Male
59616.png,29.1,Male
59621.png,58.8,Male
59630.png,78.2,Male
59631.png,25.1,Male
59634.png,25.8,Male
59635.png,1.0,Male
59636.png,24.4,Male
59637.png,47.3,Male
59638.png,7.5,Male
59640.png,8.1,Male
59641.png,48.5,Male
59663.png,26.7,Male
59666.png,32.5,Male
59669.png,30.0,Male
59681.png,6.2,Male
59682.png,56.0,Male
59691.png,34.2,Male
59692.png,29.0,Male
59694.png,23.0,Male
59695.png,45.0,Male
59699.png,42.1,Male
59714.png,31.0,Male
59717.png,52.9,Male
59720.png,42.9,Male
59740.png,39.3,Male
59745.png,1.7,Male
59754.png,52.4,Male
59759.png,3.2,Male
59761.png,42.9,Male
59768.png,52.6,Male
59770.png,30.2,Male
59772.png,30.0,Male
59777.png,32.6,Male
59781.png,17.8,Male
59793.png,67.1,Male
59795.png,5.2,Male
59796.png,48.5,Male
59802.png,51.7,Male
59806.png,25.8,Male
59807.png,66.8,Male
59809.png,25.3,Male
59810.png,52.3,Male
59826.png,64.1,Male
59827.png,60.4,Male
59829.png,67.6,Male
59833.png,29.0,Male
59836.png,77.0,Male
59839.png,10.2,Male
59840.png,53.5,Male
59850.png,29.5,Male
59851.png,32.6,Male
59852.png,21.0,Male
59863.png,28.6,Male
59866.png,43.5,Male
59867.png,23.0,Male
59871.png,48.2,Male
59873.png,38.7,Male
59878.png,61.2,Male
59885.png,20.5,Male
59886.png,25.2,Male
59889.png,16.6,Male
59890.png,41.5,Male
59891.png,7.4,Male
59892.png,26.7,Male
59893.png,23.5,Male
59898.png,5.9,Male
59904.png,35.1,Male
59905.png,57.8,Male
59910.png,43.6,Male
59914.png,33.2,Male
59917.png,2.6,Male
59921.png,63.3,Male
59923.png,27.2,Male
59925.png,26.6,Male
59929.png,37.4,Male
59930.png,61.0,Male
59937.png,33.9,Male
59942.png,16.8,Male
59950.png,21.6,Male
59956.png,4.4,Male
59967.png,26.1,Male
59969.png,21.8,Male
59970.png,49.4,Male
59971.png,36.2,Male
59972.png,59.6,Male
59974.png,1.4,Male
59975.png,22.9,Male
59984.png,31.7,Male
59988.png,11.2,Male
59993.png,58.7,Male
59996.png,60.8,Male
59998.png,13.5,Male
59999.png,9.0,Male
60000.png,6.0,Male
60003.png,29.5,Male
60007.png,23.8,Male
60008.png,40.6,Male
60011.png,64.9,Male
60012.png,29.2,Male
60014.png,40.6,Male
60015.png,33.0,Male
60016.png,4.6,Male
60017.png,33.7,Male
60029.png,45.8,Male
60031.png,64.6,Male
60035.png,33.7,Male
60036.png,24.8,Male
60042.png,33.5,Male
60051.png,36.1,Male
60052.png,41.4,Male
60057.png,56.9,Male
60062.png,41.8,Male
60067.png,37.4,Male
60068.png,18.3,Male
60074.png,22.1,Male
60076.png,48.1,Male
60079.png,32.1,Male
60085.png,54.1,Male
60089.png,6.4,Male
60090.png,43.6,Male
60091.png,4.8,Male
60093.png,4.6,Male
60100.png,41.0,Male
60106.png,25.2,Male
60108.png,41.5,Male
60115.png,33.0,Male
60117.png,32.2,Male
60120.png,27.8,Male
60124.png,1.8,Male
60125.png,36.2,Male
60128.png,23.9,Male
60129.png,4.2,Male
60132.png,33.6,Male
60138.png,27.9,Male
60140.png,34.6,Male
60142.png,21.0,Male
60149.png,52.1,Male
60150.png,61.1,Male
60156.png,5.9,Male
60161.png,30.8,Male
60164.png,63.6,Male
60172.png,37.3,Male
60174.png,3.2,Male
60176.png,34.5,Male
60177.png,49.1,Male
60178.png,29.6,Male
60187.png,69.3,Male
60191.png,20.1,Male
60194.png,26.0,Male
60199.png,41.2,Male
60204.png,67.2,Male
60208.png,20.8,Male
60210.png,11.9,Male
60211.png,42.0,Male
60213.png,33.8,Male
60217.png,51.5,Male
60222.png,56.8,Male
60225.png,37.9,Male
60228.png,3.1,Male
60236.png,41.1,Male
60238.png,5.9,Male
60240.png,18.8,Male
60241.png,41.3,Male
60243.png,37.2,Male
60245.png,10.6,Male
60248.png,67.1,Male
60249.png,29.0,Male
60258.png,35.6,Male
60260.png,24.0,Male
60262.png,50.8,Male
60265.png,57.2,Male
60266.png,52.5,Male
60270.png,49.9,Male
60271.png,36.6,Male
60284.png,29.5,Male
60293.png,18.5,Male
60296.png,1.0,Male
60302.png,28.6,Male
60305.png,41.6,Male
60314.png,22.5,Male
60315.png,24.3,Male
60317.png,52.4,Male
60319.png,21.8,Male
60321.png,33.1,Male
60322.png,45.1,Male
60323.png,60.3,Male
60324.png,17.0,Male
60325.png,19.9,Male
60329.png,48.6,Male
60331.png,36.0,Male
60332.png,65.6,Male
60338.png,52.2,Male
60339.png,30.3,Male
60341.png,27.6,Male
60343.png,27.6,Male
60344.png,54.9,Male
60357.png,53.9,Male
60359.png,38.6,Male
60367.png,45.3,Male
60369.png,28.3,Male
60370.png,21.5,Male
60372.png,22.4,Male
60374.png,32.4,Male
60375.png,42.0,Male
60377.png,46.7,Male
60378.png,30.2,Male
60383.png,59.6,Male
60384.png,5.4,Male
60387.png,45.5,Male
60390.png,11.3,Male
60393.png,40.3,Male
60394.png,47.2,Male
60398.png,32.9,Male
60401.png,29.1,Male
60402.png,29.8,Male
60404.png,56.9,Male
60405.png,49.8,Male
60410.png,2.5,Male
60412.png,55.7,Male
60415.png,20.5,Male
60418.png,53.9,Male
60420.png,53.5,Male
60422.png,4.8,Male
60423.png,30.8,Male
60429.png,26.9,Male
60435.png,16.3,Male
60436.png,60.8,Male
60438.png,36.4,Male
60443.png,65.3,Male
60444.png,40.7,Male
60447.png,13.9,Male
60450.png,5.2,Male
60455.png,30.6,Male
60456.png,25.1,Male
60458.png,58.0,Male
60461.png,40.4,Male
60464.png,60.0,Male
60469.png,53.9,Male
60470.png,10.4,Male
60472.png,30.1,Male
60475.png,39.2,Male
60476.png,33.2,Male
60477.png,40.6,Male
60482.png,52.6,Male
60485.png,30.0,Male
60486.png,29.9,Male
60505.png,35.4,Male
60508.png,48.9,Male
60513.png,37.4,Male
60515.png,44.7,Male
60517.png,13.2,Male
60519.png,25.7,Male
60521.png,48.5,Male
60525.png,57.4,Male
60532.png,53.4,Male
60536.png,29.9,Male
60542.png,16.6,Male
60547.png,34.4,Male
60548.png,60.2,Male
60550.png,62.0,Male
60552.png,20.6,Male
60557.png,76.7,Male
60559.png,64.1,Male
60560.png,35.8,Male
60562.png,52.0,Male
60570.png,47.7,Male
60571.png,46.1,Male
60574.png,62.5,Male
60577.png,51.3,Male
60583.png,31.2,Male
60589.png,26.7,Male
60591.png,61.8,Male
60599.png,56.2,Male
60604.png,18.5,Male
60608.png,18.6,Male
60610.png,25.5,Male
60613.png,44.1,Male
60616.png,42.3,Male
60619.png,18.5,Male
60625.png,25.5,Male
60629.png,29.2,Male
60630.png,63.2,Male
60637.png,37.0,Male
60643.png,29.7,Male
60645.png,52.9,Male
60646.png,48.8,Male
60648.png,4.1,Male
60650.png,18.5,Male
60654.png,45.8,Male
60655.png,48.2,Male
60656.png,54.5,Male
60660.png,2.0,Male
60661.png,40.6,Male
60666.png,2.8,Male
60670.png,14.2,Male
60674.png,29.4,Male
60686.png,32.3,Male
60687.png,21.7,Male
60689.png,19.6,Male
60690.png,25.7,Male
60693.png,53.6,Male
60694.png,34.1,Male
60700.png,19.0,Male
60701.png,32.8,Male
60709.png,20.2,Male
60710.png,16.0,Male
60713.png,61.4,Male
60718.png,33.8,Male
60722.png,60.8,Male
60725.png,55.7,Male
60727.png,42.8,Male
60731.png,41.6,Male
60733.png,46.5,Male
60734.png,31.4,Male
60735.png,28.7,Male
60742.png,9.6,Male
60745.png,40.8,Male
60746.png,34.8,Male
60747.png,39.0,Male
60749.png,20.1,Male
60752.png,55.4,Male
60754.png,23.9,Male
60755.png,28.5,Male
60757.png,44.4,Male
60762.png,37.5,Male
60764.png,68.1,Male
60766.png,45.0,Male
60768.png,33.1,Male
60771.png,29.8,Male
60774.png,21.2,Male
60775.png,3.9,Male
60776.png,8.2,Male
60777.png,11.5,Male
60784.png,48.8,Male
60786.png,7.9,Male
60788.png,60.9,Male
60794.png,43.5,Male
60797.png,41.0,Male
60806.png,19.0,Male
60807.png,30.8,Male
60810.png,31.2,Male
60811.png,37.2,Male
60812.png,53.8,Male
60816.png,47.2,Male
60819.png,26.3,Male
60820.png,60.8,Male
60822.png,7.8,Male
60838.png,7.3,Male
60844.png,57.6,Male
60845.png,30.9,Male
60846.png,34.4,Male
60849.png,53.3,Male
60850.png,62.4,Male
60851.png,48.3,Male
60852.png,6.0,Male
60853.png,29.7,Male
60856.png,57.8,Male
60862.png,9.8,Male
60868.png,21.3,Male
60870.png,54.1,Male
60874.png,47.5,Male
60875.png,40.6,Male
60883.png,33.8,Male
60889.png,43.1,Male
60899.png,20.5,Male
60901.png,8.3,Male
60902.png,56.3,Male
60903.png,69.8,Male
60906.png,47.4,Male
60909.png,41.2,Male
60910.png,33.9,Male
60913.png,45.4,Male
60917.png,30.4,Male
60920.png,19.3,Male
60925.png,54.2,Male
60928.png,31.3,Male
60929.png,25.3,Male
60931.png,22.4,Male
60933.png,21.2,Male
60938.png,33.5,Male
60940.png,28.9,Male
60941.png,32.4,Male
60943.png,54.1,Male
60946.png,4.2,Male
60952.png,37.6,Male
60956.png,15.4,Male
60960.png,61.8,Male
60975.png,45.2,Male
60981.png,56.4,Male
60986.png,15.5,Male
60987.png,7.6,Male
60994.png,47.6,Male
60997.png,29.9,Male
61000.png,33.5,Male
61016.png,56.5,Male
61018.png,6.9,Male
61027.png,23.3,Male
61029.png,32.9,Male
61037.png,45.7,Male
61039.png,28.8,Male
61040.png,4.7,Male
61042.png,55.7,Male
61055.png,14.9,Male
61057.png,33.8,Male
61063.png,49.8,Male
61066.png,21.0,Male
61067.png,35.2,Male
61069.png,34.3,Male
61073.png,30.5,Male
61080.png,36.7,Male
61081.png,31.8,Male
61082.png,22.6,Male
61086.png,36.6,Male
61089.png,14.5,Male
61097.png,25.7,Male
61112.png,42.8,Male
61121.png,25.1,Male
61122.png,32.2,Male
61125.png,55.7,Male
61133.png,53.4,Male
61137.png,27.1,Male
61138.png,54.0,Male
61141.png,30.7,Male
61148.png,20.0,Male
61149.png,35.0,Male
61151.png,47.1,Male
61152.png,25.4,Male
61153.png,42.1,Male
61156.png,28.1,Male
61160.png,49.1,Male
61162.png,66.1,Male
61165.png,22.8,Male
61171.png,52.9,Male
61184.png,32.5,Male
61186.png,61.0,Male
61189.png,62.7,Male
61192.png,62.7,Male
61194.png,20.4,Male
61198.png,57.7,Male
61201.png,20.9,Male
61204.png,29.2,Male
61213.png,50.9,Male
61216.png,28.3,Male
61220.png,58.8,Male
61221.png,21.0,Male
61222.png,50.8,Male
61228.png,47.7,Male
61235.png,2.6,Male
61239.png,65.1,Male
61242.png,34.8,Male
61245.png,2.5,Male
61246.png,5.4,Male
61249.png,3.9,Male
61251.png,28.6,Male
61254.png,42.9,Male
61257.png,50.0,Male
61260.png,26.4,Male
61261.png,3.7,Male
61263.png,41.7,Male
61268.png,59.0,Male
61274.png,62.1,Male
61281.png,52.2,Male
61282.png,25.9,Male
61285.png,16.9,Male
61290.png,46.8,Male
61300.png,8.2,Male
61306.png,19.2,Male
61329.png,7.1,Male
61334.png,31.3,Male
61339.png,5.1,Male
61342.png,53.8,Male
61343.png,11.0,Male
61344.png,31.2,Male
61345.png,5.2,Male
61348.png,28.7,Male
61349.png,12.8,Male
61352.png,64.7,Male
61361.png,26.4,Male
61370.png,29.7,Male
61377.png,40.1,Male
61381.png,52.4,Male
61384.png,32.6,Male
61385.png,3.2,Male
61391.png,8.1,Male
61393.png,42.5,Male
61397.png,23.4,Male
61398.png,6.7,Male
61400.png,14.8,Male
61402.png,58.2,Male
61405.png,20.3,Male
61408.png,15.1,Male
61415.png,25.5,Male
61417.png,29.4,Male
61426.png,50.1,Male
61428.png,49.3,Male
61432.png,56.2,Male
61433.png,39.0,Male
61434.png,3.6,Male
61438.png,59.8,Male
61441.png,10.2,Male
61442.png,23.2,Male
61455.png,5.9,Male
61456.png,21.9,Male
61457.png,15.5,Male
61462.png,57.1,Male
61463.png,56.0,Male
61467.png,32.2,Male
61474.png,42.8,Male
61481.png,30.7,Male
61483.png,59.4,Male
61487.png,34.9,Male
61493.png,46.7,Male
61498.png,19.2,Male
61500.png,53.3,Male
61502.png,51.6,Male
61503.png,24.7,Male
61504.png,38.7,Male
61506.png,20.8,Male
61509.png,35.3,Male
61510.png,44.1,Male
61515.png,47.6,Male
61524.png,52.8,Male
61529.png,50.5,Male
61536.png,57.7,Male
61537.png,34.7,Male
61541.png,34.0,Male
61543.png,45.9,Male
61547.png,7.3,Male
61548.png,58.1,Male
61561.png,33.3,Male
61564.png,57.9,Male
61566.png,40.1,Male
61571.png,63.9,Male
61573.png,35.0,Male
61579.png,14.5,Male
61580.png,59.2,Male
61581.png,25.5,Male
61585.png,37.1,Male
61586.png,47.1,Male
61587.png,20.3,Male
61589.png,52.8,Male
61592.png,9.1,Male
61597.png,21.4,Male
61599.png,50.1,Male
61601.png,38.2,Male
61604.png,76.1,Male
61605.png,35.0,Male
61609.png,23.9,Male
61613.png,33.4,Male
61616.png,43.2,Male
61618.png,65.1,Male
61619.png,31.4,Male
61621.png,30.4,Male
61623.png,49.3,Male
61625.png,27.3,Male
61628.png,4.7,Male
61631.png,3.0,Male
61634.png,33.2,Male
61636.png,30.4,Male
61637.png,19.7,Male
61644.png,39.5,Male
61645.png,12.3,Male
61646.png,39.5,Male
61654.png,3.3,Male
61656.png,42.3,Male
61660.png,71.8,Male
61662.png,24.6,Male
61668.png,43.3,Male
61669.png,29.7,Male
61670.png,30.5,Male
61674.png,19.5,Male
61675.png,6.5,Male
61680.png,54.5,Male
61689.png,36.9,Male
61691.png,33.3,Male
61693.png,58.9,Male
61694.png,60.3,Male
61695.png,28.8,Male
61697.png,32.1,Male
61699.png,30.0,Male
61700.png,26.7,Male
61706.png,34.7,Male
61707.png,62.9,Male
61708.png,3.7,Male
61709.png,16.8,Male
61710.png,15.9,Male
61712.png,48.7,Male
61726.png,72.8,Male
61727.png,27.9,Male
61732.png,31.1,Male
61733.png,47.2,Male
61735.png,39.4,Male
61736.png,57.1,Male
61742.png,59.3,Male
61746.png,29.7,Male
61749.png,39.6,Male
61756.png,2.4,Male
61759.png,3.6,Male
61762.png,76.7,Male
61763.png,21.9,Male
61780.png,61.2,Male
61781.png,37.5,Male
61782.png,14.0,Male
61785.png,42.7,Male
61787.png,42.1,Male
61789.png,47.1,Male
61797.png,22.8,Male
61799.png,49.5,Male
61803.png,8.6,Male
61805.png,48.4,Male
61814.png,17.2,Male
61815.png,21.6,Male
61821.png,20.7,Male
61822.png,51.9,Male
61823.png,3.9,Male
61824.png,35.2,Male
61825.png,34.7,Male
61833.png,6.6,Male
61835.png,44.7,Male
61845.png,6.2,Male
61846.png,37.9,Male
61849.png,2.5,Male
61854.png,41.0,Male
61863.png,25.1,Male
61866.png,18.5,Male
61873.png,32.0,Male
61875.png,31.6,Male
61879.png,68.6,Male
61880.png,53.2,Male
61886.png,43.9,Male
61888.png,26.6,Male
61890.png,30.5,Male
61894.png,49.9,Male
61898.png,19.0,Male
61901.png,54.7,Male
61903.png,59.4,Male
61905.png,51.1,Male
61906.png,55.3,Male
61908.png,35.9,Male
61909.png,43.6,Male
61918.png,27.8,Male
61925.png,4.0,Male
61926.png,46.2,Male
61928.png,7.3,Male
61936.png,40.8,Male
61937.png,23.1,Male
61940.png,37.6,Male
61946.png,42.9,Male
61952.png,29.2,Male
61953.png,63.5,Male
61970.png,51.7,Male
61972.png,23.7,Male
61974.png,15.5,Male
61982.png,40.3,Male
61986.png,40.1,Male
61993.png,48.5,Male
61994.png,63.9,Male
61995.png,7.0,Male
62000.png,4.2,Male
62003.png,30.0,Male
62014.png,47.7,Male
62018.png,28.7,Male
62019.png,19.7,Male
62020.png,5.3,Male
62021.png,8.7,Male
62026.png,36.4,Male
62027.png,33.1,Male
62028.png,26.6,Male
62031.png,3.3,Male
62033.png,28.4,Male
62037.png,50.4,Male
62041.png,28.7,Male
62043.png,39.9,Male
62047.png,1.3,Male
62049.png,53.8,Male
62050.png,49.8,Male
62052.png,51.1,Male
62053.png,42.1,Male
62055.png,1.3,Male
62056.png,3.4,Male
62061.png,21.9,Male
62064.png,35.8,Male
62065.png,53.7,Male
62066.png,36.1,Male
62068.png,60.6,Male
62070.png,11.9,Male
62071.png,15.3,Male
62072.png,70.9,Male
62075.png,26.8,Male
62081.png,19.7,Male
62083.png,42.9,Male
62084.png,22.0,Male
62086.png,22.4,Male
62087.png,34.5,Male
62092.png,37.6,Male
62093.png,53.9,Male
62094.png,64.2,Male
62096.png,26.4,Male
62098.png,39.3,Male
62105.png,27.6,Male
62108.png,35.9,Male
62109.png,15.3,Male
62111.png,24.8,Male
62114.png,72.2,Male
62115.png,38.1,Male
62116.png,23.0,Male
62118.png,67.1,Male
62121.png,55.9,Male
62123.png,39.1,Male
62126.png,32.4,Male
62128.png,47.0,Male
62134.png,36.0,Male
62140.png,5.6,Male
62145.png,47.1,Male
62146.png,26.8,Male
62149.png,9.2,Male
62150.png,56.6,Male
62154.png,10.4,Male
62162.png,24.9,Male
62163.png,5.2,Male
62168.png,22.8,Male
62180.png,12.2,Male
62181.png,25.7,Male
62182.png,26.8,Male
62185.png,5.1,Male
62188.png,23.8,Male
62190.png,25.9,Male
62191.png,41.2,Male
62193.png,19.4,Male
62195.png,25.8,Male
62202.png,39.7,Male
62204.png,36.0,Male
62205.png,32.1,Male
62206.png,38.9,Male
62208.png,31.4,Male
62210.png,54.5,Male
62215.png,37.5,Male
62216.png,35.3,Male
62221.png,49.3,Male
62224.png,35.6,Male
62227.png,34.3,Male
62230.png,59.5,Male
62236.png,45.6,Male
62238.png,51.5,Male
62240.png,32.6,Male
62242.png,29.5,Male
62244.png,4.9,Male
62245.png,23.9,Male
62259.png,63.3,Male
62270.png,23.7,Male
62273.png,28.7,Male
62277.png,52.9,Male
62279.png,23.6,Male
62282.png,33.1,Male
62283.png,48.2,Male
62285.png,4.0,Male
62286.png,30.3,Male
62287.png,30.0,Male
62288.png,36.3,Male
62289.png,38.9,Male
62294.png,13.3,Male
62296.png,25.2,Male
62303.png,25.1,Male
62308.png,56.8,Male
62320.png,27.3,Male
62324.png,26.6,Male
62338.png,24.1,Male
62341.png,38.3,Male
62347.png,22.1,Male
62349.png,19.7,Male
62350.png,16.6,Male
62352.png,42.4,Male
62354.png,17.4,Male
62355.png,26.3,Male
62363.png,27.7,Male
62367.png,11.5,Male
62368.png,31.5,Male
62371.png,1.3,Male
62373.png,58.8,Male
62375.png,21.0,Male
62378.png,30.9,Male
62384.png,27.2,Male
62390.png,38.6,Male
62391.png,20.4,Male
62394.png,5.4,Male
62395.png,25.2,Male
62396.png,54.5,Male
62402.png,20.2,Male
62406.png,54.4,Male
62409.png,35.2,Male
62410.png,24.5,Male
62411.png,48.8,Male
62414.png,47.5,Male
62419.png,13.4,Male
62420.png,43.5,Male
62421.png,8.7,Male
62422.png,28.8,Male
62423.png,41.2,Male
62424.png,42.3,Male
62425.png,39.9,Male
62427.png,44.2,Male
62429.png,36.2,Male
62438.png,62.3,Male
62444.png,23.9,Male
62446.png,25.2,Male
62447.png,50.4,Male
62456.png,21.9,Male
62459.png,27.8,Male
62460.png,38.0,Male
62461.png,7.8,Male
62463.png,42.6,Male
62469.png,31.0,Male
62470.png,28.0,Male
62472.png,34.4,Male
62482.png,26.6,Male
62489.png,35.9,Male
62491.png,23.5,Male
62492.png,47.9,Male
62493.png,2.2,Male
62495.png,38.6,Male
62496.png,21.5,Male
62498.png,1.9,Male
62499.png,9.2,Male
62502.png,18.4,Male
62503.png,28.4,Male
62504.png,36.2,Male
62505.png,35.2,Male
62506.png,46.8,Male
62515.png,42.2,Male
62517.png,30.4,Male
62518.png,65.4,Male
62525.png,38.5,Male
62530.png,64.2,Male
62534.png,33.4,Male
62535.png,58.1,Male
62537.png,37.7,Male
62539.png,34.1,Male
62542.png,49.9,Male
62549.png,27.4,Male
62558.png,33.7,Male
62566.png,54.5,Male
62573.png,27.7,Male
62574.png,37.3,Male
62575.png,21.8,Male
62580.png,54.7,Male
62581.png,29.7,Male
62586.png,20.6,Male
62590.png,20.5,Male
62599.png,22.4,Male
62600.png,42.3,Male
62601.png,46.3,Male
62611.png,19.3,Male
62613.png,23.2,Male
62616.png,27.8,Male
62620.png,16.7,Male
62624.png,50.4,Male
62629.png,17.8,Male
62636.png,29.4,Male
62638.png,31.2,Male
62642.png,49.9,Male
62648.png,29.2,Male
62649.png,69.2,Male
62650.png,5.0,Male
62654.png,31.7,Male
62670.png,28.3,Male
62671.png,25.0,Male
62676.png,67.1,Male
62683.png,35.8,Male
62684.png,25.0,Male
62685.png,62.2,Male
62687.png,32.0,Male
62688.png,30.0,Male
62689.png,18.2,Male
62691.png,51.3,Male
62694.png,33.8,Male
62700.png,75.5,Male
62701.png,24.8,Male
62703.png,41.3,Male
62707.png,44.2,Male
62709.png,46.7,Male
62710.png,55.7,Male
62714.png,42.0,Male
62717.png,41.2,Male
62721.png,36.0,Male
62722.png,32.9,Male
62737.png,30.9,Male
62739.png,6.8,Male
62742.png,38.2,Male
62743.png,37.8,Male
62744.png,29.2,Male
62746.png,72.3,Male
62747.png,55.8,Male
62748.png,13.3,Male
62749.png,21.4,Male
62750.png,49.9,Male
62753.png,51.0,Male
62755.png,26.2,Male
62759.png,33.0,Male
62771.png,35.1,Male
62773.png,48.3,Male
62774.png,31.3,Male
62779.png,54.6,Male
62781.png,25.8,Male
62784.png,14.0,Male
62786.png,48.2,Male
62787.png,42.4,Male
62791.png,1.9,Male
62793.png,16.5,Male
62797.png,28.3,Male
62800.png,42.6,Male
62805.png,28.9,Male
62808.png,61.0,Male
62809.png,49.0,Male
62814.png,30.9,Male
62818.png,59.3,Male
62822.png,4.1,Male
62824.png,21.8,Male
62825.png,11.5,Male
62828.png,29.5,Male
62831.png,29.1,Male
62835.png,15.7,Male
62843.png,49.5,Male
62847.png,6.1,Male
62848.png,32.3,Male
62851.png,31.5,Male
62852.png,51.5,Male
62858.png,21.3,Male
62861.png,28.7,Male
62869.png,32.2,Male
62872.png,33.9,Male
62873.png,32.0,Male
62874.png,33.8,Male
62878.png,30.5,Male
62883.png,42.6,Male
62886.png,21.3,Male
62888.png,29.3,Male
62895.png,33.1,Male
62896.png,46.2,Male
62900.png,19.5,Male
62903.png,37.4,Male
62906.png,32.9,Male
62908.png,29.5,Male
62910.png,16.6,Male
62918.png,36.1,Male
62924.png,30.1,Male
62937.png,43.3,Male
62939.png,1.5,Male
62941.png,41.4,Male
62947.png,34.6,Male
62952.png,50.8,Male
62957.png,32.8,Male
62959.png,31.2,Male
62960.png,6.6,Male
62963.png,35.3,Male
62965.png,33.4,Male
62967.png,11.7,Male
62970.png,36.8,Male
62972.png,24.4,Male
62973.png,23.6,Male
62975.png,34.9,Male
62978.png,3.9,Male
62983.png,29.2,Male
62988.png,41.2,Male
62991.png,49.7,Male
63000.png,26.5,Male
63001.png,21.9,Male
63004.png,56.6,Male
63012.png,46.3,Male
63016.png,8.9,Male
63020.png,51.4,Male
63025.png,33.6,Male
63035.png,51.2,Male
63036.png,28.9,Male
63040.png,37.8,Male
63048.png,41.3,Male
63051.png,33.0,Male
63060.png,8.4,Male
63061.png,37.7,Male
63065.png,13.9,Male
63068.png,65.5,Male
63071.png,39.7,Male
63074.png,61.8,Male
63075.png,44.3,Male
63077.png,76.4,Male
63083.png,30.0,Male
63092.png,31.8,Male
63097.png,55.2,Male
63106.png,39.0,Male
63107.png,67.1,Male
63110.png,7.3,Male
63113.png,16.6,Male
63115.png,37.1,Male
63120.png,61.7,Male
63121.png,4.5,Male
63123.png,29.3,Male
63126.png,29.3,Male
63127.png,54.8,Male
63131.png,29.8,Male
63133.png,19.0,Male
63138.png,3.8,Male
63142.png,42.5,Male
63156.png,20.6,Male
63157.png,13.0,Male
63167.png,50.9,Male
63172.png,52.6,Male
63176.png,29.9,Male
63183.png,53.3,Male
63185.png,24.3,Male
63191.png,30.2,Male
63192.png,3.9,Male
63193.png,43.3,Male
63195.png,17.2,Male
63197.png,23.1,Male
63198.png,28.5,Male
63199.png,33.6,Male
63201.png,10.0,Male
63208.png,41.9,Male
63210.png,42.1,Male
63213.png,23.4,Male
63214.png,22.3,Male
63225.png,45.2,Male
63234.png,48.5,Male
63237.png,36.6,Male
63238.png,47.0,Male
63242.png,19.5,Male
63246.png,23.0,Male
63249.png,28.3,Male
63253.png,56.1,Male
63254.png,34.5,Male
63259.png,36.2,Male
63263.png,8.5,Male
63265.png,29.2,Male
63269.png,23.9,Male
63271.png,29.7,Male
63273.png,62.8,Male
63277.png,11.5,Male
63281.png,33.6,Male
63284.png,45.9,Male
63293.png,32.9,Male
63298.png,47.5,Male
63300.png,27.2,Male
63303.png,19.9,Male
63307.png,34.5,Male
63311.png,11.7,Male
63313.png,7.9,Male
63318.png,73.4,Male
63321.png,75.4,Male
63324.png,41.5,Male
63334.png,2.4,Male
63335.png,18.6,Male
63342.png,34.4,Male
63343.png,36.9,Male
63344.png,30.2,Male
63346.png,7.2,Male
63347.png,52.3,Male
63349.png,39.0,Male
63353.png,26.1,Male
63356.png,12.8,Male
63359.png,43.9,Male
63363.png,53.0,Male
63369.png,52.0,Male
63372.png,27.6,Male
63373.png,42.2,Male
63390.png,10.5,Male
63393.png,9.4,Male
63394.png,16.0,Male
63402.png,28.7,Male
63404.png,46.2,Male
63405.png,23.4,Male
63407.png,30.8,Male
63413.png,6.6,Male
63417.png,23.5,Male
63418.png,38.5,Male
63421.png,41.4,Male
63422.png,32.9,Male
63427.png,42.5,Male
63432.png,31.6,Male
63438.png,49.6,Male
63452.png,72.6,Male
63459.png,46.4,Male
63461.png,20.1,Male
63462.png,44.4,Male
63463.png,32.6,Male
63464.png,51.0,Male
63469.png,36.3,Male
63470.png,76.3,Male
63471.png,25.4,Male
63472.png,34.4,Male
63475.png,27.3,Male
63483.png,20.3,Male
63485.png,18.0,Male
63491.png,29.2,Male
63492.png,29.9,Male
63495.png,29.0,Male
63499.png,28.6,Male
63501.png,69.2,Male
63505.png,34.5,Male
63508.png,14.4,Male
63509.png,7.9,Male
63511.png,49.8,Male
63517.png,34.3,Male
63518.png,44.4,Male
63522.png,6.1,Male
63525.png,68.1,Male
63527.png,34.5,Male
63530.png,15.9,Male
63532.png,36.9,Male
63534.png,44.1,Male
63538.png,4.9,Male
63539.png,45.5,Male
63542.png,55.0,Male
63556.png,3.7,Male
63559.png,44.6,Male
63564.png,46.7,Male
63572.png,56.2,Male
63576.png,35.6,Male
63577.png,46.7,Male
63584.png,47.7,Male
63591.png,43.3,Male
63595.png,29.4,Male
63596.png,38.8,Male
63602.png,35.3,Male
63605.png,37.9,Male
63608.png,4.9,Male
63609.png,36.4,Male
63614.png,46.5,Male
63618.png,44.0,Male
63620.png,38.1,Male
63624.png,64.6,Male
63627.png,42.4,Male
63631.png,1.0,Male
63632.png,31.8,Male
63636.png,38.3,Male
63641.png,55.9,Male
63644.png,48.7,Male
63646.png,45.3,Male
63648.png,22.3,Male
63653.png,38.1,Male
63654.png,14.5,Male
63655.png,33.2,Male
63656.png,62.4,Male
63661.png,42.5,Male
63680.png,21.1,Male
63681.png,23.7,Male
63682.png,2.6,Male
63688.png,36.5,Male
63690.png,5.8,Male
63691.png,57.1,Male
63699.png,39.9,Male
63714.png,48.7,Male
63719.png,59.8,Male
63720.png,41.5,Male
63721.png,66.0,Male
63722.png,4.8,Male
63728.png,28.1,Male
63730.png,49.2,Male
63733.png,35.0,Male
63734.png,18.9,Male
63736.png,23.5,Male
63738.png,32.1,Male
63739.png,27.2,Male
63747.png,37.8,Male
63748.png,28.7,Male
63762.png,38.8,Male
63765.png,21.0,Male
63766.png,39.4,Male
63768.png,25.1,Male
63769.png,2.0,Male
63771.png,41.3,Male
63780.png,46.2,Male
63782.png,26.9,Male
63783.png,15.3,Male
63784.png,60.9,Male
63787.png,2.2,Male
63788.png,26.7,Male
63789.png,28.1,Male
63790.png,39.5,Male
63792.png,37.2,Male
63795.png,49.5,Male
63802.png,1.6,Male
63806.png,11.6,Male
63809.png,29.5,Male
63810.png,15.5,Male
63812.png,63.5,Male
63813.png,41.1,Male
63818.png,22.5,Male
63827.png,28.8,Male
63828.png,39.0,Male
63829.png,29.4,Male
63837.png,17.1,Male
63839.png,10.4,Male
63857.png,24.1,Male
63858.png,31.0,Male
63861.png,62.1,Male
63862.png,46.2,Male
63868.png,36.0,Male
63870.png,32.4,Male
63871.png,43.5,Male
63876.png,29.0,Male
63877.png,22.6,Male
63878.png,30.7,Male
63882.png,36.6,Male
63886.png,3.1,Male
63890.png,65.0,Male
63891.png,66.7,Male
63896.png,63.0,Male
63897.png,10.6,Male
63898.png,43.7,Male
63899.png,17.2,Male
63904.png,47.1,Male
63908.png,37.2,Male
63915.png,4.2,Male
63916.png,32.6,Male
63932.png,48.2,Male
63935.png,56.8,Male
63941.png,10.0,Male
63942.png,25.2,Male
63944.png,44.8,Male
63945.png,37.2,Male
63950.png,7.7,Male
63956.png,36.3,Male
63968.png,28.9,Male
63979.png,33.3,Male
63991.png,36.1,Male
63993.png,43.4,Male
63997.png,25.4,Male
63998.png,57.5,Male
63999.png,25.5,Male
64003.png,19.0,Male
64004.png,30.5,Male
64006.png,23.7,Male
64010.png,45.8,Male
64011.png,37.7,Male
64022.png,25.2,Male
64032.png,20.7,Male
64033.png,17.8,Male
64036.png,27.0,Male
64038.png,25.4,Male
64040.png,50.5,Male
64042.png,26.3,Male
64043.png,40.9,Male
64044.png,18.0,Male
64045.png,27.7,Male
64054.png,11.2,Male
64058.png,34.3,Male
64066.png,51.6,Male
64067.png,22.4,Male
64071.png,22.0,Male
64072.png,6.0,Male
64077.png,34.6,Male
64080.png,67.4,Male
64082.png,25.9,Male
64087.png,4.5,Male
64091.png,57.6,Male
64092.png,18.2,Male
64094.png,7.4,Male
64103.png,50.9,Male
64105.png,24.5,Male
64106.png,47.1,Male
64107.png,49.9,Male
64108.png,58.2,Male
64117.png,33.1,Male
64122.png,30.9,Male
64124.png,47.2,Male
64127.png,28.4,Male
64131.png,26.8,Male
64138.png,53.1,Male
64139.png,13.5,Male
64154.png,38.9,Male
64157.png,15.7,Male
64164.png,49.2,Male
64165.png,16.2,Male
64166.png,40.3,Male
64167.png,27.1,Male
64169.png,4.8,Male
64174.png,34.1,Male
64175.png,25.8,Male
64177.png,22.3,Male
64178.png,41.3,Male
64182.png,42.5,Male
64200.png,53.9,Male
64205.png,65.1,Male
64210.png,23.0,Male
64213.png,23.0,Male
64216.png,27.4,Male
64217.png,30.7,Male
64219.png,34.1,Male
64229.png,39.6,Male
64237.png,1.6,Male
64238.png,54.0,Male
64248.png,27.8,Male
64250.png,55.4,Male
64251.png,61.6,Male
64254.png,44.6,Male
64258.png,12.2,Male
64260.png,25.6,Male
64261.png,23.9,Male
64264.png,8.8,Male
64265.png,21.4,Male
64268.png,33.1,Male
64272.png,25.1,Male
64279.png,44.5,Male
64282.png,28.6,Male
64283.png,35.4,Male
64286.png,40.5,Male
64291.png,65.3,Male
64293.png,50.9,Male
64295.png,24.2,Male
64297.png,10.9,Male
64298.png,41.4,Male
64301.png,28.3,Male
64302.png,45.1,Male
64303.png,52.1,Male
64304.png,33.8,Male
64307.png,35.0,Male
64312.png,34.6,Male
64314.png,57.7,Male
64315.png,36.6,Male
64316.png,3.8,Male
64323.png,3.0,Male
64324.png,63.5,Male
64325.png,12.1,Male
64327.png,29.1,Male
64330.png,42.7,Male
64331.png,50.5,Male
64332.png,55.3,Male
64334.png,33.9,Male
64336.png,23.6,Male
64340.png,14.2,Male
64348.png,63.5,Male
64349.png,47.3,Male
64350.png,57.8,Male
64351.png,21.4,Male
64357.png,33.5,Male
64361.png,49.2,Male
64369.png,23.2,Male
64374.png,22.9,Male
64378.png,37.6,Male
64382.png,29.6,Male
64387.png,31.0,Male
64389.png,2.0,Male
64392.png,26.9,Male
64393.png,7.1,Male
64396.png,37.2,Male
64400.png,62.5,Male
64407.png,60.9,Male
64409.png,29.8,Male
64414.png,24.7,Male
64415.png,8.7,Male
64417.png,69.9,Male
64418.png,12.6,Male
64419.png,35.8,Male
64424.png,66.5,Male
64431.png,27.8,Male
64437.png,4.7,Male
64440.png,31.9,Male
64441.png,44.5,Male
64443.png,30.0,Male
64445.png,67.7,Male
64446.png,33.3,Male
64447.png,9.8,Male
64450.png,19.2,Male
64451.png,28.3,Male
64454.png,24.8,Male
64456.png,27.0,Male
64458.png,40.5,Male
64463.png,39.2,Male
64469.png,57.3,Male
64472.png,46.0,Male
64473.png,42.1,Male
64478.png,13.9,Male
64482.png,61.4,Male
64486.png,3.4,Male
64488.png,30.7,Male
64491.png,40.0,Male
64493.png,71.3,Male
64494.png,9.5,Male
64499.png,22.7,Male
64506.png,37.9,Male
64511.png,5.2,Male
64512.png,28.7,Male
64517.png,26.5,Male
64528.png,74.0,Male
64532.png,65.4,Male
64536.png,22.2,Male
64542.png,61.2,Male
64547.png,37.7,Male
64549.png,27.8,Male
64553.png,7.0,Male
64563.png,21.9,Male
64566.png,32.2,Male
64569.png,35.9,Male
64571.png,42.0,Male
64572.png,48.1,Male
64574.png,57.3,Male
64576.png,10.6,Male
64580.png,58.8,Male
64587.png,28.0,Male
64592.png,46.7,Male
64595.png,23.1,Male
64597.png,27.8,Male
64598.png,29.2,Male
64613.png,9.8,Male
64615.png,60.3,Male
64616.png,66.6,Male
64617.png,29.8,Male
64618.png,69.2,Male
64619.png,57.0,Male
64625.png,64.1,Male
64626.png,28.9,Male
64629.png,55.7,Male
64631.png,2.0,Male
64634.png,38.4,Male
64638.png,14.1,Male
64648.png,12.8,Male
64651.png,4.6,Male
64652.png,7.9,Male
64656.png,6.2,Male
64660.png,20.8,Male
64662.png,52.4,Male
64664.png,20.6,Male
64665.png,22.5,Male
64668.png,28.7,Male
64673.png,7.5,Male
64677.png,44.2,Male
64679.png,49.3,Male
64681.png,50.1,Male
64682.png,1.4,Male
64686.png,54.2,Male
64688.png,42.5,Male
64691.png,41.8,Male
64694.png,13.5,Male
64699.png,5.0,Male
64711.png,26.3,Male
64713.png,28.3,Male
64722.png,21.4,Male
64724.png,8.8,Male
64725.png,7.1,Male
64737.png,20.1,Male
64738.png,8.5,Male
64739.png,39.6,Male
64740.png,25.7,Male
64748.png,33.3,Male
64751.png,31.8,Male
64752.png,1.6,Male
64762.png,14.3,Male
64763.png,21.2,Male
64764.png,33.9,Male
64769.png,55.5,Male
64771.png,9.6,Male
64775.png,59.5,Male
64776.png,34.0,Male
64779.png,29.6,Male
64781.png,30.7,Male
64788.png,15.0,Male
64789.png,2.6,Male
64794.png,50.1,Male
64796.png,47.5,Male
64797.png,44.9,Male
64798.png,52.7,Male
64799.png,20.1,Male
64803.png,34.3,Male
64811.png,19.1,Male
64814.png,19.0,Male
64816.png,56.9,Male
64819.png,45.8,Male
64828.png,9.1,Male
64833.png,33.6,Male
64835.png,70.5,Male
64840.png,10.8,Male
64843.png,35.8,Male
64847.png,40.1,Male
64852.png,20.6,Male
64853.png,30.0,Male
64858.png,30.1,Male
64861.png,2.4,Male
64865.png,4.2,Male
64866.png,24.8,Male
64867.png,2.6,Male
64868.png,38.7,Male
64871.png,68.2,Male
64876.png,53.8,Male
64877.png,1.2,Male
64883.png,25.1,Male
64884.png,23.5,Male
64886.png,51.1,Male
64887.png,16.5,Male
64901.png,35.0,Male
64903.png,23.3,Male
64904.png,58.2,Male
64905.png,25.1,Male
64907.png,33.7,Male
64915.png,33.6,Male
64916.png,34.8,Male
64918.png,27.5,Male
64919.png,56.4,Male
64920.png,16.6,Male
64921.png,22.9,Male
64922.png,34.7,Male
64923.png,6.9,Male
64927.png,50.1,Male
64930.png,26.1,Male
64937.png,50.9,Male
64940.png,26.2,Male
64942.png,5.9,Male
64947.png,39.9,Male
64955.png,39.2,Male
64958.png,47.7,Male
64961.png,38.0,Male
64962.png,64.5,Male
64970.png,40.6,Male
64972.png,50.6,Male
64973.png,27.1,Male
64978.png,41.7,Male
64983.png,23.1,Male
64985.png,32.3,Male
64987.png,54.4,Male
64990.png,37.3,Male
64994.png,51.6,Male
65002.png,33.5,Male
65004.png,21.2,Male
65006.png,46.7,Male
65008.png,32.7,Male
65012.png,46.5,Male
65019.png,56.6,Male
65028.png,33.5,Male
65030.png,26.7,Male
65031.png,18.1,Male
65034.png,18.9,Male
65035.png,58.2,Male
65036.png,7.5,Male
65038.png,32.1,Male
65039.png,31.9,Male
65054.png,9.2,Male
65056.png,9.4,Male
65058.png,37.0,Male
65061.png,45.5,Male
65062.png,30.1,Male
65063.png,48.9,Male
65064.png,32.9,Male
65065.png,30.9,Male
65066.png,14.1,Male
65070.png,19.3,Male
65072.png,52.8,Male
65084.png,57.3,Male
65085.png,31.5,Male
65089.png,63.9,Male
65095.png,72.7,Male
65097.png,23.2,Male
65099.png,51.7,Male
65100.png,47.9,Male
65106.png,32.2,Male
65107.png,37.1,Male
65121.png,10.3,Male
65127.png,22.4,Male
65130.png,49.8,Male
65135.png,36.6,Male
65136.png,35.3,Male
65147.png,57.9,Male
65149.png,33.3,Male
65156.png,35.0,Male
65160.png,39.3,Male
65161.png,37.8,Male
65168.png,21.8,Male
65171.png,27.8,Male
65172.png,31.7,Male
65178.png,15.2,Male
65179.png,25.3,Male
65185.png,3.6,Male
65188.png,70.8,Male
65191.png,53.2,Male
65193.png,30.5,Male
65198.png,23.2,Male
65205.png,47.7,Male
65208.png,33.6,Male
65210.png,25.2,Male
65211.png,20.0,Male
65213.png,22.2,Male
65214.png,35.4,Male
65215.png,14.2,Male
65223.png,27.9,Male
65225.png,35.9,Male
65228.png,44.3,Male
65230.png,24.1,Male
65231.png,21.5,Male
65234.png,30.1,Male
65235.png,18.6,Male
65239.png,35.5,Male
65241.png,11.9,Male
65242.png,30.4,Male
65248.png,48.0,Male
65251.png,28.6,Male
65252.png,66.7,Male
65260.png,20.1,Male
65264.png,17.8,Male
65269.png,2.4,Male
65274.png,4.7,Male
65277.png,25.9,Male
65278.png,77.0,Male
65281.png,32.7,Male
65288.png,73.3,Male
65289.png,29.4,Male
65291.png,27.2,Male
65294.png,43.8,Male
65300.png,72.4,Male
65302.png,22.4,Male
65308.png,29.5,Male
65311.png,12.7,Male
65323.png,38.4,Male
65325.png,11.2,Male
65327.png,42.2,Male
65332.png,37.1,Male
65333.png,31.7,Male
65338.png,16.8,Male
65350.png,17.2,Male
65353.png,36.7,Male
65358.png,49.3,Male
65359.png,24.6,Male
65361.png,54.0,Male
65367.png,12.1,Male
65369.png,33.5,Male
65373.png,35.1,Male
65374.png,7.6,Male
65377.png,28.0,Male
65382.png,44.4,Male
65388.png,26.6,Male
65390.png,53.2,Male
65392.png,12.7,Male
65393.png,33.9,Male
65395.png,4.9,Male
65401.png,18.4,Male
65404.png,53.5,Male
65409.png,21.7,Male
65410.png,4.2,Male
65417.png,62.7,Male
65419.png,36.5,Male
65422.png,8.7,Male
65431.png,36.9,Male
65432.png,38.1,Male
65433.png,40.0,Male
65435.png,5.0,Male
65437.png,69.5,Male
65439.png,57.6,Male
65444.png,28.4,Male
65454.png,24.3,Male
65459.png,35.7,Male
65461.png,45.9,Male
65463.png,55.4,Male
65470.png,26.8,Male
65471.png,30.1,Male
65480.png,40.5,Male
65481.png,46.1,Male
65482.png,40.7,Male
65483.png,36.4,Male
65484.png,42.1,Male
65491.png,24.8,Male
65494.png,8.1,Male
65496.png,25.6,Male
65500.png,25.4,Male
65509.png,28.2,Male
65511.png,19.6,Male
65513.png,30.0,Male
65514.png,43.0,Male
65517.png,43.9,Male
65518.png,26.2,Male
65521.png,21.0,Male
65525.png,42.9,Male
65529.png,4.6,Male
65531.png,9.9,Male
65535.png,10.6,Male
65536.png,44.0,Male
65541.png,11.7,Male
65542.png,57.4,Male
65543.png,43.2,Male
65546.png,8.0,Male
65561.png,36.1,Male
65562.png,23.2,Male
65564.png,40.5,Male
65568.png,16.2,Male
65570.png,51.9,Male
65578.png,64.1,Male
65585.png,33.8,Male
65592.png,36.5,Male
65593.png,31.4,Male
65594.png,64.1,Male
65596.png,24.4,Male
65597.png,49.5,Male
65598.png,26.6,Male
65601.png,40.6,Male
65602.png,35.9,Male
65612.png,49.9,Male
65614.png,6.3,Male
65619.png,25.4,Male
65620.png,59.7,Male
65621.png,21.5,Male
65622.png,58.2,Male
65625.png,26.3,Male
65627.png,48.6,Male
65639.png,6.5,Male
65640.png,29.2,Male
65647.png,44.1,Male
65648.png,67.8,Male
65655.png,44.1,Male
65661.png,18.9,Male
65663.png,25.9,Male
65664.png,10.6,Male
65673.png,32.3,Male
65677.png,15.4,Male
65678.png,26.3,Male
65679.png,5.0,Male
65683.png,30.6,Male
65691.png,49.1,Male
65697.png,53.1,Male
65699.png,40.0,Male
65700.png,26.3,Male
65715.png,37.2,Male
65717.png,34.3,Male
65721.png,27.2,Male
65726.png,57.2,Male
65732.png,47.7,Male
65735.png,67.0,Male
65740.png,11.1,Male
65745.png,42.3,Male
65748.png,19.9,Male
65761.png,56.4,Male
65762.png,26.3,Male
65765.png,39.9,Male
65767.png,4.3,Male
65769.png,10.3,Male
65771.png,32.3,Male
65773.png,38.7,Male
65774.png,39.8,Male
65776.png,42.4,Male
65779.png,37.9,Male
65781.png,37.5,Male
65797.png,13.0,Male
65799.png,40.5,Male
65802.png,35.1,Male
65803.png,36.7,Male
65806.png,17.3,Male
65807.png,29.0,Male
65809.png,74.8,Male
65811.png,36.6,Male
65820.png,23.4,Male
65821.png,29.6,Male
65823.png,60.5,Male
65824.png,22.4,Male
65826.png,32.2,Male
65828.png,54.6,Male
65835.png,71.0,Male
65836.png,29.3,Male
65838.png,26.0,Male
65840.png,33.0,Male
65841.png,28.0,Male
65842.png,38.1,Male
65844.png,4.4,Male
65847.png,24.2,Male
65848.png,59.6,Male
65849.png,31.6,Male
65850.png,3.4,Male
65860.png,47.3,Male
65866.png,36.9,Male
65867.png,29.7,Male
65873.png,47.9,Male
65875.png,38.2,Male
65878.png,22.5,Male
65881.png,25.8,Male
65883.png,32.1,Male
65888.png,61.3,Male
65898.png,45.6,Male
65900.png,60.1,Male
65901.png,16.8,Male
65902.png,75.4,Male
65907.png,17.0,Male
65909.png,31.7,Male
65911.png,66.4,Male
65916.png,32.0,Male
65921.png,3.5,Male
65934.png,4.9,Male
65937.png,9.7,Male
65942.png,34.5,Male
65946.png,68.3,Male
65947.png,18.3,Male
65948.png,33.3,Male
65949.png,26.0,Male
65951.png,59.3,Male
65956.png,45.6,Male
65960.png,37.2,Male
65962.png,21.7,Male
65967.png,35.8,Male
65972.png,12.6,Male
65973.png,35.2,Male
65976.png,31.3,Male
65979.png,9.2,Male
65980.png,36.8,Male
65984.png,7.4,Male
65987.png,26.9,Male
65989.png,52.7,Male
65991.png,7.8,Male
65994.png,46.6,Male
66003.png,2.2,Male
66005.png,63.0,Male
66010.png,44.7,Male
66014.png,27.1,Male
66021.png,45.5,Male
66022.png,30.8,Male
66027.png,56.2,Male
66029.png,12.9,Male
66036.png,37.0,Male
66039.png,61.2,Male
66043.png,30.1,Male
66044.png,24.1,Male
66046.png,47.8,Male
66047.png,46.5,Male
66053.png,40.8,Male
66056.png,46.0,Male
66062.png,39.8,Male
66069.png,17.6,Male
66074.png,6.1,Male
66077.png,39.8,Male
66082.png,12.9,Male
66083.png,26.3,Male
66085.png,46.5,Male
66086.png,51.4,Male
66088.png,39.0,Male
66093.png,58.1,Male
66098.png,64.2,Male
66107.png,14.3,Male
66112.png,29.0,Male
66115.png,8.1,Male
66117.png,24.3,Male
66120.png,41.5,Male
66123.png,40.0,Male
66127.png,28.0,Male
66131.png,34.4,Male
66132.png,50.8,Male
66137.png,44.2,Male
66143.png,52.4,Male
66144.png,29.5,Male
66150.png,22.7,Male
66151.png,57.6,Male
66155.png,25.9,Male
66160.png,9.3,Male
66162.png,16.5,Male
66164.png,47.1,Male
66167.png,26.5,Male
66176.png,57.5,Male
66179.png,12.5,Male
66188.png,38.1,Male
66194.png,33.5,Male
66207.png,51.6,Male
66209.png,28.3,Male
66211.png,60.1,Male
66216.png,43.3,Male
66219.png,57.1,Male
66222.png,11.6,Male
66227.png,30.9,Male
66229.png,57.5,Male
66237.png,42.8,Male
66244.png,30.4,Male
66247.png,46.7,Male
66248.png,59.0,Male
66249.png,22.6,Male
66252.png,18.2,Male
66255.png,34.1,Male
66260.png,37.1,Male
66263.png,60.2,Male
66265.png,4.4,Male
66268.png,29.4,Male
66269.png,34.3,Male
66275.png,42.9,Male
66277.png,65.8,Male
66278.png,58.0,Male
66287.png,24.8,Male
66294.png,31.9,Male
66295.png,12.0,Male
66296.png,58.2,Male
66301.png,35.2,Male
66303.png,30.1,Male
66307.png,45.1,Male
66308.png,28.4,Male
66311.png,29.2,Male
66314.png,36.4,Male
66315.png,26.9,Male
66316.png,60.5,Male
66317.png,10.2,Male
66321.png,16.5,Male
66326.png,28.0,Male
66330.png,64.2,Male
66333.png,3.1,Male
66338.png,59.6,Male
66341.png,28.2,Male
66352.png,65.1,Male
66353.png,28.7,Male
66361.png,42.5,Male
66366.png,37.2,Male
66368.png,20.0,Male
66377.png,30.9,Male
66380.png,13.8,Male
66385.png,29.2,Male
66396.png,19.5,Male
66400.png,33.1,Male
66402.png,55.9,Male
66408.png,6.8,Male
66412.png,35.3,Male
66414.png,33.7,Male
66416.png,50.6,Male
66417.png,41.5,Male
66426.png,44.8,Male
66433.png,30.5,Male
66441.png,52.5,Male
66444.png,22.2,Male
66445.png,19.3,Male
66448.png,36.6,Male
66449.png,29.3,Male
66450.png,39.2,Male
66452.png,56.2,Male
66461.png,59.8,Male
66462.png,19.3,Male
66467.png,26.8,Male
66468.png,57.4,Male
66469.png,26.9,Male
66470.png,47.6,Male
66472.png,41.5,Male
66476.png,39.1,Male
66483.png,40.3,Male
66487.png,26.0,Male
66489.png,12.6,Male
66491.png,27.0,Male
66493.png,46.9,Male
66494.png,65.5,Male
66496.png,54.3,Male
66497.png,50.4,Male
66500.png,38.1,Male
66505.png,35.1,Male
66507.png,56.1,Male
66508.png,62.2,Male
66509.png,38.2,Male
66512.png,34.8,Male
66517.png,64.6,Male
66518.png,22.8,Male
66520.png,46.4,Male
66523.png,47.1,Male
66524.png,39.4,Male
66526.png,43.7,Male
66527.png,9.6,Male
66530.png,26.9,Male
66532.png,27.6,Male
66535.png,39.6,Male
66536.png,9.8,Male
66537.png,47.2,Male
66540.png,75.9,Male
66542.png,56.2,Male
66543.png,26.4,Male
66550.png,38.8,Male
66561.png,24.1,Male
66562.png,60.3,Male
66573.png,53.2,Male
66574.png,81.6,Male
66577.png,33.0,Male
66578.png,42.5,Male
66590.png,45.9,Male
66592.png,21.4,Male
66595.png,24.3,Male
66597.png,53.2,Male
66608.png,30.1,Male
66613.png,5.3,Male
66614.png,21.3,Male
66616.png,34.5,Male
66619.png,6.0,Male
66628.png,64.5,Male
66629.png,23.0,Male
66631.png,49.0,Male
66632.png,26.7,Male
66633.png,6.8,Male
66639.png,33.9,Male
66648.png,56.7,Male
66652.png,48.2,Male
66655.png,34.0,Male
66659.png,23.9,Male
66662.png,34.5,Male
66665.png,58.5,Male
66666.png,50.4,Male
66672.png,28.7,Male
66674.png,46.3,Male
66675.png,21.9,Male
66676.png,27.3,Male
66678.png,15.4,Male
66680.png,61.1,Male
66681.png,44.7,Male
66682.png,55.1,Male
66683.png,62.6,Male
66688.png,26.9,Male
66692.png,22.7,Male
66694.png,29.7,Male
66698.png,36.4,Male
66699.png,48.4,Male
66700.png,32.3,Male
66702.png,38.5,Male
66711.png,37.5,Male
66719.png,32.5,Male
66721.png,9.3,Male
66723.png,27.3,Male
66724.png,45.7,Male
66725.png,64.9,Male
66728.png,43.2,Male
66730.png,41.3,Male
66731.png,7.8,Male
66734.png,35.1,Male
66735.png,0.4,Male
66736.png,11.2,Male
66741.png,37.0,Male
66752.png,56.4,Male
66757.png,43.3,Male
66764.png,36.9,Male
66766.png,42.6,Male
66768.png,67.5,Male
66770.png,60.9,Male
66773.png,57.5,Male
66782.png,25.7,Male
66784.png,21.7,Male
66787.png,4.6,Male
66795.png,66.8,Male
66801.png,32.0,Male
66805.png,7.0,Male
66807.png,57.1,Male
66809.png,21.4,Male
66813.png,11.5,Male
66828.png,38.0,Male
66829.png,23.5,Male
66837.png,19.3,Male
66840.png,54.7,Male
66849.png,23.8,Male
66872.png,12.4,Male
66874.png,64.4,Male
66879.png,29.5,Male
66880.png,42.6,Male
66881.png,65.7,Male
66889.png,25.2,Male
66890.png,46.2,Male
66895.png,30.7,Male
66900.png,29.1,Male
66902.png,29.9,Male
66903.png,35.3,Male
66904.png,4.5,Male
66910.png,42.4,Male
66911.png,37.1,Male
66918.png,39.2,Male
66924.png,3.5,Male
66930.png,28.0,Male
66932.png,56.2,Male
66935.png,50.5,Male
66944.png,34.3,Male
66948.png,21.3,Male
66949.png,37.4,Male
66951.png,75.3,Male
66952.png,6.0,Male
66954.png,8.6,Male
66962.png,36.4,Male
66964.png,40.0,Male
66965.png,35.6,Male
66967.png,33.2,Male
66968.png,27.1,Male
66972.png,21.7,Male
66978.png,45.8,Male
66981.png,3.4,Male
66982.png,51.2,Male
66983.png,56.2,Male
66988.png,20.5,Male
66990.png,35.3,Male
66993.png,33.8,Male
66995.png,24.7,Male
67000.png,8.8,Male
67009.png,25.4,Male
67013.png,28.4,Male
67017.png,36.7,Male
67021.png,1.8,Male
67024.png,53.4,Male
67025.png,18.7,Male
67027.png,40.0,Male
67032.png,45.2,Male
67033.png,28.4,Male
67035.png,24.7,Male
67036.png,30.1,Male
67045.png,26.6,Male
67048.png,23.3,Male
67050.png,15.5,Male
67051.png,11.3,Male
67054.png,8.0,Male
67056.png,44.3,Male
67065.png,45.6,Male
67067.png,63.9,Male
67069.png,16.7,Male
67070.png,11.2,Male
67073.png,4.9,Male
67075.png,17.8,Male
67081.png,24.5,Male
67083.png,60.0,Male
67090.png,62.3,Male
67093.png,48.1,Male
67095.png,36.6,Male
67104.png,34.8,Male
67106.png,35.1,Male
67127.png,48.2,Male
67135.png,3.5,Male
67138.png,32.9,Male
67143.png,3.8,Male
67147.png,35.3,Male
67149.png,55.1,Male
67154.png,45.8,Male
67155.png,34.6,Male
67158.png,26.9,Male
67163.png,29.4,Male
67166.png,8.2,Male
67171.png,22.4,Male
67173.png,23.1,Male
67174.png,75.9,Male
67177.png,44.1,Male
67181.png,47.7,Male
67182.png,23.9,Male
67185.png,26.7,Male
67191.png,58.9,Male
67193.png,53.8,Male
67194.png,27.6,Male
67195.png,44.3,Male
67199.png,5.6,Male
67211.png,38.7,Male
67212.png,27.4,Male
67213.png,51.7,Male
67215.png,30.6,Male
67219.png,59.3,Male
67234.png,16.4,Male
67237.png,29.9,Male
67245.png,47.4,Male
67251.png,28.4,Male
67256.png,21.7,Male
67258.png,32.5,Male
67263.png,27.1,Male
67264.png,31.1,Male
67271.png,51.1,Male
67272.png,11.2,Male
67275.png,29.8,Male
67276.png,39.4,Male
67277.png,37.3,Male
67278.png,32.4,Male
67284.png,37.9,Male
67286.png,26.1,Male
67290.png,49.4,Male
67291.png,51.0,Male
67294.png,25.7,Male
67295.png,60.4,Male
67300.png,41.0,Male
67302.png,25.1,Male
67303.png,6.4,Male
67305.png,42.4,Male
67307.png,19.5,Male
67314.png,42.8,Male
67329.png,4.1,Male
67330.png,1.9,Male
67331.png,35.6,Male
67337.png,7.5,Male
67344.png,61.2,Male
67350.png,24.9,Male
67353.png,31.0,Male
67357.png,44.4,Male
67359.png,39.6,Male
67361.png,31.6,Male
67367.png,30.5,Male
67376.png,73.0,Male
67378.png,39.0,Male
67388.png,64.0,Male
67391.png,48.2,Male
67394.png,62.2,Male
67395.png,4.1,Male
67397.png,35.8,Male
67403.png,21.5,Male
67404.png,65.4,Male
67410.png,73.7,Male
67411.png,16.7,Male
67412.png,16.3,Male
67414.png,59.3,Male
67419.png,4.5,Male
67425.png,18.8,Male
67427.png,27.7,Male
67435.png,57.3,Male
67441.png,32.7,Male
67449.png,66.7,Male
67458.png,7.9,Male
67460.png,54.9,Male
67461.png,30.4,Male
67463.png,69.3,Male
67466.png,46.3,Male
67467.png,32.2,Male
67470.png,48.6,Male
67471.png,25.6,Male
67487.png,71.0,Male
67488.png,13.2,Male
67489.png,33.4,Male
67490.png,49.3,Male
67499.png,24.0,Male
67503.png,50.3,Male
67506.png,27.2,Male
67508.png,28.1,Male
67537.png,12.9,Male
67538.png,27.1,Male
67541.png,32.3,Male
67543.png,29.9,Male
67550.png,26.6,Male
67551.png,1.9,Male
67552.png,58.7,Male
67559.png,22.0,Male
67561.png,35.8,Male
67568.png,60.8,Male
67571.png,45.1,Male
67576.png,37.3,Male
67582.png,38.4,Male
67585.png,1.0,Male
67589.png,26.3,Male
67596.png,22.1,Male
67603.png,15.1,Male
67605.png,36.6,Male
67608.png,40.7,Male
67610.png,24.9,Male
67618.png,42.6,Male
67621.png,33.4,Male
67632.png,53.8,Male
67648.png,50.7,Male
67649.png,59.2,Male
67652.png,57.3,Male
67653.png,32.1,Male
67658.png,46.3,Male
67662.png,39.6,Male
67667.png,59.8,Male
67668.png,42.6,Male
67669.png,23.8,Male
67672.png,5.4,Male
67673.png,58.1,Male
67677.png,51.3,Male
67679.png,43.3,Male
67681.png,9.8,Male
67692.png,44.1,Male
67694.png,41.2,Male
67696.png,1.3,Male
67698.png,51.1,Male
67699.png,11.3,Male
67708.png,69.6,Male
67709.png,4.1,Male
67713.png,50.3,Male
67715.png,24.3,Male
67717.png,64.3,Male
67720.png,57.1,Male
67725.png,38.1,Male
67726.png,31.1,Male
67729.png,46.0,Male
67733.png,37.6,Male
67740.png,47.8,Male
67744.png,29.1,Male
67746.png,33.7,Male
67751.png,27.3,Male
67755.png,51.8,Male
67757.png,27.2,Male
67760.png,35.1,Male
67763.png,43.4,Male
67765.png,35.7,Male
67767.png,35.0,Male
67768.png,36.5,Male
67773.png,61.7,Male
67774.png,55.1,Male
67786.png,21.7,Male
67792.png,42.0,Male
67793.png,50.9,Male
67796.png,37.2,Male
67797.png,11.7,Male
67800.png,11.0,Male
67802.png,37.1,Male
67809.png,52.8,Male
67811.png,33.6,Male
67819.png,24.8,Male
67829.png,34.5,Male
67833.png,10.9,Male
67839.png,12.6,Male
67840.png,23.8,Male
67844.png,28.2,Male
67852.png,12.9,Male
67853.png,27.4,Male
67861.png,28.3,Male
67862.png,29.1,Male
67863.png,32.9,Male
67865.png,29.7,Male
67873.png,24.2,Male
67880.png,24.0,Male
67889.png,18.4,Male
67894.png,48.9,Male
67896.png,34.7,Male
67901.png,7.7,Male
67908.png,38.3,Male
67915.png,24.9,Male
67917.png,71.8,Male
67922.png,50.0,Male
67924.png,31.6,Male
67931.png,25.8,Male
67933.png,37.7,Male
67936.png,40.3,Male
67952.png,2.0,Male
67959.png,21.6,Male
67964.png,40.7,Male
67965.png,5.0,Male
67969.png,58.7,Male
67970.png,59.5,Male
67972.png,42.0,Male
67973.png,30.5,Male
67976.png,9.5,Male
67977.png,75.7,Male
67980.png,29.3,Male
67984.png,40.6,Male
67987.png,22.2,Male
67993.png,46.1,Male
67995.png,52.6,Male
67999.png,53.7,Male
68002.png,35.5,Male
68008.png,39.8,Male
68012.png,45.3,Male
68013.png,37.8,Male
68014.png,39.7,Male
68017.png,62.3,Male
68019.png,33.3,Male
68021.png,18.6,Male
68022.png,39.1,Male
68024.png,36.5,Male
68025.png,28.7,Male
68035.png,39.3,Male
68039.png,15.5,Male
68044.png,29.1,Male
68045.png,38.8,Male
68062.png,39.6,Male
68066.png,38.0,Male
68069.png,51.3,Male
68070.png,1.8,Male
68076.png,33.2,Male
68082.png,35.8,Male
68084.png,57.7,Male
68087.png,23.1,Male
68089.png,36.3,Male
68100.png,30.1,Male
68103.png,37.5,Male
68107.png,59.6,Male
68112.png,59.2,Male
68113.png,29.8,Male
68114.png,48.5,Male
68115.png,46.6,Male
68116.png,36.0,Male
68118.png,43.8,Male
68121.png,64.7,Male
68124.png,42.5,Male
68125.png,27.7,Male
68126.png,28.9,Male
68128.png,59.5,Male
68132.png,72.0,Male
68134.png,39.9,Male
68136.png,43.3,Male
68144.png,24.4,Male
68146.png,52.0,Male
68149.png,54.4,Male
68150.png,26.5,Male
68151.png,16.7,Male
68156.png,59.3,Male
68157.png,6.0,Male
68162.png,34.8,Male
68163.png,28.5,Male
68164.png,27.4,Male
68167.png,10.5,Male
68168.png,4.6,Male
68172.png,36.9,Male
68179.png,54.1,Male
68184.png,54.5,Male
68191.png,31.6,Male
68195.png,9.5,Male
68197.png,48.6,Male
68198.png,58.4,Male
68201.png,55.4,Male
68202.png,40.0,Male
68214.png,28.1,Male
68219.png,53.6,Male
68224.png,1.2,Male
68233.png,30.5,Male
68234.png,29.9,Male
68235.png,28.3,Male
68236.png,21.6,Male
68238.png,31.0,Male
68241.png,49.9,Male
68242.png,8.7,Male
68244.png,55.4,Male
68247.png,21.9,Male
68248.png,19.5,Male
68251.png,33.3,Male
68259.png,57.5,Male
68271.png,1.4,Male
68274.png,26.7,Male
68278.png,23.5,Male
68280.png,54.1,Male
68287.png,42.9,Male
68289.png,34.1,Male
68291.png,35.2,Male
68298.png,29.3,Male
68300.png,37.7,Male
68302.png,44.8,Male
68303.png,40.6,Male
68306.png,40.3,Male
68310.png,2.6,Male
68319.png,1.3,Male
68321.png,18.5,Male
68322.png,48.0,Male
68327.png,18.7,Male
68332.png,3.5,Male
68337.png,18.1,Male
68347.png,36.6,Male
68349.png,27.8,Male
68350.png,9.7,Male
68354.png,38.3,Male
68359.png,27.3,Male
68376.png,71.5,Male
68383.png,64.8,Male
68386.png,1.1,Male
68387.png,27.5,Male
68388.png,38.3,Male
68389.png,68.7,Male
68390.png,39.7,Male
68391.png,33.8,Male
68394.png,30.3,Male
68406.png,23.4,Male
68409.png,11.4,Male
68412.png,41.6,Male
68414.png,28.9,Male
68416.png,38.7,Male
68417.png,32.3,Male
68422.png,27.1,Male
68423.png,52.4,Male
68425.png,47.9,Male
68428.png,29.1,Male
68430.png,44.0,Male
68440.png,43.8,Male
68447.png,34.4,Male
68448.png,43.4,Male
68452.png,31.1,Male
68454.png,5.9,Male
68461.png,33.6,Male
68463.png,49.5,Male
68464.png,33.3,Male
68468.png,38.1,Male
68470.png,51.4,Male
68482.png,29.2,Male
68490.png,30.4,Male
68491.png,48.8,Male
68492.png,42.2,Male
68493.png,81.1,Male
68494.png,42.1,Male
68495.png,70.3,Male
68496.png,32.9,Male
68504.png,51.0,Male
68506.png,8.9,Male
68508.png,14.5,Male
68512.png,31.5,Male
68513.png,44.2,Male
68515.png,5.1,Male
68516.png,55.9,Male
68517.png,12.4,Male
68519.png,60.6,Male
68521.png,71.8,Male
68522.png,29.1,Male
68523.png,14.7,Male
68529.png,80.0,Male
68534.png,1.1,Male
68543.png,23.5,Male
68547.png,4.3,Male
68549.png,35.7,Male
68551.png,60.8,Male
68556.png,47.2,Male
68560.png,19.7,Male
68561.png,22.6,Male
68562.png,35.1,Male
68564.png,3.5,Male
68566.png,1.3,Male
68569.png,30.3,Male
68572.png,53.7,Male
68575.png,55.7,Male
68576.png,22.3,Male
68579.png,26.1,Male
68583.png,24.0,Male
68584.png,37.3,Male
68585.png,21.7,Male
68588.png,38.5,Male
68592.png,27.2,Male
68594.png,30.3,Male
68597.png,68.7,Male
68599.png,30.6,Male
68601.png,50.4,Male
68603.png,69.1,Male
68610.png,31.2,Male
68612.png,28.2,Male
68614.png,5.9,Male
68616.png,24.5,Male
68618.png,19.1,Male
68623.png,22.6,Male
68627.png,60.4,Male
68632.png,62.7,Male
68645.png,24.8,Male
68650.png,38.1,Male
68652.png,26.7,Male
68656.png,60.8,Male
68657.png,65.0,Male
68662.png,45.2,Male
68664.png,48.7,Male
68666.png,66.7,Male
68673.png,45.8,Male
68674.png,54.4,Male
68676.png,59.0,Male
68679.png,58.3,Male
68684.png,30.9,Male
68690.png,31.7,Male
68692.png,49.5,Male
68697.png,65.3,Male
68712.png,69.9,Male
68713.png,22.6,Male
68714.png,25.9,Male
68718.png,58.0,Male
68719.png,13.1,Male
68723.png,42.8,Male
68731.png,37.5,Male
68732.png,61.0,Male
68733.png,21.8,Male
68736.png,45.7,Male
68738.png,22.2,Male
68740.png,2.8,Male
68742.png,8.4,Male
68743.png,33.1,Male
68746.png,32.2,Male
68749.png,2.9,Male
68750.png,35.9,Male
68755.png,55.2,Male
68758.png,16.8,Male
68762.png,20.2,Male
68765.png,24.9,Male
68766.png,53.0,Male
68770.png,32.5,Male
68775.png,33.6,Male
68783.png,38.8,Male
68785.png,72.9,Male
68786.png,44.2,Male
68788.png,23.3,Male
68790.png,37.2,Male
68799.png,45.7,Male
68806.png,79.3,Male
68807.png,29.8,Male
68809.png,63.0,Male
68818.png,26.0,Male
68819.png,41.3,Male
68820.png,27.9,Male
68822.png,49.6,Male
68825.png,68.7,Male
68829.png,35.7,Male
68835.png,41.7,Male
68837.png,6.2,Male
68838.png,24.3,Male
68839.png,31.4,Male
68843.png,33.8,Male
68846.png,37.0,Male
68847.png,57.0,Male
68848.png,27.7,Male
68852.png,1.2,Male
68864.png,63.2,Male
68869.png,27.8,Male
68875.png,38.7,Male
68879.png,9.3,Male
68880.png,22.8,Male
68888.png,43.3,Male
68898.png,50.6,Male
68903.png,40.9,Male
68907.png,47.0,Male
68909.png,52.7,Male
68919.png,35.9,Male
68920.png,17.9,Male
68921.png,50.8,Male
68922.png,10.3,Male
68925.png,42.7,Male
68937.png,58.1,Male
68938.png,66.5,Male
68944.png,9.3,Male
68945.png,34.0,Male
68951.png,30.1,Male
68955.png,4.1,Male
68969.png,3.8,Male
68971.png,58.3,Male
68977.png,48.0,Male
68982.png,62.9,Male
68990.png,32.9,Male
68995.png,25.7,Male
68997.png,59.4,Male
69000.png,26.9,Male
69002.png,61.7,Male
69003.png,29.3,Male
69006.png,12.0,Male
69013.png,33.3,Male
69016.png,40.1,Male
69017.png,48.9,Male
69018.png,2.9,Male
69019.png,36.8,Male
69026.png,4.8,Male
69033.png,31.4,Male
69036.png,6.0,Male
69041.png,19.4,Male
69045.png,54.7,Male
69046.png,54.2,Male
69048.png,13.1,Male
69054.png,8.1,Male
69062.png,47.9,Male
69065.png,48.7,Male
69066.png,36.5,Male
69067.png,7.1,Male
69070.png,13.2,Male
69074.png,23.3,Male
69081.png,43.2,Male
69102.png,31.7,Male
69109.png,23.0,Male
69111.png,53.0,Male
69113.png,3.9,Male
69119.png,11.5,Male
69125.png,6.1,Male
69133.png,9.4,Male
69135.png,31.4,Male
69142.png,28.3,Male
69147.png,17.5,Male
69152.png,62.6,Male
69159.png,50.1,Male
69163.png,36.0,Male
69165.png,38.5,Male
69167.png,46.7,Male
69168.png,41.7,Male
69174.png,25.0,Male
69176.png,54.7,Male
69177.png,31.9,Male
69178.png,14.3,Male
69181.png,30.4,Male
69185.png,8.7,Male
69190.png,52.5,Male
69191.png,30.2,Male
69193.png,46.3,Male
69200.png,4.8,Male
69216.png,22.6,Male
69220.png,27.8,Male
69222.png,11.5,Male
69226.png,22.5,Male
69227.png,78.3,Male
69228.png,19.6,Male
69236.png,20.9,Male
69243.png,24.3,Male
69246.png,4.4,Male
69248.png,2.7,Male
69252.png,73.3,Male
69258.png,71.6,Male
69269.png,7.3,Male
69272.png,22.5,Male
69275.png,33.1,Male
69278.png,41.5,Male
69281.png,39.3,Male
69285.png,29.4,Male
69296.png,27.7,Male
69302.png,1.5,Male
69305.png,26.2,Male
69306.png,36.9,Male
69313.png,41.9,Male
69315.png,23.3,Male
69316.png,34.5,Male
69319.png,33.2,Male
69320.png,37.9,Male
69323.png,55.7,Male
69327.png,0.9,Male
69329.png,69.4,Male
69330.png,72.3,Male
69331.png,37.6,Male
69337.png,21.3,Male
69338.png,12.3,Male
69339.png,49.9,Male
69341.png,34.8,Male
69348.png,26.0,Male
69349.png,16.3,Male
69352.png,28.1,Male
69355.png,31.4,Male
69357.png,62.7,Male
69361.png,59.1,Male
69364.png,32.0,Male
69367.png,31.7,Male
69374.png,37.1,Male
69375.png,39.3,Male
69377.png,61.2,Male
69380.png,45.5,Male
69388.png,72.0,Male
69391.png,52.6,Male
69393.png,32.7,Male
69397.png,47.6,Male
69410.png,69.1,Male
69414.png,37.2,Male
69417.png,48.6,Male
69419.png,4.6,Male
69420.png,32.2,Male
69422.png,36.1,Male
69434.png,36.5,Male
69438.png,30.7,Male
69443.png,57.5,Male
69444.png,31.9,Male
69446.png,27.9,Male
69448.png,54.5,Male
69453.png,9.6,Male
69457.png,20.6,Male
69459.png,23.3,Male
69460.png,67.0,Male
69467.png,8.5,Male
69472.png,61.7,Male
69478.png,56.7,Male
69479.png,19.9,Male
69482.png,56.9,Male
69489.png,23.8,Male
69494.png,60.5,Male
69501.png,38.4,Male
69514.png,27.9,Male
69515.png,81.0,Male
69518.png,56.5,Male
69520.png,29.6,Male
69521.png,57.6,Male
69522.png,28.3,Male
69523.png,76.0,Male
69526.png,7.7,Male
69528.png,34.6,Male
69531.png,47.8,Male
69533.png,34.1,Male
69534.png,10.7,Male
69536.png,55.5,Male
69540.png,28.1,Male
69541.png,37.6,Male
69545.png,46.4,Male
69547.png,52.4,Male
69550.png,41.3,Male
69558.png,32.0,Male
69559.png,32.4,Male
69565.png,24.7,Male
69575.png,6.5,Male
69576.png,29.5,Male
69578.png,59.3,Male
69579.png,19.1,Male
69581.png,20.2,Male
69582.png,46.3,Male
69583.png,9.4,Male
69584.png,31.3,Male
69586.png,20.1,Male
69588.png,4.7,Male
69590.png,55.9,Male
69593.png,2.9,Male
69594.png,36.7,Male
69602.png,45.8,Male
69603.png,18.9,Male
69604.png,30.9,Male
69605.png,24.5,Male
69606.png,59.8,Male
69607.png,58.5,Male
69614.png,61.4,Male
69615.png,66.2,Male
69616.png,63.8,Male
69617.png,32.7,Male
69621.png,44.9,Male
69624.png,49.0,Male
69632.png,39.0,Male
69634.png,70.1,Male
69637.png,48.0,Male
69655.png,58.5,Male
69660.png,31.3,Male
69667.png,58.0,Male
69672.png,36.4,Male
69674.png,29.5,Male
69681.png,31.6,Male
69685.png,36.8,Male
69688.png,42.3,Male
69689.png,66.3,Male
69692.png,23.7,Male
69695.png,8.1,Male
69699.png,4.1,Male
69707.png,7.5,Male
69711.png,18.0,Male
69716.png,32.0,Male
69717.png,2.3,Male
69720.png,20.3,Male
69721.png,8.6,Male
69722.png,39.0,Male
69727.png,3.0,Male
69742.png,46.4,Male
69747.png,31.7,Male
69748.png,19.9,Male
69755.png,3.4,Male
69756.png,49.9,Male
69758.png,11.6,Male
69761.png,4.5,Male
69765.png,30.9,Male
69766.png,2.1,Male
69767.png,38.6,Male
69768.png,39.3,Male
69769.png,40.6,Male
69770.png,56.8,Male
69774.png,54.8,Male
69776.png,19.0,Male
69778.png,29.7,Male
69783.png,32.7,Male
69784.png,24.4,Male
69791.png,22.9,Male
69792.png,8.8,Male
69794.png,50.7,Male
69796.png,14.8,Male
69797.png,53.1,Male
69798.png,35.8,Male
69803.png,56.4,Male
69806.png,38.5,Male
69807.png,30.0,Male
69813.png,54.6,Male
69817.png,65.4,Male
69822.png,67.9,Male
69824.png,31.2,Male
69827.png,59.3,Male
69828.png,34.1,Male
69833.png,30.3,Male
69838.png,37.3,Male
69841.png,59.8,Male
69842.png,4.3,Male
69853.png,36.0,Male
69856.png,57.5,Male
69865.png,27.7,Male
69866.png,69.7,Male
69867.png,35.3,Male
69878.png,18.3,Male
69881.png,23.5,Male
69884.png,51.2,Male
69887.png,29.0,Male
69888.png,34.7,Male
69889.png,62.3,Male
69892.png,3.2,Male
69898.png,57.2,Male
69899.png,19.9,Male
69914.png,24.9,Male
69916.png,43.9,Male
69919.png,19.2,Male
69922.png,13.3,Male
69924.png,2.9,Male
69931.png,50.7,Male
69932.png,51.7,Male
69934.png,27.1,Male
69935.png,21.5,Male
69936.png,36.0,Male
69942.png,28.2,Male
69944.png,60.6,Male
69945.png,8.1,Male
69946.png,41.5,Male
69947.png,43.6,Male
69948.png,2.6,Male
69951.png,62.1,Male
69953.png,32.1,Male
69962.png,64.8,Male
69963.png,37.6,Male
69964.png,36.4,Male
69966.png,22.1,Male
69968.png,44.7,Male
69974.png,23.1,Male
69978.png,51.2,Male
69979.png,57.7,Male
69984.png,55.6,Male
69985.png,46.7,Male
69986.png,40.7,Male
69990.png,42.5,Male
69993.png,39.4,Male
